timestamp,buy_and_hold_equity,buy_and_hold_drawdown,fixed_50_equity,fixed_50_drawdown,momentum_30_equity,momentum_30_drawdown,momentum_60_equity,momentum_60_drawdown,momentum_90_equity,momentum_90_drawdown,momentum_180_equity,momentum_180_drawdown,momentum_270_equity,momentum_270_drawdown,ma_50_200_equity,ma_50_200_drawdown,vol_target_14_equity,vol_target_14_drawdown,vol_target_30_equity,vol_target_30_drawdown,hmm_3_state_walkforward_equity,hmm_3_state_walkforward_drawdown
2020-05-14 00:00:00+00:00,1.0493413168667696,0.0,1.024670658433385,0.0,1.0,0.0,1.0,0.0,1.0,0.0,1.0,0.0,1.0,0.0,1.0,0.0,1.0,0.0,1.0,0.0,1.0,0.0
2020-05-15 00:00:00+00:00,0.9983787172036616,-0.0485662756664125,0.9997884396010044,-0.0242831378332063,1.0,0.0,1.0,0.0,1.0,0.0,1.0,0.0,1.0,0.0,1.0,0.0,1.0,0.0,1.0,0.0,1.0,0.0
2020-05-16 00:00:00+00:00,1.005328260033489,-0.0419435088715455,1.003268117433698,-0.0208872390592398,1.0,0.0,1.0,0.0,1.0,0.0,1.0,0.0,1.0,0.0,1.0,0.0,1.0,0.0,1.0,0.0,1.0,0.0
2020-05-17 00:00:00+00:00,1.0373454521887309,-0.0114318043950248,1.0192439083151918,-0.0052960920404315,1.0,0.0,1.0,0.0,1.0,0.0,1.0,0.0,1.0,0.0,1.0,0.0,1.0,0.0,1.0,0.0,1.0,0.0
2020-05-18 00:00:00+00:00,1.0431204847731468,-0.0059283209320276,1.0220810378218417,-0.0025272711677938,1.0,0.0,1.0,0.0,1.0,0.0,1.0,0.0,1.0,0.0,1.0,0.0,1.0,0.0,1.0,0.0,1.0,0.0
2020-05-19 00:00:00+00:00,1.047578479865218,-0.0016799462417198,1.0242650771139563,-0.0003958162713941,1.0,0.0,1.0,0.0,1.0,0.0,1.0,0.0,1.0,0.0,1.0,0.0,1.0,0.0,1.0,0.0,1.0,0.0
2020-05-20 00:00:00+00:00,1.0192766408311806,-0.0286509980616784,1.0104290801467437,-0.0138986884902265,1.0,0.0,1.0,0.0,1.0,0.0,1.0,0.0,1.0,0.0,1.0,0.0,1.0,0.0,1.0,0.0,1.0,0.0
2020-05-21 00:00:00+00:00,0.9718268555699496,-0.0738696361716421,0.9869101251574636,-0.0368513853355115,1.0,0.0,1.0,0.0,1.0,0.0,1.0,0.0,1.0,0.0,1.0,0.0,1.0,0.0,1.0,0.0,1.0,0.0
2020-05-22 00:00:00+00:00,0.9826878604396948,-0.0635193290835964,0.9924249118779076,-0.0314693763211464,1.0,0.0,1.0,0.0,1.0,0.0,1.0,0.0,1.0,0.0,1.0,0.0,1.0,0.0,1.0,0.0,1.0,0.0
2020-05-23 00:00:00+00:00,0.9836684050332632,-0.062584890900512,0.9929200420820342,-0.0309861672040984,1.0,0.0,1.0,0.0,1.0,0.0,1.0,0.0,1.0,0.0,1.0,0.0,1.0,0.0,1.0,0.0,1.0,0.0
2020-05-24 00:00:00+00:00,0.9345007913747752,-0.109440583007726,0.9681050186589693,-0.0552037274697594,1.0,0.0,1.0,0.0,1.0,0.0,1.0,0.0,1.0,0.0,1.0,0.0,1.0,0.0,1.0,0.0,1.0,0.0
2020-05-25 00:00:00+00:00,0.9537912648489028,-0.0910571712769015,0.97809709376205,-0.0454522282725855,1.0,0.0,1.0,0.0,1.0,0.0,1.0,0.0,1.0,0.0,1.0,0.0,1.0,0.0,1.0,0.0,1.0,0.0
2020-05-26 00:00:00+00:00,0.9474504098104932,-0.0970998715275147,0.9748458730214103,-0.0486251704407649,1.0,0.0,1.0,0.0,1.0,0.0,1.0,0.0,1.0,0.0,1.0,0.0,1.0,0.0,1.0,0.0,1.0,0.0
2020-05-27 00:00:00+00:00,0.9863389155547636,-0.0600399510619907,0.9948523551233888,-0.029100377828311,1.0,0.0,1.0,0.0,1.0,0.0,1.0,0.0,1.0,0.0,1.0,0.0,1.0,0.0,1.0,0.0,1.0,0.0
2020-05-28 00:00:00+00:00,1.0261843899570198,-0.022068059779533,1.0149470525062847,-0.0094894938652447,1.0,0.0,1.0,0.0,1.0,0.0,1.0,0.0,1.0,0.0,1.0,0.0,1.0304049176783754,0.0,1.0,0.0,1.0,0.0
2020-05-29 00:00:00+00:00,1.01023634116851,-0.0372662117365426,1.0070603484843097,-0.0171863123083855,1.0,0.0,1.0,0.0,1.0,0.0,1.0,0.0,1.0,0.0,1.0,0.0,1.0169433225062765,-0.0130643739574046,1.0,0.0,1.0,0.0
2020-05-30 00:00:00+00:00,1.0392401001028615,-0.0096262451516435,1.0215166367752246,-0.0030780833160405,1.0,0.0,1.0,0.0,1.0,0.0,1.0,0.0,1.0,0.0,1.0,0.0,1.0434491033795323,0.0,1.0,0.0,1.0,0.0
2020-05-31 00:00:00+00:00,1.0125082040519693,-0.0351011746347512,1.008378635005552,-0.0158997657381361,1.0,0.0,1.0,0.0,1.0,0.0,1.0,0.0,1.0,0.0,1.0,0.0,1.0195809414037356,-0.0228742943939406,1.0,0.0,1.0,0.0
2020-06-01 00:00:00+00:00,1.0931486200804177,0.0,1.0485343948876087,0.0,1.0,0.0,1.0,0.0,1.0,0.0,1.0,0.0,1.0,0.0,1.0,0.0,1.092413944542033,0.0,1.0,0.0,1.0,0.0
2020-06-02 00:00:00+00:00,1.0199849905321086,-0.0669292612224371,1.013445578679537,-0.0334646306112185,1.0,0.0,1.0,0.0,1.0,0.0,1.0,0.0,1.0,0.0,1.0,0.0,1.0392898747882875,-0.0486299813538324,1.0,0.0,1.0,0.0
2020-06-03 00:00:00+00:00,1.0358665980476116,-0.0524009462030806,1.0213354717016463,-0.0259399437143669,1.0,0.0,1.0,0.0,1.0,0.0,1.0,0.0,1.0,0.0,1.0,0.0,1.0494105802293665,-0.0393654479856487,1.0,0.0,1.0,0.0
2020-06-04 00:00:00+00:00,1.0490283999035772,-0.0403606786546504,1.0278240558167933,-0.0197517021585499,1.0,0.0,1.0,0.0,1.0,0.0,1.0,0.0,1.0,0.0,1.0,0.0,1.0580073528026537,-0.0314959287285585,1.0,0.0,1.0,0.0
2020-06-05 00:00:00+00:00,1.031035674519954,-0.0568202204343395,1.019009539460185,-0.0281582135706558,1.0,0.0,1.0,0.0,1.0,0.0,1.0,0.0,1.0,0.0,1.0,0.0,1.0454215461510452,-0.0430170253920443,1.0,0.0,1.0,0.0
2020-06-06 00:00:00+00:00,1.035873027848225,-0.052395064294166,1.0214000043631295,-0.025878398130552,1.0,0.0,1.0,0.0,1.0,0.0,1.0,0.0,1.0,0.0,1.0,0.0,1.048731808245281,-0.0399867985162573,1.0,0.0,1.0,0.0
2020-06-07 00:00:00+00:00,1.0445200380400332,-0.0444848771220209,1.025663102257467,-0.0218126298399522,1.0,0.0,1.0,0.0,1.0,0.0,1.0,0.0,1.0,0.0,1.0,0.0,1.0546796886430465,-0.0345420855230897,1.0,0.0,1.0,0.0
2020-06-08 00:00:00+00:00,1.0482728983314835,-0.0410518029521298,1.0275056568225711,-0.0200553631502868,1.0,0.0,1.0,0.0,1.0,0.0,1.0,0.0,1.0,0.0,1.0,0.0,1.0573284014304771,-0.0321174434717276,1.0,0.0,1.0,0.0
2020-06-09 00:00:00+00:00,1.0472462735001846,-0.0419909477421798,1.027002513593707,-0.020535216964637,1.0,0.0,1.0,0.0,1.0,0.0,1.0,0.0,1.0,0.0,1.0,0.0,1.0565462242372583,-0.0328334515354538,1.0,0.0,1.0,0.0
2020-06-10 00:00:00+00:00,1.0593096510846662,-0.0309555063000142,1.0329176070226316,-0.0148939204485047,1.0,0.0,1.0,0.0,1.0,0.0,1.0,0.0,1.0,0.0,1.0,0.0,1.065665553614395,-0.0244855817350918,1.0,0.0,1.0,0.0
2020-06-11 00:00:00+00:00,0.9945186935686532,-0.0902255417973345,1.0013292415595116,-0.0450201286274036,1.0,0.0,1.0,0.0,1.0,0.0,1.0,0.0,1.0,0.0,1.0,0.0,1.0148156736220222,-0.0710337608813131,1.0,0.0,1.0,0.0
2020-06-12 00:00:00+00:00,1.0143149780243812,-0.0721161245670665,1.0112951671011523,-0.0355155042772323,1.0,0.0,1.0,0.0,1.0,0.0,1.0,0.0,1.0,0.0,1.0,0.0,1.029203406054488,-0.0578631743061872,1.0,0.0,1.0,0.0
2020-06-13 00:00:00+00:00,1.015194789075004,-0.0713112833639023,1.0117337629430427,-0.0350972100905765,1.0,0.0,1.0,0.0,1.0,0.0,1.0,0.0,1.0,0.0,1.0,0.0,1.0298329457755362,-0.0572868911818335,0.9987344024375848,-0.0012655975624151,1.0,0.0
2020-06-14 00:00:00+00:00,1.0011306718662685,-0.084176978796698,1.0047256781995075,-0.0417809057115355,1.0,0.0,1.0,0.0,1.0,0.0,1.0,0.0,1.0,0.0,1.0,0.0,1.0193202602636109,-0.0669102446408858,0.987466091749736,-0.0125339082502641,1.0,0.0
2020-06-15 00:00:00+00:00,1.010123819657773,-0.0759501488613108,1.0092383990499856,-0.0374770689728639,1.006482990976333,0.0,1.0,0.0,1.0,0.0,1.0,0.0,1.0,0.0,1.0,0.0,1.026106039081473,-0.060698516154843,0.9948319727608944,-0.0051680272391055,1.0,0.0
2020-06-16 00:00:00+00:00,1.0207940737759826,-0.0661891210173344,1.0145688496215632,-0.0323933534576004,1.0171147858814482,0.0,1.0,0.0,1.0,0.0,1.0,0.0,1.0,0.0,1.0,0.0,1.0360515418186207,-0.051594364027494,1.0036415705375936,0.0,1.0,0.0
2020-06-17 00:00:00+00:00,1.014316049657817,-0.0721151442489139,1.0113495903966951,-0.0354636001186201,1.0145719989167443,-0.0025,1.0,0.0,1.0,0.0,1.0,0.0,1.0,0.0,1.0,0.0,1.0294025832094331,-0.0576808467590695,0.99818134768264,-0.0054404112137651,1.0,0.0
2020-06-18 00:00:00+00:00,1.0058694349184651,-0.0798420119265499,1.0071386344723736,-0.039479639978498,1.0145719989167443,-0.0025,1.0,0.0,1.0,0.0,1.0,0.0,1.0,0.0,1.0,0.0,1.0208303368814795,-0.0655279145951976,0.9910999171860426,-0.0124961477480781,1.0,0.0
2020-06-19 00:00:00+00:00,0.9977153761070304,-0.0873012527485664,1.0030564606972945,-0.0433728587369696,1.0145719989167443,-0.0025,1.0,0.0,1.0,0.0,1.0,0.0,1.0,0.0,1.0,0.0,1.012554997841972,-0.0731031923375347,0.9842582805168087,-0.0193129605127876,1.0,0.0
2020-06-20 00:00:00+00:00,1.0029363742052444,-0.0825251427098143,1.0056809345698612,-0.0408698660975646,1.0145719989167443,-0.0025,1.0,0.0,1.0,0.0,1.0,0.0,1.0,0.0,1.0,0.0,1.0178536509896237,-0.0682527845098746,0.9886707405219768,-0.0149165104904909,1.0,0.0
2020-06-21 00:00:00+00:00,0.9960500577481176,-0.0888246671574785,1.0022283540530583,-0.0441626341113146,1.005069360461197,-0.0118427394699724,1.0,0.0,1.0,0.0,1.0,0.0,1.0,0.0,1.0,0.0,1.0108649102000486,-0.0746503051791158,0.9824723219442798,-0.0210924389889257,1.0,0.0
2020-06-22 00:00:00+00:00,1.0379509250798429,-0.0504942273965584,1.023308739005905,-0.0240580146962251,1.0473496430677531,0.0,1.0,0.0,1.0,0.0,1.0,0.0,1.0,0.0,1.0,0.0,1.0533889943694206,-0.0357235921123039,1.0196671077306974,0.0,1.0,0.0
2020-06-23 00:00:00+00:00,1.0314353937914311,-0.0564545617634738,1.0200969300727492,-0.0271211559234618,1.0407751131892913,-0.0062773018752406,1.0,0.0,1.0,0.0,1.0,0.0,1.0,0.0,1.0,0.0,1.0467765536597076,-0.0417766462157875,1.014016992954904,-0.0055411366444562,1.0,0.0
2020-06-24 00:00:00+00:00,0.9962429517665246,-0.0886482098900367,1.002694142516949,-0.0437184059904617,1.0052640011483889,-0.0401829916092707,1.0,0.0,1.0,0.0,1.0,0.0,1.0,0.0,1.0,0.0,1.011060673247376,-0.074471102919473,0.9820481787768914,-0.0368933435908588,1.0,0.0
2020-06-25 00:00:00+00:00,0.9912062746192328,-0.0932557052065667,1.0001594963925358,-0.0461357288143687,1.0001817165383935,-0.0450355111509863,1.0,0.0,1.0,0.0,1.0,0.0,1.0,0.0,1.0,0.0,1.0059490825671702,-0.0791502730323633,0.9775281125588342,-0.0413262277976631,1.0,0.0
2020-06-26 00:00:00+00:00,0.9818530579933684,-0.1018119220411782,0.9954406459021228,-0.0506361538966749,0.9907438058839176,-0.0540467431850489,1.0,0.0,1.0,0.0,1.0,0.0,1.0,0.0,1.0,0.0,0.9964567499167796,-0.0878395914888117,0.9692154087808732,-0.0494785980319655,1.0,0.0
2020-06-27 00:00:00+00:00,0.9657560521573112,-0.1165372810091776,0.987280762019252,-0.0584183343598591,0.9882669463692078,-0.0564116263270864,1.0,0.0,1.0,0.0,1.0,0.0,1.0,0.0,1.0,0.0,0.9801203236173388,-0.1027940200559877,0.9543718382952742,-0.0640358690992199,1.0,0.0
2020-06-28 00:00:00+00:00,0.9769385470577344,-0.1063076610883284,0.9929966268393088,-0.0529670445901326,0.9882669463692078,-0.0564116263270864,1.0,0.0,1.0,0.0,1.0,0.0,1.0,0.0,1.0,0.0,0.9914691424998808,-0.0924052668372618,0.9649123568003128,-0.0536986537226282,1.0,0.0
2020-06-29 00:00:00+00:00,0.9851054654703962,-0.0988366564484827,0.9971472064534868,-0.0490085863512661,0.9882669463692078,-0.0564116263270864,1.0,0.0,1.0,0.0,1.0,0.0,1.0,0.0,1.0,0.0,0.9997575324092102,-0.0848180422776155,0.9726650647788784,-0.0460954782158498,1.0,0.0
2020-06-30 00:00:00+00:00,0.9793175732847532,-0.1041313547898824,0.9942178853165808,-0.0518023155328634,0.9882669463692078,-0.0564116263270864,1.0,0.0,1.0,0.0,1.0,0.0,1.0,0.0,1.0,0.0,0.993883553416914,-0.0901951056350031,0.9670211074584816,-0.0516305761685116,1.0,0.0
2020-07-01 00:00:00+00:00,0.9893319877403792,-0.0949702816552072,0.9993012771775892,-0.0469542229134951,0.9882669463692078,-0.0564116263270864,1.0,0.0,1.0,0.0,1.0,0.0,1.0,0.0,1.0,0.0,1.0040469182906424,-0.0808915216552241,0.9768152284333822,-0.0420253619759133,1.0,0.0
2020-07-02 00:00:00+00:00,0.973744007786229,-0.1092299895007912,0.9914287488100496,-0.0544623489281725,0.9882669463692078,-0.0564116263270864,1.0,0.0,1.0,0.0,1.0,0.0,1.0,0.0,1.0,0.0,0.9882270889216482,-0.0953730553705651,0.9614095362815052,-0.0571339126343364,1.0,0.0
2020-07-03 00:00:00+00:00,0.9707134284303692,-0.1120023292359289,0.9898859390597844,-0.0559337453437669,0.9882669463692078,-0.0564116263270864,1.0,0.0,1.0,0.0,1.0,0.0,1.0,0.0,1.0,0.0,0.9851514339336436,-0.0981885219831724,0.9584173454491268,-0.0600683907691049,1.0,0.0
2020-07-04 00:00:00+00:00,0.9789864385531548,-0.1044342730989903,0.9941041440183204,-0.0519107919918284,0.9882669463692078,-0.0564116263270864,1.0,0.0,1.0,0.0,1.0,0.0,1.0,0.0,1.0,0.0,0.9935474935190028,-0.0905027361807228,0.966585560875563,-0.0520577220277989,1.0,0.0
2020-07-05 00:00:00+00:00,0.9719082997110564,-0.1109092744959435,0.9905104235755396,-0.0553381668688975,0.9882669463692078,-0.0564116263270864,1.0,0.0,1.0,0.0,1.0,0.0,1.0,0.0,1.0,0.0,0.986364077254586,-0.0970784635414974,0.9595970812263904,-0.0589114094677376,1.0,0.0
2020-07-06 00:00:00+00:00,1.001355714887744,-0.0839711119846819,1.005515939882241,-0.0410272235370768,0.9882669463692078,-0.0564116263270864,1.0,0.0,1.0,0.0,1.0,0.0,1.0,0.0,1.0,0.0,1.0162494815740275,-0.0697212474708343,0.9886714842967336,-0.0303977868845309,1.0,0.0
2020-07-07 00:00:00+00:00,0.9920528650333524,-0.0924812538661282,1.0008451901796889,-0.0454817743132132,0.9882669463692078,-0.0564116263270864,1.0,0.0,1.0,0.0,1.0,0.0,1.0,0.0,1.0,0.0,1.0068082648304388,-0.078363774226154,0.9794864741779646,-0.0394056386129352,1.0,0.0
2020-07-08 00:00:00+00:00,1.0111997396271106,-0.0749659094362469,1.0105034745411237,-0.0362705510967634,0.9882669463692078,-0.0564116263270864,1.0,0.0,1.0,0.0,1.0,0.0,1.0,0.0,1.0,0.0,1.026239922422617,-0.0605759588204064,0.9983908142069984,-0.0208659212034896,1.0,0.0
2020-07-09 00:00:00+00:00,0.98937806797811,-0.0949281279746513,0.9996001514104522,-0.0466691829240391,0.9882669463692078,-0.0564116263270864,1.0,0.0,1.0,0.0,1.0,0.0,1.0,0.0,1.0,0.0,1.004093683907504,-0.0808487122265315,0.9768455589312828,-0.0419956164857718,1.0,0.0
2020-07-10 00:00:00+00:00,0.9953695705165162,-0.0894471691842854,1.002626854264704,-0.0437825796146874,0.9882669463692078,-0.0564116263270864,1.0,0.0,1.0,0.0,1.0,0.0,1.0,0.0,1.0,0.0,1.0101743016719786,-0.0752824909284102,0.9827611667614908,-0.0361941075566729,1.0,0.0
2020-07-11 00:00:00+00:00,0.9895495293278052,-0.0947712770702587,0.9996956165809456,-0.046578136630318,0.9882669463692078,-0.0564116263270864,1.0,0.0,1.0,0.0,1.0,0.0,1.0,0.0,1.0,0.0,1.004267695505128,-0.0806894213290716,0.9770148483701726,-0.0418295922631541,1.0,0.0
2020-07-12 00:00:00+00:00,0.996913794297207,-0.0880345307266006,1.0034155028479084,-0.0430304358728609,0.9882669463692078,-0.0564116263270864,1.0,0.0,1.0,0.0,1.0,0.0,1.0,0.0,1.0,0.0,1.0117414936230795,-0.0738478772831605,0.9842858297704926,-0.034698851901722,1.0,0.0
2020-07-13 00:00:00+00:00,0.9904700624489804,-0.0939291837773016,1.000172624441725,-0.0461232084342521,0.9882669463692078,-0.0564116263270864,1.0,0.0,1.0,0.0,1.0,0.0,1.0,0.0,1.0,0.0,1.005201920269872,-0.0798342283233327,0.9779237210452124,-0.0409382497179752,1.0,0.0
2020-07-14 00:00:00+00:00,0.9918878334842712,-0.092632222861606,1.0008884541426846,-0.045440512945721,0.9882669463692078,-0.0564116263270864,1.0,0.0,1.0,0.0,1.0,0.0,1.0,0.0,1.0,0.0,1.0066407786677256,-0.0785170917149594,0.9793235330930332,-0.0395654369272048,1.0,0.0
2020-07-15 00:00:00+00:00,0.985645568721936,-0.0983425760996459,0.9977389998811196,-0.0484441857645822,0.9882669463692078,-0.0564116263270864,1.0,0.0,1.0,0.0,1.0,0.0,1.0,0.0,1.0,0.0,1.000305668941726,-0.084316275950616,0.9731603394584486,-0.0456097562818821,1.0,0.0
2020-07-16 00:00:00+00:00,0.9787999743353616,-0.104604848457517,0.994274206494127,-0.0517486013411108,0.9882669463692078,-0.0564116263270864,1.0,0.0,1.0,0.0,1.0,0.0,1.0,0.0,1.0,0.0,0.9933582559065866,-0.0906759650317107,0.9664014586107702,-0.0522382733698958,1.0,0.0
2020-07-17 00:00:00+00:00,0.9810075392126852,-0.1025853930634634,0.9953954390616778,-0.0506792682100111,0.9882669463692078,-0.0564116263270864,1.0,0.0,1.0,0.0,1.0,0.0,1.0,0.0,1.0,0.0,0.995598655225996,-0.0886250947269118,0.9685810601364774,-0.0501007115036922,1.0,0.0
2020-07-18 00:00:00+00:00,0.9827178661758932,-0.1010208052921481,0.996263144757318,-0.0498517267389151,0.9882669463692078,-0.0564116263270864,1.0,0.0,1.0,0.0,1.0,0.0,1.0,0.0,1.0,0.0,0.9973344209122956,-0.0870361680247473,0.970269722289404,-0.0484446198830802,1.0,0.0
2020-07-19 00:00:00+00:00,0.9868661592050776,-0.0972259937240018,0.9983658802426878,-0.0478463223424334,0.9882669463692078,-0.0564116263270864,1.0,0.0,1.0,0.0,1.0,0.0,1.0,0.0,1.0,0.0,1.001544414002312,-0.0831823238743221,0.9743654686515456,-0.0444278713471222,1.0,0.0
2020-07-20 00:00:00+00:00,0.981699814412079,-0.1019521075369785,0.995752606741115,-0.0503386330518527,0.9882669463692078,-0.0564116263270864,1.0,0.0,1.0,0.0,1.0,0.0,1.0,0.0,1.0,0.0,0.9963012270514032,-0.0879819577284165,0.9692645662459952,-0.049430388704873,1.0,0.0
2020-07-21 00:00:00+00:00,1.0062637960227645,-0.0794812548464465,1.0082104112357757,-0.0384574734490757,0.9882669463692078,-0.0564116263270864,1.0225218867825665,0.0,1.0,0.0,1.0,0.0,1.0,0.0,1.0,0.0,1.0212305635560153,-0.0651615455310392,0.993517394484956,-0.0256453435120981,1.0,0.0
2020-07-22 00:00:00+00:00,1.019997850133337,-0.0669174974046061,1.0150907225405668,-0.0318956369100573,0.9992847019901514,-0.0458919725573366,1.0364778404577586,0.0,1.0,0.0,1.0,0.0,1.0,0.0,1.0,0.0,1.0351688925257,-0.0524023446444852,1.0070774785400352,-0.0123468032804164,1.0,0.0
2020-07-23 00:00:00+00:00,1.0291185223036778,-0.0585740096090769,1.0196291192157343,-0.0275673128252245,0.996786490235176,-0.0482772426259433,1.045745874300577,0.0,1.0,0.0,1.0,0.0,1.0,0.0,1.0,0.0,1.044425221946813,-0.043929064467717,1.0160826186299836,-0.0035153522885436,1.0,0.0
2020-07-24 00:00:00+00:00,1.0221025382008435,-0.0649921525531882,1.0161534740222196,-0.0308820779015647,0.996786490235176,-0.0482772426259433,1.0386165337332014,-0.0068174694661299,1.0,0.0,1.0,0.0,1.0,0.0,1.0,0.0,1.0373048848865347,-0.0504470488781626,1.0091555064024085,-0.0103088559477837,1.0,0.0
2020-07-25 00:00:00+00:00,1.0395294411304734,-0.0490502187579943,1.024816209555859,-0.022620321705605,1.0112897869677175,-0.0344296256161543,1.0563250011696852,0.0,1.0,0.0,1.0,0.0,1.0,0.0,1.0,0.0,1.054990988640047,-0.0342571202875615,1.026361661747578,0.0,1.0,0.0
2020-07-26 00:00:00+00:00,1.064297033093922,-0.0263931056184957,1.0370247284835217,-0.0109769087787729,1.0353845473558223,-0.0114241655507556,1.0814927603255091,0.0,1.0,0.0,1.0,0.0,1.0,0.0,1.0,0.0,1.080126963916838,-0.01124755014945,1.0508155211952208,0.0,1.0,0.0
2020-07-27 00:00:00+00:00,1.182007392926438,0.0,1.0943717613838002,0.0,1.1498972104983542,0.0,1.201104953177448,0.0,1.0,0.0,1.0,0.0,1.0,0.0,1.0,0.0,1.1995881008307034,0.0,1.1670348371111063,0.0,1.0,0.0
2020-07-28 00:00:00+00:00,1.168752358961576,-0.011214002589311,1.0882356175008867,-0.0056070012946556,1.1370022602023842,-0.011214002589311,1.1876357591224818,-0.011214002589311,1.0,0.0,1.0,0.0,1.0,0.0,1.0,0.0,1.1874967269714338,-0.0100796047000603,1.1539477054259262,-0.011214002589311,1.0,0.0
2020-07-29 00:00:00+00:00,1.1895699100814252,0.0,1.0979273201203763,0.0,1.1572542857864672,0.0,1.2087896570699133,0.0,1.0,0.0,1.0,0.0,1.0,0.0,1.0,0.0,1.205510004845424,0.0,1.1745015594251431,0.0,1.0,0.0
2020-07-30 00:00:00+00:00,1.1894713198053506,-8.287892560077115e-05,1.0978818226020366,-4.1439462800441085e-05,1.157158373794614,-8.287892560099319e-05,1.208689473881858,-8.287892560088217e-05,1.0,0.0,1.0,0.0,1.0,0.0,1.0,0.0,1.2053855263968427,-0.0001032579141451,1.1744042179977816,-8.287892560088217e-05,1.0,0.0
2020-07-31 00:00:00+00:00,1.214745794383835,0.0,1.1095459904358924,0.0,1.181746246923441,0.0,1.2343723052980098,0.0,1.0,0.0,1.0,0.0,1.0,0.0,1.0,0.0,1.2277810718848878,0.0,1.1993585393491422,0.0,1.0,0.0
2020-08-01 00:00:00+00:00,1.2646528351128832,0.0,1.1323384780458308,0.0,1.2302975227124004,0.0,1.285085688460258,0.0,1.0,0.0,1.0,0.0,1.0,0.0,1.0,0.0,1.2721694545333009,0.0,1.2486334047150198,0.0,1.0,0.0
2020-08-02 00:00:00+00:00,1.186442883716362,-0.0618430206496473,1.0973248621057414,-0.0309215103248237,1.1542122076100874,-0.0618430206496474,1.205612107692244,-0.0618430206496474,1.0,0.0,1.0,0.0,1.0,0.0,1.0,0.0,1.2038584631522355,-0.0536964561895768,1.171414143283389,-0.0618430206496474,1.0,0.0
2020-08-03 00:00:00+00:00,1.2023523537011904,-0.0492629120671933,1.104682088145394,-0.0244241368077199,1.1696894840345335,-0.0492629120671934,1.2217786251908316,-0.0492629120671933,1.0,0.0,1.0,0.0,1.0,0.0,1.0,0.0,1.2148026484900951,-0.0450936829514201,1.1865156316350711,-0.0497486074338416,1.0,0.0
2020-08-04 00:00:00+00:00,1.1993689262164966,-0.0516220001915065,1.1033115502604405,-0.0256344974123678,1.166787103759331,-0.0516220001915065,1.2187469948044602,-0.0516220001915065,1.0,0.0,1.0,0.0,1.0,0.0,1.0,0.0,1.2126214921940135,-0.0468082000609993,1.1836672872301957,-0.0520297769060981,1.0,0.0
2020-08-05 00:00:00+00:00,1.258623825404231,-0.0047673239178829,1.130566139425753,-0.0015652021497465,1.2244322959062617,-0.0047673239178828,1.2789592687211324,-0.0047673239178828,1.0,0.0,1.0,0.0,1.0,0.0,1.0,0.0,1.2552883729551565,-0.0132695227966601,1.2403399190281177,-0.0066420501450505,1.0,0.0
2020-08-06 00:00:00+00:00,1.2605045420836984,-0.0032801832360692,1.1314108217497092,-0.0008192394006804,1.226261921403022,-0.003280183236069,1.280870371928058,-0.0032801832360692,1.0,0.0,1.0,0.0,1.0,0.0,1.0,0.0,1.256506758076827,-0.0123118004450277,1.242002573801577,-0.0053104705419572,1.0,0.0
2020-08-07 00:00:00+00:00,1.2424764527967007,-0.0175355494412844,1.1233199443931463,-0.0079645210575626,1.2087235796753877,-0.0175355494412842,1.262551004833976,-0.0175355494412844,1.0,0.0,1.0,0.0,1.0,0.0,1.0,0.0,1.244168817485557,-0.0220101472708413,1.2251493650609282,-0.0188077938371763,1.0,0.0
2020-08-08 00:00:00+00:00,1.2603920205729613,-0.0033691574648955,1.1314186550580048,-0.0008123215855151,1.2261524566297115,-0.0033691574648953,1.2807560324199516,-0.0033691574648955,1.0,0.0,1.0,0.0,1.0,0.0,1.0,0.0,1.2563329702965236,-0.0124484078597744,1.2417359754437471,-0.0055239826559396,1.0,0.0
2020-08-09 00:00:00+00:00,1.2518478871909704,-0.0101252672404515,1.1275837403085072,-0.0041990428034638,1.217840431509672,-0.0101252672404514,1.2720738524377182,-0.0101252672404514,1.0,0.0,1.0,0.0,1.0,0.0,1.0,0.0,1.2505470113279302,-0.016996511847003,1.233617398932685,-0.0120259523136512,1.0,0.0
2020-08-10 00:00:00+00:00,1.274485071884458,0.0,1.1377787974108575,0.0,1.2398626588564323,0.0,1.2950767835733892,0.0,1.0,0.0,1.0,0.0,1.0,0.0,1.0,0.0,1.2657746340928742,-0.0050267049076199,1.2548635053278483,0.0,1.0,0.0
2020-08-11 00:00:00+00:00,1.2208133828961685,-0.0421124500963597,1.113821470997527,-0.0210562250481799,1.187649004509001,-0.0421124500963597,1.2405379271542007,-0.0421124500963597,1.0,0.0,1.0,0.0,1.0,0.0,1.0,0.0,1.2128351004351423,-0.0466402914224389,1.2043619942672108,-0.0402446248904524,1.0,0.0
2020-08-12 00:00:00+00:00,1.239272268824275,-0.0276290431618138,1.1222420468879406,-0.0136553349018917,1.205606439940167,-0.0276290431618136,1.2592950512221772,-0.0276290431618136,1.0,0.0,1.0,0.0,1.0,0.0,1.0,0.0,1.2288520434478902,-0.0340500323530419,1.2206842989673403,-0.0272373897363269,1.0,0.0
2020-08-13 00:00:00+00:00,1.2623841871297308,-0.0094947245924464,1.1327067232787182,-0.004457873660224,1.2280905043781325,-0.0094947245924462,1.2827803861872886,-0.0094947245924463,1.0161495888650705,0.0,1.0,0.0,1.0,0.0,1.0,0.0,1.249254828384225,-0.0180122436263666,1.2413316452470768,-0.0107835314544716,1.0,0.0
2020-08-14 00:00:00+00:00,1.2602987884640648,-0.0111309922205815,1.1317711344487096,-0.0052801677934402,1.226061757246112,-0.0111309922205813,1.2806612939703783,-0.0111309922205813,1.014470958050188,-0.0016519524617997,1.0,0.0,1.0,0.0,1.0,0.0,1.2474086001290017,-0.0194634876007009,1.2394698203638692,-0.012267218624672,1.0,0.0
2020-08-15 00:00:00+00:00,1.2701428132034314,-0.0034070690797548,1.1361911906880682,-0.0013953562207364,1.2356383611283002,-0.0034070690797546,1.2906643675081682,-0.0034070690797546,1.0223948545895043,0.0,1.0,0.0,1.0,0.0,1.0,0.0,1.2560818993057583,-0.0126457644225109,1.2482565465856443,-0.0052650815918643,1.0,0.0
2020-08-16 00:00:00+00:00,1.276422585136012,0.0,1.1389999384427136,0.0,1.2417475380006735,0.0,1.297045601008217,0.0,1.0274497243609384,0.0,1.0,0.0,1.0,0.0,1.0,0.0,1.2618375414593956,-0.0081214912345899,1.2538765702659238,-0.0007864879787595,1.0,0.0
2020-08-17 00:00:00+00:00,1.3160869534876527,0.0,1.1566969431952867,0.0,1.2803343918534305,0.0,1.3373508220896686,0.0,1.059377351468462,0.0,1.0,0.0,1.0,0.0,1.0,0.0,1.300924852808346,0.0,1.2894719537972583,0.0,1.0,0.0
2020-08-18 00:00:00+00:00,1.2800672104504676,-0.0273688170388226,1.140868229691448,-0.0136844085194115,1.2452931541342815,-0.0273688170388227,1.3007491121231771,-0.0273688170388226,1.0303834465610489,-0.0273688170388228,1.0,0.0,1.0,0.0,1.0,0.0,1.265320078530577,-0.0273688170388226,1.2574695728386711,-0.0248182062931621,1.0,0.0
2020-08-19 00:00:00+00:00,1.2596611665698867,-0.0428739049256865,1.1317747200042294,-0.0215460266733407,1.2254414568640195,-0.0428739049256865,1.2800133700911074,-0.0428739049256865,1.0139577076211772,-0.0428739049256867,1.0,0.0,1.0,0.0,1.0,0.0,1.2451491243535782,-0.0428739049256865,1.2397132189220397,-0.0385884584218282,1.0,0.0
2020-08-20 00:00:00+00:00,1.2702660510485246,-0.0348160144872661,1.1365388345455112,-0.0174273034681757,1.2357582511181162,-0.0348160144872662,1.2907895964932374,-0.0348160144872661,1.022494054252254,-0.0348160144872663,1.0,0.0,1.0,0.0,1.0,0.0,1.255631834286126,-0.034816014487266,1.2488220673980914,-0.0315244440016401,1.0,0.0
2020-08-21 00:00:00+00:00,1.2357369501202504,-0.0610521995940112,1.121091809060365,-0.0307817309835412,1.2021671610149178,-0.0610521995940112,1.2557026127722353,-0.061052199594011,0.9947000339612342,-0.0610521995940114,1.0,0.0,1.0,0.0,1.0,0.0,1.2215005290378813,-0.061052199594011,1.2189514731983149,-0.0546894256918685,1.0,0.0
2020-08-22 00:00:00+00:00,1.2498417893995386,-0.0503349447485694,1.1274899424910212,-0.0252503483095437,1.2158888309797946,-0.0503349447485695,1.2700353423503312,-0.0503349447485694,1.006053651014411,-0.0503349447485698,1.0,0.0,1.0,0.0,1.0,0.0,1.235442872220197,-0.0503349447485693,1.2308602694088215,-0.0454540203188106,1.0,0.0
2020-08-23 00:00:00+00:00,1.2482525570145526,-0.0515424883540845,1.1267731143510318,-0.0258700682320406,1.214342771371991,-0.0515424883540845,1.2684204329167863,-0.0515424883540844,1.0047744066678177,-0.0515424883540848,1.0,0.0,1.0,0.0,1.0,0.0,1.2338719487329326,-0.0515424883540845,1.2295136290591815,-0.0464983550526327,1.0,0.0
2020-08-24 00:00:00+00:00,1.258976392804542,-0.0433942153531471,1.1316132125278682,-0.0216856548424227,1.224775285529302,-0.0433942153531472,1.2793175325132011,-0.0433942153531471,1.0134065025385923,-0.0433942153531473,1.0,0.0,1.0,0.0,1.0,0.0,1.2444722395873191,-0.0433942153531471,1.2386114899786416,-0.0394428616061344,1.0,0.0
2020-08-25 00:00:00+00:00,1.2129197310095832,-0.0783893664508068,1.1109145213887903,-0.0395803084600759,1.179969790030861,-0.0783893664508068,1.232516738423594,-0.0783893664508066,0.9763334320545152,-0.0783893664508069,1.0,0.0,1.0,0.0,1.0,0.0,1.1989461777965906,-0.0783893664508067,1.1994809024486408,-0.0697890722505523,1.0,0.0
2020-08-26 00:00:00+00:00,1.228245160772013,-0.0667446725179193,1.117932810412515,-0.0335127822467384,1.1948788921557438,-0.0667446725179193,1.2480897794277237,-0.0667446725179193,0.9886695570717984,-0.0667446725179196,1.0,0.0,1.0,0.0,1.0,0.0,1.2140950495372305,-0.0667446725179193,1.212150655916718,-0.0599635359674505,1.0,0.0
2020-08-27 00:00:00+00:00,1.214201404598554,-0.0774155146961227,1.1115415880779302,-0.0390381900661189,1.1812166459249498,-0.0774155146961227,1.233819119868314,-0.0774155146961228,0.9773651085471152,-0.077415514696123,1.0,0.0,1.0,0.0,1.0,0.0,1.20021308574721,-0.0774155146961228,1.197807638283098,-0.0710867074264205,1.0,0.0
2020-08-28 00:00:00+00:00,1.2352622165082827,-0.0614129155867574,1.12118165612088,-0.0307040554428184,1.2017053239237134,-0.0614129155867573,1.2552202089427953,-0.0614129155867573,0.9943178996082064,-0.0614129155867577,1.0,0.0,1.0,0.0,1.0,0.0,1.221031264638112,-0.0614129155867574,1.2185840937198775,-0.0549743326084986,1.0,0.0
2020-08-29 00:00:00+00:00,1.2287177511171103,-0.0663855850398125,1.1182116249616492,-0.0332717385137414,1.195338644203648,-0.0663855850398124,1.248570005361772,-0.0663855850398124,0.9890499662133008,-0.0663855850398128,1.0,0.0,1.0,0.0,1.0,0.0,1.214562195361832,-0.0663855850398124,1.2121279896465855,-0.0599811139148154,1.0,0.0
2020-08-30 00:00:00+00:00,1.2550070625591023,-0.0464102244663148,1.1301741011446236,-0.0229298107915767,1.2209137853355705,-0.0464102244663147,1.2752840702462769,-0.0464102244663146,1.0102114107922802,-0.0464102244663151,1.0,0.0,1.0,0.0,1.0,0.0,1.2405486383757032,-0.0464102244663147,1.2380623510557889,-0.0398687250157537,1.0,0.0
2020-08-31 00:00:00+00:00,1.2484004424286654,-0.0514301208439281,1.1271993645115503,-0.0255015618890213,1.2144866393597713,-0.0514301208439281,1.2685707076988704,-0.051430120843928,1.004893446263118,-0.0514301208439283,1.0,0.0,1.0,0.0,1.0,0.0,1.2340181304195432,-0.0514301208439281,1.231544931437016,-0.044923057217071,1.0,0.0
2020-09-01 00:00:00+00:00,1.2775981670148593,-0.0292448659040327,1.1403808948443632,-0.0141057244483171,1.211450422761372,-0.0538015455418181,1.2982401766310083,-0.0292448659040325,1.028396002882997,-0.029244865904033,1.0,0.0,1.0,0.0,1.0,0.0,1.2628794799367424,-0.0292448659040326,1.2603484375088874,-0.0225856143692056,1.0,0.0
2020-09-02 00:00:00+00:00,1.2204340246599688,-0.0726797941231786,1.1148686103504069,-0.0361618772237196,1.1542173322565965,-0.0985032194708642,1.240152439669728,-0.0726797941231783,0.9823820236649756,-0.0726797941231789,1.0,0.0,1.0,0.0,1.0,0.0,1.206373902336509,-0.0726797941231784,1.2039561074644094,-0.0663185004381217,1.0,0.0
2020-09-03 00:00:00+00:00,1.086727392534341,-0.1742738656784834,1.0537979895136669,-0.0889593028553957,1.0277651774340089,-0.1972681637129177,1.1042855245558043,-0.1742738656784832,0.8747555652158193,-0.1742738656784836,1.0,0.0,1.0,0.0,1.0,0.0,1.0742076497522235,-0.1742738656784833,1.0720547403249632,-0.1686094938568004,1.0,0.0
2020-09-04 00:00:00+00:00,1.1194550776573815,-0.1494064471266075,1.0696659841096556,-0.0752409346265018,1.025195764490424,-0.1992749933036354,1.1375419871994037,-0.1494064471266073,0.9010995452191632,-0.1494064471266079,1.0,0.0,1.0,0.0,1.0,0.0,1.0973342669641504,-0.1564968071789069,1.100293557262809,-0.1467099737821779,1.0,0.0
2020-09-05 00:00:00+00:00,1.089496493331916,-0.1721698247636816,1.0553529137486315,-0.0876150231422759,1.025195764490424,-0.1992749933036354,1.107099365402925,-0.1721698247636813,0.8769845385075233,-0.1721698247636819,1.0,0.0,1.0,0.0,1.0,0.0,1.0763433406236005,-0.1726321944729816,1.0732799044261072,-0.1676593653196607,1.0,0.0
2020-09-06 00:00:00+00:00,1.0990886842139178,-0.1648814074926324,1.0599987050194208,-0.0835985940351362,1.025195764490424,-0.1992749933036354,1.1168465362320952,-0.1648814074926322,0.8847057226925245,-0.1648814074926327,1.0,0.0,1.0,0.0,1.0,0.0,1.0830962293534077,-0.1674413575731949,1.0818092567684072,-0.1610447566675046,1.0,0.0
2020-09-07 00:00:00+00:00,1.1116525146128218,-0.1553350546733072,1.0660571988171468,-0.0783608402454618,1.025195764490424,-0.1992749933036354,1.1296133590229778,-0.1553350546733071,0.8948189126584446,-0.1553350546733075,1.0,0.0,1.0,0.0,1.0,0.0,1.0918428459617788,-0.1607179741360275,1.0929873408327464,-0.152376026780498,1.0,0.0
2020-09-08 00:00:00+00:00,1.0852056730557975,-0.1754301110728404,1.0533761472037917,-0.0893239984762812,1.025195764490424,-0.1992749933036354,1.1027392188271237,-0.1754301110728403,0.8735306650322977,-0.1754301110728408,1.0,0.0,1.0,0.0,1.0,0.0,1.0735113602010398,-0.1748090922518558,1.0694233966186275,-0.1706501304899483,1.0,0.0
2020-09-09 00:00:00+00:00,1.09512364050222,-0.1678941595765205,1.058189681907949,-0.0851625500238799,1.025195764490424,-0.1992749933036354,1.1128174297559552,-0.1678941595765203,0.881514081369264,-0.1678941595765207,1.0,0.0,1.0,0.0,1.0,0.0,1.080515895285563,-0.1694248188486673,1.078190427127138,-0.163851199747257,1.0,0.0
2020-09-10 00:00:00+00:00,1.1077335511388544,-0.1583127936924366,1.0642819973470297,-0.079895556387456,1.025195764490424,-0.1992749933036354,1.125631077297777,-0.1583127936924364,0.891664363382995,-0.1583127936924369,1.0,0.0,1.0,0.0,1.0,0.0,1.089463980611472,-0.1625465696503428,1.0894087184171726,-0.1551512887046022,1.0,0.0
2020-09-11 00:00:00+00:00,1.1132010249272548,-0.1541584528459512,1.066908501671097,-0.0776248628064633,1.025195764490424,-0.1992749933036354,1.1311868884440648,-0.1541584528459508,0.8960653779860421,-0.1541584528459514,1.0,0.0,1.0,0.0,1.0,0.0,1.0932826901612038,-0.1596111890697595,1.0943383253709769,-0.1513283230795744,1.0,0.0
2020-09-12 00:00:00+00:00,1.1188838970362098,-0.1498404462781516,1.069631776457585,-0.0752705081913599,1.025195764490424,-0.1992749933036354,1.1369615780773,-0.1498404462781513,0.9006397763474611,-0.1498404462781518,1.0,0.0,1.0,0.0,1.0,0.0,1.0972898930492498,-0.1565309166932302,1.0995435749072195,-0.1472915935323251,1.0,0.0
2020-09-13 00:00:00+00:00,1.1073006112308743,-0.1586417536497045,1.064095075730192,-0.0800571558607987,1.025195764490424,-0.1992749933036354,1.12519114242849,-0.1586417536497042,0.8913158706547254,-0.1586417536497048,1.0,0.0,1.0,0.0,1.0,0.0,1.089107461978353,-0.162820619786559,1.0887856011539432,-0.155634523149054,1.0,0.0
2020-09-14 00:00:00+00:00,1.1436225548968977,-0.1310433160466499,1.0815474283271085,-0.0649690615249517,1.025195764490424,-0.1992749933036354,1.1620999356453254,-0.1310433160466496,0.920553030387317,-0.1310433160466503,1.0,0.0,1.0,0.0,1.0,0.0,1.115392771465901,-0.1426155253640755,1.1224332017013872,-0.1295404305645988,1.0,0.0
2020-09-15 00:00:00+00:00,1.1557898809246316,-0.1217982384357135,1.0873008738667078,-0.0599950313146653,1.025195764490424,-0.1992749933036354,1.174463847788594,-0.1217982384357132,0.9303470562209112,-0.1217982384357139,1.0,0.0,1.0,0.0,1.0,0.0,1.1236552162389428,-0.1362643170254805,1.1333293307817427,-0.1210903599381936,1.0,0.0
2020-09-16 00:00:00+00:00,1.173868336983103,-0.1080617174478238,1.0958044614975369,-0.0526434188799177,1.025195764490424,-0.1992749933036354,1.1928343954244005,-0.1080617174478235,0.9448992154434526,-0.1080617174478242,1.0,0.0,1.0,0.0,1.0,0.0,1.1362032983857364,-0.1266188082017344,1.1495554749673964,-0.108506802662775,1.0,0.0
2020-09-17 00:00:00+00:00,1.1723659069064,-0.1092033062104215,1.0951032033030403,-0.0532496781067808,1.025195764490424,-0.1992749933036354,1.191307690754252,-0.109203306210421,0.9436898421636658,-0.1092033062104218,1.0,0.0,1.0,0.0,1.0,0.0,1.135046871004464,-0.1275077353206037,1.148137629876614,-0.1096063574740349,1.0,0.0
2020-09-18 00:00:00+00:00,1.171658628838908,-0.1097407160416014,1.094772870224957,-0.053535261188872,1.025195764490424,-0.1992749933036354,1.1905889852747245,-0.109740716041601,0.9431205223600572,-0.1097407160416017,1.0,0.0,1.0,0.0,1.0,0.0,1.1336320154905244,-0.1285953119864543,1.147448255295199,-0.1101409752137887,1.0,0.0
2020-09-19 00:00:00+00:00,1.187439502811465,-0.097749962747727,1.1021455265039943,-0.0471613736097531,1.025195764490424,-0.1992749933036354,1.206624829049762,-0.0977499627477266,0.9558232548266336,-0.0977499627477274,1.0,0.0,1.0,0.0,1.0,0.0,1.1489007153723665,-0.1168585080896873,1.1620908042282585,-0.0987855138639393,1.0,0.0
2020-09-20 00:00:00+00:00,1.1702537174048444,-0.1108082073880816,1.0941698627078522,-0.0540565796903622,1.025195764490424,-0.1992749933036354,1.1891613748449357,-0.1108082073880812,0.9419896462047076,-0.1108082073880819,1.0,0.0,1.0,0.0,1.0,0.0,1.1322727009757143,-0.1296401951800344,1.146182277106634,-0.1111227555346688,1.0,0.0
2020-09-21 00:00:00+00:00,1.116344125793853,-0.1517702361264794,1.0689675285582785,-0.0758447708823907,1.025195764490424,-0.1992749933036354,1.1343807720371786,-0.1517702361264791,0.8985954006890486,-0.1517702361264797,1.0,0.0,1.0,0.0,1.0,0.0,1.0801127650626383,-0.1697346985638975,1.0956780156203871,-0.1502893782266328,1.0,0.0
2020-09-22 00:00:00+00:00,1.1283882139764938,-0.1426187981073393,1.0747340027488332,-0.0708594770035763,1.025195764490424,-0.1992749933036354,1.146619455195378,-0.1426187981073391,0.908290226859893,-0.1426187981073398,1.0,0.0,1.0,0.0,1.0,0.0,1.0917659579169117,-0.160777076738842,1.106459140812746,-0.1419284944085626,1.0,0.0
2020-09-23 00:00:00+00:00,1.0975090965298526,-0.1660816227822675,1.0600285861715777,-0.0835727608622102,1.025195764490424,-0.1992749933036354,1.115241427327817,-0.1660816227822673,0.8834342417977987,-0.1660816227822679,1.0,0.0,1.0,0.0,1.0,0.0,1.0618890336268612,-0.1837429876640998,1.0786962180080624,-0.1634589532315924,1.0,0.0
2020-09-24 00:00:00+00:00,1.1505399487236574,-0.1257872850462448,1.0856384965824402,-0.0614322074860447,1.025195764490424,-0.1992749933036354,1.1691290930246458,-0.1257872850462446,0.9261211505877622,-0.1257872850462451,1.0,0.0,1.0,0.0,1.0,0.0,1.1131987499349452,-0.1443020344089443,1.126028855154242,-0.1267519608795729,1.0,0.0
2020-09-25 00:00:00+00:00,1.1452192887159334,-0.1298300726398944,1.0831282346232531,-0.0636024059757655,1.025195764490424,-0.1992749933036354,1.1637224677127445,-0.1298300726398944,0.921838312974252,-0.1298300726398947,1.0,0.0,1.0,0.0,1.0,0.0,1.108050773912037,-0.1482592007370339,1.1213609477890194,-0.1303719755309008,1.0,0.0
2020-09-26 00:00:00+00:00,1.149712647711379,-0.1264158916972613,1.0852531045255591,-0.061765390744761,1.025195764490424,-0.1992749933036354,1.1608131615434627,-0.1320054974582946,0.925455218938693,-0.1264158916972616,1.0,0.0,1.0,0.0,1.0,0.0,1.1123982992824408,-0.1449173279447518,1.1252475877012098,-0.127357842574581,1.0,0.0
2020-09-27 00:00:00+00:00,1.1546046543448656,-0.1226988070315994,1.0875619707439657,-0.0597693050526623,1.025195764490424,-0.1992749933036354,1.1608131615434627,-0.1320054974582946,0.9293930142469858,-0.1226988070315997,1.0,0.0,1.0,0.0,1.0,0.0,1.1171315340346213,-0.1412789665574951,1.1294896375467722,-0.1240680852184242,1.0,0.0
2020-09-28 00:00:00+00:00,1.1462319823125695,-0.129060599472523,1.083618716374788,-0.0631783694514016,1.025195764490424,-0.1992749933036354,1.1608131615434627,-0.1320054974582946,0.9226534754203282,-0.1290605994725233,1.0,0.0,1.0,0.0,1.0,0.0,1.1090306001641317,-0.1475060240643159,1.1221640411694211,-0.1297491675837898,1.0,0.0
2020-09-29 00:00:00+00:00,1.1617020825888047,-0.1173059808014398,1.0909312370783637,-0.0568564709224961,1.025195764490424,-0.1992749933036354,1.1608131615434627,-0.1320054974582946,0.935106052215622,-0.11730598080144,1.0,0.0,1.0,0.0,1.0,0.0,1.123998612624696,-0.1360003537496525,1.1356743311352364,-0.1192717857950429,1.0,0.0
2020-09-30 00:00:00+00:00,1.1548554165687943,-0.1225082708187266,1.0877164533816577,-0.059635750072163,1.025195764490424,-0.1992749933036354,1.1608131615434627,-0.1320054974582946,0.929594863995538,-0.1225082708187268,1.0,0.0,1.0,0.0,1.0,0.0,1.1173741576779972,-0.1410924656671077,1.1296503738723604,-0.1239434323904857,1.0,0.0
2020-10-01 00:00:00+00:00,1.1379814764919314,-0.1353295665789702,1.079769977142445,-0.0665057226142026,1.025195764490424,-0.1992749933036354,1.1608131615434627,-0.1320054974582946,0.9160122736506574,-0.1353295665789703,1.0,0.0,1.0,0.0,1.0,0.0,1.1010478675557993,-0.1536422221629989,1.1148351397395002,-0.1354328130545878,1.0,0.0
2020-10-02 00:00:00+00:00,1.132759406760282,-0.1392974424991826,1.077292505306892,-0.0686475730358947,1.025195764490424,-0.1992749933036354,1.1608131615434627,-0.1320054974582946,0.9118087957673472,-0.1392974424991827,1.0,0.0,1.0,0.0,1.0,0.0,1.0959952820251586,-0.157526063354697,1.1101633778732325,-0.1390558169148196,1.0,0.0
2020-10-03 00:00:00+00:00,1.1297223976038089,-0.1416050477439767,1.075848356097761,-0.0698960843401105,1.025195764490424,-0.1992749933036354,1.1608131615434627,-0.1320054974582946,0.9093641710348824,-0.1416050477439768,1.0,0.0,1.0,0.0,1.0,0.0,1.0930568401220526,-0.1597847963604987,1.1072601703382805,-0.1413072870041088,1.0,0.0
2020-10-04 00:00:00+00:00,1.1430717353110031,-0.1314618443091136,1.0822047242895136,-0.0644008089966884,1.0347469763247392,-0.1918150579187171,1.1608131615434627,-0.1320054974582946,0.9201096510251136,-0.1314618443091139,1.0,0.0,1.0,0.0,1.0,0.0,1.1059729201456916,-0.1498564134906068,1.1201855385349526,-0.1312835186246498,1.0,0.0
2020-10-05 00:00:00+00:00,1.1565293079951924,-0.1212364008849338,1.0885752119353902,-0.0588933269519287,1.0469292236968577,-0.1823001628650247,1.1608131615434627,-0.1320054974582946,0.930942254197412,-0.1212364008849339,1.0,0.0,1.0,0.0,1.0,0.0,1.1189937223401891,-0.1398475323731546,1.1333736682375126,-0.1210559757426791,1.0,0.0
2020-10-06 00:00:00+00:00,1.13589500619283,-0.136914925580951,1.0788642650089424,-0.0672887385448928,1.0282503597734511,-0.1968892140084269,1.1608131615434627,-0.1320054974582946,0.9143327802300124,-0.1369149255809512,1.0,0.0,1.0,0.0,1.0,0.0,1.0990291144205322,-0.1551940052125034,1.1131524994667852,-0.1367377195070004,1.0,0.0
2020-10-07 00:00:00+00:00,1.1430460161085487,-0.1314813864847931,1.0822602518804103,-0.0643528036905247,1.0347236944377405,-0.1918332421424221,1.1608131615434627,-0.1320054974582946,0.9200889484868006,-0.1314813864847931,1.0,0.0,1.0,0.0,1.0,0.0,1.1059480356694478,-0.1498755417870569,1.1201603342736957,-0.1313030648126709,1.0,0.0
2020-10-08 00:00:00+00:00,1.170820611492274,-0.1103774652658173,1.0954090403684724,-0.0529852725792731,1.0598661922391872,-0.1721957958928919,1.1608131615434627,-0.1320054974582946,0.9424459646533582,-0.1103774652658173,1.0,0.0,1.0,0.0,1.0,0.0,1.1328211963062524,-0.1292185756457823,1.14737883607581,-0.1101948105990286,1.0,0.0
2020-10-09 00:00:00+00:00,1.184223530871248,-0.1001935489649559,1.101678864674155,-0.0475648170809098,1.0719989656014333,-0.1627195423145728,1.1608131615434627,-0.1320054974582946,0.9532345749317414,-0.1001935489649558,1.0,0.0,1.0,0.0,1.0,0.0,1.1457891189887324,-0.1192503421582863,1.1605134067231997,-0.1000088033666025,1.0,0.0
2020-10-10 00:00:00+00:00,1.210219214751887,-0.0804412948971299,1.1137707099877596,-0.0371110457756952,1.095531132885463,-0.1443398382046453,1.1608131615434627,-0.1320054974582946,0.974159665531647,-0.0804412948971298,1.0,0.0,1.0,0.0,1.0,0.0,1.1709411033520167,-0.0999164165214687,1.1859886137883937,-0.0802524938244104,1.0,0.0
2020-10-11 00:00:00+00:00,1.2183421961936898,-0.0742692244117592,1.1175085199222632,-0.0338795943946809,1.1028843288625825,-0.1385966542177852,1.1608131615434627,-0.1320054974582946,0.9806982172155158,-0.0742692244117591,1.0,0.0,1.0,0.0,1.0,0.0,1.1788004504323075,-0.0938750628926832,1.1939489596352963,-0.0740791561077884,1.0,0.0
2020-10-12 00:00:00+00:00,1.235405815388653,-0.061303805105881,1.1253342112143545,-0.0271140441456474,1.1183308908076566,-0.1265321794654405,1.1608131615434627,-0.1320054974582946,0.994433488780455,-0.0613038051058809,1.0,0.0,1.0,0.0,1.0,0.0,1.1953102635668027,-0.0811842352104733,1.210670936801554,-0.0611110747803781,1.0,0.0
2020-10-13 00:00:00+00:00,1.2238653949207412,-0.0700725421846351,1.1200781124480337,-0.031658102809623,1.107884114095573,-0.1346915921771154,1.1608131615434627,-0.1320054974582946,0.9851440873182412,-0.0700725421846349,1.0,0.0,1.0,0.0,1.0,0.0,1.184144391705635,-0.0897672612300498,1.1993615747401694,-0.0698816122302858,1.0,0.0
2020-10-14 00:00:00+00:00,1.2235792687934377,-0.0702899488890671,1.1199471815409574,-0.031771296596333,1.1076251031027116,-0.1348938916658346,1.1608131615434627,-0.1320054974582946,0.9849137715795088,-0.0702899488890669,1.0,0.0,1.0,0.0,1.0,0.0,1.1838675519074242,-0.0899800635280558,1.199081177333689,-0.0700990635720192,1.0,0.0
2020-10-15 00:00:00+00:00,1.2329271272521245,-0.0631871822869708,1.1242252483574102,-0.0280727765633891,1.1160870989481482,-0.128284684025019,1.1608131615434627,-0.1320054974582946,0.992438281650536,-0.0631871822869706,1.0,0.0,1.0,0.0,1.0,0.0,1.19291202216882,-0.0830277247808399,1.2082418761229414,-0.0629948386508985,1.0,0.0
2020-10-16 00:00:00+00:00,1.2130161780187876,-0.0783160832920087,1.115147505094202,-0.0359207641599774,1.0980630380965823,-0.1423623038767157,1.1608131615434627,-0.1320054974582946,0.9764110665731904,-0.0783160832920085,1.0,0.0,1.0,0.0,1.0,0.0,1.1736472901435155,-0.0978362142825333,1.188729577200058,-0.0781268458771302,1.0,0.0
2020-10-17 00:00:00+00:00,1.217397015503496,-0.0749873993679725,1.1171611962880303,-0.0341798663339092,1.1020287195153768,-0.1392649244389473,1.1608131615434627,-0.1320054974582946,0.9799373989325116,-0.0749873993679722,1.0,0.0,1.0,0.0,1.0,0.0,1.1778859459303532,-0.0945780277872199,1.1930227030341134,-0.0747974785175589,1.0,0.0
2020-10-18 00:00:00+00:00,1.2327149438318763,-0.0633484052363251,1.1241895506038613,-0.028103638366698,1.115895023380408,-0.1284347038705863,1.1608131615434627,-0.1320054974582946,0.9922674857094532,-0.0633484052363249,1.0,0.0,1.0,0.0,1.0,0.0,1.1927067252398094,-0.0831855332265524,1.2080339409675735,-0.0631560947020716,1.0,0.0
2020-10-19 00:00:00+00:00,1.259326816937982,-0.0431279532095164,1.136324063054438,-0.0176129800123532,1.139984985873784,-0.1096193360677241,1.1608131615434627,-0.1320054974582946,1.0136885746231088,-0.0431279532095162,1.0,0.0,1.0,0.0,1.0,0.0,1.2184549001797649,-0.0633933254872874,1.2341130001253755,-0.0429314910718772,1.0,0.0
2020-10-20 00:00:00+00:00,1.2763143501590184,-0.030220346173356,1.1439882144531732,-0.0109870859578884,1.1553626722364871,-0.0976086563105068,1.1608131615434627,-0.1320054974582946,1.027362601178872,-0.0302203461733558,1.0,0.0,1.0,0.0,1.0,0.0,1.234891096738706,-0.0507590856820753,1.250760414685416,-0.0300212338840284,1.0,0.0
2020-10-21 00:00:00+00:00,1.3696504074989488,0.0,1.185817780017136,0.0,1.2398536102337323,-0.031617350808719,1.2428006574561277,-0.0706995973470911,1.102492975322659,0.0,1.0,0.0,1.0,0.0,1.0,0.0,1.3251978978801433,0.0,1.342227728963476,0.0,1.0,0.0
2020-10-22 00:00:00+00:00,1.38974996421695,0.0,1.1945186907006846,0.0,1.2580484049232896,-0.0174063799831849,1.2610386999280916,-0.0570621566914925,1.1186720090143003,0.0,1.0,0.0,1.0,0.0,1.0,0.0,1.3446451160645678,0.0,1.361924859135575,0.0,1.0,0.0
2020-10-23 00:00:00+00:00,1.3848793902521752,-0.0035046404678406,1.192425511429174,-0.0017523202339201,1.2536393975728932,-0.0208500173473378,1.2566192126688105,-0.0603668148158098,1.1147514658212685,-0.0035046404678406,1.0,0.0,1.0,0.0,1.0,0.0,1.3399326183759237,-0.0035046404678406,1.3571518021600903,-0.0035046404678406,1.0,0.0
2020-10-24 00:00:00+00:00,1.4050968266480917,0.0,1.2011294415706273,0.0,1.2719409009111946,-0.0065557021631554,1.2749642174286775,-0.0466493934355303,1.1310253861468442,0.0,1.0,0.0,1.0,0.0,1.0,0.0,1.3594938904097982,0.0,1.3769644518629491,0.0,1.0,0.0
2020-10-25 00:00:00+00:00,1.396212985467017,-0.0063225829085864,1.19733232133149,-0.0031612914542931,1.2638989491103614,-0.0128368361012913,1.2669031504585038,-0.0526770316864854,1.123874384371215,-0.0063225829085863,1.0,0.0,1.0,0.0,1.0,0.0,1.3508983775739656,-0.0063225829085863,1.3682584799538693,-0.0063225829085864,1.0,0.0
2020-10-26 00:00:00+00:00,1.398716321172565,-0.004540972091402,1.1984056979518891,-0.002267652031888,1.266165052778244,-0.011066904993995,1.2691746404997977,-0.0509785319332609,1.1258894314336845,-0.004540972091402,1.0,0.0,1.0,0.0,1.0,0.0,1.3533204665950158,-0.0045409720914019,1.3707116947161866,-0.0045409720914021,1.0,0.0
2020-10-27 00:00:00+00:00,1.4612975705443834,0.0,1.225215182011267,0.0,1.3228157043180575,0.0,1.325959946763273,-0.0085174922976432,1.17626388278389,0.0,1.0,0.0,1.0,0.0,1.0,0.0,1.413870618414914,0.0,1.432039963419014,0.0,1.0,0.0
2020-10-28 00:00:00+00:00,1.421671780996424,-0.0271168517259612,1.208603192799769,-0.0135584258629805,1.2869451070032918,-0.0271168517259612,1.29000408749233,-0.0354033764478921,1.1443673094838358,-0.0271168517259612,1.0,0.0,1.0,0.0,1.0,0.0,1.3755308984956636,-0.0271168517259612,1.3932075480653296,-0.0271168517259612,1.0,0.0
2020-10-29 00:00:00+00:00,1.4419578019322183,-0.013234654598762,1.2172260514651565,-0.0065205938217285,1.30530869537359,-0.0132346545987619,1.3084113248560685,-0.0216394208277982,1.1606964365782464,-0.0132346545987621,1.0,0.0,1.0,0.0,1.0,0.0,1.3951585291328543,-0.0132346545987619,1.4130874091315395,-0.013234654598762,1.0,0.0
2020-10-30 00:00:00+00:00,1.4531456549998198,-0.0055785458820181,1.2219481543573492,-0.0026664929572246,1.3154363162180651,-0.0055785458820181,1.3185630183625356,-0.0140485229580793,1.169702040744419,-0.0055785458820184,1.0,0.0,1.0,0.0,1.0,0.0,1.405983276298849,-0.0055785458820182,1.4240512627781974,-0.0055785458820181,1.0,0.0
2020-10-31 00:00:00+00:00,1.4778896710276852,0.0,1.232351758639069,0.0,1.337835431668154,0.0,1.341015374977893,0.0,1.1896196078130898,0.0,1.0,0.0,1.0,0.0,1.0,0.0,1.4299242161516084,0.0,1.4482998624622323,0.0,1.0,0.0
2020-11-01 00:00:00+00:00,1.4747283523926829,-0.0021390762091219,1.2310337114749823,-0.0010695381045607,1.3349736997245525,-0.0021390762091219,1.3381468408932111,-0.0021390762091219,1.187074920812112,-0.002139076209122,1.0,0.0,1.0,0.0,1.0,0.0,1.4268654992799912,-0.0021390762091219,1.445201838682765,-0.0021390762091219,1.0,0.0
2020-11-02 00:00:00+00:00,1.4519957923234277,-0.0175208469291566,1.221545676696245,-0.0087686667926355,1.314395421853494,-0.0175208469291565,1.3175196498632598,-0.0175208469291566,1.168776464760673,-0.0175208469291566,1.0,0.0,1.0,0.0,1.0,0.0,1.4048707328401218,-0.0175208469291566,1.422924422264513,-0.0175208469291567,1.0,0.0
2020-11-03 00:00:00+00:00,1.5028083633055525,0.0,1.2429196630167263,0.0,1.3603926699341098,0.0,1.3636262302562343,0.0,1.2096777796211369,0.0,1.0,0.0,1.0,0.0,1.0,0.0,1.4540341630721894,0.0,1.4727196410873025,0.0,1.0,0.0
2020-11-04 00:00:00+00:00,1.5157194029375889,0.0,1.2482587952109834,0.0,1.3720801772075035,0.0,1.3753415179349622,0.0,1.220070453854283,0.0,1.0,0.0,1.0,0.0,1.0,0.0,1.466526170146509,0.0,1.485372180238158,0.0,1.0,0.0
2020-11-05 00:00:00+00:00,1.6706786693579168,0.0,1.312066537868937,0.0,1.512354516453858,0.0,1.5159492796905842,0.0,1.3448041097961152,0.0,1.0,0.0,1.0,0.0,1.0,0.0,1.6164561763677685,0.0,1.6372289044872343,0.0,1.0,0.0
2020-11-06 00:00:00+00:00,1.6695963195879666,-0.000647850355548,1.3116415264824062,-0.000323925177774,1.5113747370426585,-0.0006478503555481,1.514967171410744,-0.0006478503555479,1.3439328779754414,-0.000647850355548,1.0,0.0,1.0,0.0,1.0,0.0,1.614899295244094,-0.0009631446533694,1.6361682251593488,-0.000647850355548,1.0,0.0
2020-11-07 00:00:00+00:00,1.5879785738662564,-0.0495008986518299,1.279581913230235,-0.0247583668214442,1.4374916088092382,-0.0495008986518299,1.4409084280353062,-0.0495008986518298,1.2782350978505337,-0.0495008986518298,1.0,0.0,1.0,0.0,1.0,0.0,1.5491516638349545,-0.041637078392097,1.5561846024163652,-0.0495008986518299,1.0,0.0
2020-11-08 00:00:00+00:00,1.6583634579160704,-0.0073713824613439,1.3079397343233976,-0.0031452700197978,1.5012063728959355,-0.0073713824613438,1.5047746377579865,-0.0073713824613438,1.334891044367221,-0.0073713824613438,1.0,0.0,1.0,0.0,1.0,0.0,1.5992235787849498,-0.0106607267396143,1.6211656197064754,-0.0098112638597653,1.0,0.0
2020-11-09 00:00:00+00:00,1.6426436670493425,-0.0167806070806836,1.3017406894181014,-0.0078699121979031,1.4869762895465486,-0.0167806070806835,1.4905107304738514,-0.0167806070806835,1.322237480429138,-0.0167806070806836,1.0,0.0,1.0,0.0,1.0,0.0,1.5882759113089444,-0.0174333616158689,1.6068965612791035,-0.0185266355394762,1.0,0.0
2020-11-10 00:00:00+00:00,1.6393001707302892,-0.0187818873869306,1.3004158843825548,-0.0088796209263174,1.4839496442367055,-0.0187818873869305,1.4874768910351372,-0.0187818873869305,1.319546150448443,-0.0187818873869307,1.0,0.0,1.0,0.0,1.0,0.0,1.585950211020337,-0.0188721264414228,1.603874538304939,-0.020372451335839,1.0,0.0
2020-11-11 00:00:00+00:00,1.680775599588084,0.0,1.3168665953204506,0.0,1.5214945972581346,0.0,1.5251110858417285,0.0,1.35293158129551,0.0,1.0228006920869883,0.0,1.0,0.0,1.0,0.0,1.6152166038841231,-0.0007668457096255,1.640944730881973,0.0,1.0,0.0
2020-11-12 00:00:00+00:00,1.7458901904016468,0.0,1.342374827808879,0.0,1.5804385146673294,0.0,1.5841951089106914,0.0,1.4053452326695506,0.0,1.0624248088134538,0.0,1.0,0.0,1.0,0.0,1.6626446727569788,0.0,1.6987697405742237,0.0,1.0,0.0
2020-11-13 00:00:00+00:00,1.7489807812299,0.0,1.3435629699250646,0.0,1.5832362214216844,0.0,1.5869994656226312,0.0,1.4078329876901676,0.0,1.0643055229545144,0.0,1.0,0.0,1.0,0.0,1.6647723815734374,0.0,1.7014639856501026,0.0,1.0,0.0
2020-11-14 00:00:00+00:00,1.7221631545041602,-0.0153332884006199,1.3332623506739374,-0.0076666442003099,1.558960003832318,-0.0153332884006199,1.5626655451246096,-0.0153332884006199,1.3862462784700078,-0.0153332884006199,1.04798621942468,-0.01533328840062,1.0,0.0,1.0,0.0,1.6458232346838324,-0.0113824250686423,1.6778509692290036,-0.0138780583193343,1.0,0.0
2020-11-15 00:00:00+00:00,1.7100054731773464,-0.02228458338184,1.328556240587289,-0.0111693531852939,1.5479544618322636,-0.02228458338184,1.551633843704028,-0.02228458338184,1.376460016088281,-0.0222845833818401,1.0405879177844817,-0.0222845833818402,1.0,0.0,1.0,0.0,1.6373309101633993,-0.0164836176487396,1.6672334977849974,-0.0201182558983322,1.0,0.0
2020-11-16 00:00:00+00:00,1.7910820440140818,0.0,1.3600516907013809,0.0,1.6213477003600842,0.0,1.6252015329395455,0.0,1.441722180302852,0.0,1.0899253622263068,0.0,1.0,0.0,1.0,0.0,1.693331029874772,0.0,1.738294225842845,0.0,1.0,0.0
2020-11-17 00:00:00+00:00,1.892438205985998,0.0,1.3985339087308704,0.0,1.7130987067864534,0.0,1.7171706252321888,0.0,1.5233082959772557,0.0,1.151603525948795,0.0,1.0,0.0,1.0,0.0,1.7618095459724834,0.0,1.824712117002607,0.0,1.0,0.0
2020-11-18 00:00:00+00:00,1.904948454713122,0.0,1.4031565185989754,0.0,1.724423404654116,0.0,1.728522241132045,0.0,1.5333783556550231,0.0,1.1592163750759588,0.0,1.0,0.0,1.0,0.0,1.769740471213982,0.0,1.8348322619253885,0.0,1.0,0.0
2020-11-19 00:00:00+00:00,1.9078097159861576,0.0,1.4042102997122496,0.0,1.7270135145827317,0.0,1.7311185075747908,0.0,1.5356815130423491,0.0,1.1609575355324886,0.0,1.0,0.0,1.0,0.0,1.7715703926719586,0.0,1.8371733343927843,0.0,1.0,0.0
2020-11-20 00:00:00+00:00,1.999203973540792,0.0,1.4378448799110493,0.0,1.809746670111568,0.0,1.8140483141551615,0.0,1.6092488455435014,0.0,1.2165735915381597,0.0,1.0,0.0,1.0,0.0,1.847002765840689,0.0,1.911741090016852,0.0,1.0,0.0
2020-11-21 00:00:00+00:00,2.0043617452663063,0.0,1.4396996370457464,0.0,1.8144156585334512,0.0,1.8187284004431532,0.0,1.6134005670810292,0.0,1.2197122452000615,0.0,1.0,0.0,1.0,0.0,1.8508764390415664,0.0,1.915926449063201,0.0,1.0,0.0
2020-11-22 00:00:00+00:00,1.973351888540523,-0.0154711876730929,1.428562705406937,-0.0077355938365466,1.7863444933632815,-0.0154711876730929,1.790590512033513,-0.0154711876730929,1.588439344115844,-0.0154711876730929,1.200841848147402,-0.0154711876730929,1.0,0.0,1.0,0.0,1.8215733680939823,-0.01583199738755,1.889702197581384,-0.0136875042852712,1.0,0.0
2020-11-23 00:00:00+00:00,1.9683762944990604,-0.0179535709321096,1.4267617219821978,-0.0089865376990003,1.7818404183076404,-0.0179535709321096,1.7860757310995548,-0.0179535709321095,1.584434265558034,-0.0179535709321096,1.1978140548890996,-0.0179535709321096,1.0,0.0,1.0,0.0,1.8169804672287049,-0.0183134709037703,1.8854885934297103,-0.015886755803373,1.0,0.0
2020-11-24 00:00:00+00:00,2.0532507342315407,0.0,1.4575219994056274,0.0,1.8586716154822829,0.0,1.8630895507744327,0.0,1.652753504596831,0.0,1.2494626126859592,0.0,1.0,0.0,1.0,0.0,1.895326868570702,0.0,1.9563634784644743,0.0,1.0,0.0
2020-11-25 00:00:00+00:00,2.0060024160562016,-0.0230114702445352,1.4407521373455885,-0.0115057351222674,1.8159008489082504,-0.0230114702445352,1.8202171210138824,-0.0230114702445352,1.6147212165042495,-0.0230114702445352,1.220710640952477,-0.0230114702445352,1.0,0.0,1.0,0.0,1.8517126107309192,-0.0230114702445352,1.9174897646761233,-0.0198703943394314,1.0,0.0
2020-11-26 00:00:00+00:00,1.837794545471625,-0.1049341832285054,1.380346963572286,-0.0529494826594817,1.663633427621643,-0.1049341832285053,1.6675877704823543,-0.1049341832285054,1.4793231655139123,-0.1049341832285053,1.1183512739492036,-0.1049341832285054,1.0,0.0,1.0,0.0,1.703738328111877,-0.1010846960679163,1.781669144196966,-0.0892954382917758,1.0,0.0
2020-11-27 00:00:00+00:00,1.8367282702032088,-0.1054534940221846,1.3799465298478752,-0.0532242186322999,1.662668199389818,-0.1054534940221845,1.6666202479690466,-0.1054534940221845,1.4784648727796843,-0.1054534940221845,1.1177024145281371,-0.1054534940221845,1.0,0.0,1.0,0.0,1.7020188975452488,-0.1019918908083807,1.7804647821579875,-0.0899110509078545,1.0,0.0
2020-11-28 00:00:00+00:00,1.8989183733710353,-0.0751648877009979,1.4033084550845976,-0.0371956953947439,1.7189647722315249,-0.0751648877009978,1.7230506339135698,-0.0751648877009979,1.5285244730263792,-0.0751648877009979,1.1555468957168236,-0.0751648877009979,1.0,0.0,1.0,0.0,1.743113391597786,-0.0803098818979455,1.8262299502092072,-0.0665180727854352,1.0,0.0
2020-11-29 00:00:00+00:00,1.948764330994255,-0.0508882824173888,1.4217266385003164,-0.024559053599128,1.7640870093924363,-0.0508882824173887,1.7682801235457375,-0.0508882824173887,1.568647717488578,-0.0508882824173888,1.1858796063816277,-0.0508882824173888,1.0,0.0,1.0,0.0,1.775408965814511,-0.0632703016797431,1.8623396739564104,-0.0480604987483521,1.0,0.0
2020-11-30 00:00:00+00:00,2.110675283511281,0.0,1.4807879397046986,0.0,1.910654248678839,0.0,1.915195743134353,0.0,1.698977097015272,0.0,1.2844071161404929,0.0,1.0,0.0,1.080583906012596,0.0,1.879465170079416,-0.0083688458989914,1.978547779848678,0.0,1.0,0.0
2020-12-01 00:00:00+00:00,2.0109158553584,-0.0472642234133349,1.4457937936997112,-0.0236321117066674,1.8203486594036449,-0.0472642234133349,1.8246755036505828,-0.0472642234133349,1.618676263927803,-0.0472642234133349,1.2237006112495514,-0.0472642234133349,1.0,0.0,1.0295109468619623,-0.0472642234133348,1.8223075165752252,-0.0385259942262845,1.9126520350755665,-0.0333051066263112,1.0,0.0
2020-12-02 00:00:00+00:00,2.0579744944156393,-0.0249686863286567,1.462710734333407,-0.0122078286070432,1.8629477220610615,-0.0249686863286567,1.8673758213660523,-0.0249686863286567,1.6565558708003256,-0.0249686863286568,1.2523371577392863,-0.0249686863286566,1.0,0.0,1.0536031454115726,-0.0249686863286567,1.849010221656549,-0.0244372871414424,1.9427336093154015,-0.0181012411719547,1.0,0.0
2020-12-03 00:00:00+00:00,2.0813157422763124,-0.0139100227611168,1.4710056607018305,-0.0066061309256874,1.8840770045910913,-0.013910022761117,1.8885553267553596,-0.0139100227611169,1.675344286925173,-0.013910022761117,1.266540983920438,-0.0139100227611169,1.0,0.0,1.065552959284664,-0.0139100227611169,1.862060427085109,-0.0175518228740564,1.9576870486189857,-0.0105434558832276,1.0,0.0
2020-12-04 00:00:00+00:00,1.9986520823214624,-0.053074578579164,1.441793679727977,-0.0263334532455054,1.80924707961972,-0.0530745785791643,1.813547536170888,-0.0530745785791642,1.6088046035755346,-0.0530745785791643,1.2162377497272567,-0.053074578579164,1.0,0.0,1.0232323705815505,-0.0530745785791642,1.8159629842085516,-0.0418734550109555,1.9044910596668556,-0.0374298366388131,1.0,0.0
2020-12-05 00:00:00+00:00,2.051927266938582,-0.0278337539798955,1.461009586575077,-0.0133566411498231,1.8574735683804695,-0.0278337539798956,1.861888655996608,-0.0278337539798955,1.6516881864794717,-0.0278337539798956,1.2486572444598114,-0.0278337539798954,1.0,0.0,1.0505071994180069,-0.0278337539798954,1.8461516584942377,-0.0259455035919733,1.938118856012704,-0.0204336353398886,1.0,0.0
2020-12-06 00:00:00+00:00,2.074618033303849,-0.0170832768494109,1.4690877060387972,-0.007901356671121,1.878014013185155,-0.0170832768494109,1.8824779240335756,-0.0170832768494109,1.6699530009061516,-0.0170832768494109,1.2624652337881117,-0.0170832768494108,1.0,0.0,1.062123991987165,-0.0170832768494108,1.8586761168690913,-0.0193374305558438,1.9535572639372092,-0.0126307366271337,1.0,0.0
2020-12-07 00:00:00+00:00,2.053989089668665,-0.0268568994413551,1.461783776593348,-0.0128338181327574,1.8593399996548732,-0.0268568994413552,1.8637595236504825,-0.026856899441355,1.6533478399675672,-0.0268568994413552,1.249911923380547,-0.0268568994413551,1.0,0.0,1.051562772710869,-0.026856899441355,1.8472110276301623,-0.0253865661582819,1.9392322153699024,-0.0198709199136867,1.0,0.0
2020-12-08 00:00:00+00:00,1.9636728953502385,-0.069647088450523,1.429645643951264,-0.0345372179109139,1.777582743222736,-0.0696470884505231,1.7818079358122096,-0.0696470884505229,1.5806482888640363,-0.0696470884505231,1.1949519001161748,-0.069647088450523,1.0,0.0,1.005324383132325,-0.0696470884505229,1.7970619639467844,-0.0518458880383101,1.8735010665815723,-0.0530928362392845,1.0,0.0
2020-12-09 00:00:00+00:00,1.986945558671033,-0.0586209190048474,1.4381174372470065,-0.0288160791383819,1.7986499407207688,-0.0586209190048475,1.8029252085976455,-0.0586209190048474,1.5993814982200487,-0.0586209190048475,1.2091139906159714,-0.0586209190048474,1.0,0.0,1.01723908438029,-0.0586209190048474,1.8101384610643316,-0.0449465519214701,1.8901796583909816,-0.0446631222949059,1.0,0.0
2020-12-10 00:00:00+00:00,1.9562271862397311,-0.0731747315553972,1.4270007192160277,-0.0363233782815635,1.7708426369365855,-0.0731747315553973,1.7750518087544571,-0.0731747315553971,1.5746549040224112,-0.0731747315553973,1.1904209702090705,-0.0731747315553972,1.0,0.0,1.0015124687670416,-0.0731747315553972,1.7928061901324994,-0.0540912916596361,1.8680531671188776,-0.0558463201420647,1.0,0.0
2020-12-11 00:00:00+00:00,1.932854861009426,-0.0842481190219067,1.418476063913208,-0.0420802156208246,1.749685222126432,-0.0842481190219068,1.753844104216521,-0.0842481190219066,1.5558414723304357,-0.0842481190219068,1.1761982325473046,-0.0842481190219067,1.0,0.0,0.9895467444856898,-0.0842481190219067,1.77632574958216,-0.062786594208039,1.8512421254817208,-0.0643429770377815,1.0,0.0
2020-12-12 00:00:00+00:00,2.0156021083722524,-0.0450439609928376,1.4488391791441095,-0.0215755137544949,1.8245908132305493,-0.0450439609928379,1.8289277407869604,-0.0450439609928376,1.622448438929591,-0.0450439609928379,1.2265523321021372,-0.0450439609928378,1.0,0.0,1.0319101267006765,-0.0450439609928378,1.8323976506190551,-0.0332023035156479,1.910910851963719,-0.0341851374901505,1.0,0.0
2020-12-13 00:00:00+00:00,2.054856041118061,-0.0264461534321661,1.4629472800092016,-0.012048085493629,1.8601247932624576,-0.0264461534321663,1.8645461826587904,-0.026446153432166,1.6540456880298695,-0.0264461534321663,1.2504394884776753,-0.0264461534321661,1.0,0.0,1.0520066182378571,-0.0264461534321661,1.8581879172163476,-0.0195950112723097,1.9388015345005791,-0.0200885951569685,1.0,0.0
2020-12-14 00:00:00+00:00,2.0653741232884157,-0.02146287521191,1.4666914351699838,-0.0095195970717629,1.869646114966339,-0.0214628752119101,1.8740901358930795,-0.0214628752119098,1.6625121635941398,-0.0214628752119101,1.2568400464854803,-0.0214628752119099,1.0,0.0,1.0573914684818493,-0.02146287521191,1.8651039552114672,-0.0159460164156414,1.9462156804330475,-0.0163413285971305,1.0,0.0
2020-12-15 00:00:00+00:00,2.081801192222636,-0.0136800253047976,1.4725241414673802,-0.00558067635192,1.8845164502081933,-0.0136800253047976,1.8889958169046348,-0.0136800253047973,1.6757350473358312,-0.0136800253047977,1.266836394290029,-0.0136800253047975,1.0,0.0,1.065801490834387,-0.0136800253047975,1.8780598862479616,-0.0091102925880863,1.957846893423816,-0.0104626669296028,1.0,0.0
2020-12-16 00:00:00+00:00,2.286385659778451,0.0,1.5448786891952428,0.0,2.069713190418719,0.0,2.074632757098714,0.0,1.840414250952675,0.0,1.3913319754119928,0.0,1.0,0.0,1.1705408056820978,0.0,2.0623368066525405,0.0,2.103112596245382,0.0,1.0,0.0
2020-12-17 00:00:00+00:00,2.443019889258613,0.0,1.5977964640438365,0.0,2.2115037625558696,0.0,2.2167603557269997,0.0,1.966496159702144,0.0,1.4866484461866063,0.0,1.0,0.0,1.2507314578535556,0.0,2.1659760641701675,0.0,2.20253866358633,0.0,1.0,0.0
2020-12-18 00:00:00+00:00,2.4762651733310452,0.0,1.6086680900937549,0.0,2.2415985117376844,0.0,2.2469266380690627,0.0,1.9932567782890376,0.0,1.5068791656034315,0.0,1.0,0.0,1.2677517542488042,0.0,2.1855075938190076,0.0,2.2229214293410164,0.0,1.0,0.0
2020-12-19 00:00:00+00:00,2.55280337656804,0.0,1.633529031188936,0.0,2.310883467288843,0.0,2.3163762792203,0.0,2.05486580709712,0.0,1.5534548817555929,0.0,1.0,0.0,1.3069363466203174,0.0,2.234612022948109,0.0,2.269770925835631,0.0,1.0,0.0
2020-12-20 00:00:00+00:00,2.5135719481243792,-0.0153679789065475,1.6209770113416635,-0.0076839894532736,2.275369858908059,-0.0153679789065475,2.280778257421616,-0.0153679789065473,2.023286672717866,-0.0153679789065475,1.5295814199004996,-0.0153679789065473,1.0,0.0,1.286851376413256,-0.0153679789065475,2.2095594621130705,-0.0112111456386002,2.2460707846588623,-0.0104416445320548,1.0,0.0
2020-12-21 00:00:00+00:00,2.434720088299937,-0.0462563193671629,1.5955516297104888,-0.0232486847514462,2.2039905036056338,-0.0462563193671629,2.209229238274166,-0.0462563193671627,1.959815278067373,-0.0462563193671627,1.4815977766226278,-0.0462563193671627,1.0,0.0,1.246482281578495,-0.0462563193671627,2.1602542267540694,-0.0332754838112523,2.1977024427187626,-0.0317514346036201,1.0,0.0
2020-12-22 00:00:00+00:00,2.5516438691907273,-0.0004542094342071,1.6338636167944904,0.0,2.3098338422166473,-0.0004542094342071,2.315324159261105,-0.0004542094342069,2.0539324676615074,-0.0004542094342069,1.5527492878926843,-0.000454209434207,1.0,0.0,1.3063427238017746,-0.0004542094342068,2.2308550035184105,-0.0016812848902253,2.2687707660236636,-0.000440643503088,1.0,0.0
2020-12-23 00:00:00+00:00,2.489700241713087,-0.0247191520640295,1.614031805535483,-0.0121379845019842,2.2537603874586787,-0.0247191520640294,2.259117421736743,-0.0247191520640293,2.004071266740312,-0.0247191520640293,1.5150547943088677,-0.0247191520640293,1.0,0.0,1.274629988330203,-0.0247191520640291,2.190834055943501,-0.0195908580796284,2.2320294911827965,-0.0166278606458666,1.0,0.0
2020-12-24 00:00:00+00:00,2.5429004119897156,-0.0038792508147016,1.631276204167846,-0.0015836160375005,2.301918970715682,-0.0038792508147015,2.30739047465198,-0.0038792508147014,2.0468944672408367,-0.0038792508147014,1.5474286406399405,-0.0038792508147014,1.0,0.0,1.3018664127329278,-0.0038792508147013,2.2232873281822876,-0.0050678572609131,2.2634282010555737,-0.0027944338822307,1.0,0.0
2020-12-25 00:00:00+00:00,2.6482709128113666,0.0,1.6650739081206154,0.0,2.397303891671114,0.0,2.403002119039951,0.0,2.131711904103601,0.0,1.611549645961739,0.0,1.0,0.0,1.3558120235267137,0.0,2.2894840579979268,0.0,2.3259261866241787,0.0,1.0,0.0
2020-12-26 00:00:00+00:00,2.839120254623173,0.0,1.725071217666164,0.0,2.5700671341456585,0.0,2.5761760079244143,0.0,2.2853350896555176,0.0,1.727687004772339,0.0,1.0,0.0,1.453519486558098,0.0,2.4107134440495734,0.0,2.4376576219220447,0.0,1.0,0.0
2020-12-27 00:00:00+00:00,2.8164305598913417,-0.0079918047482785,1.7181780014919326,-0.0039959023741391,2.5495276594195984,-0.0079918047482786,2.5555877122718824,-0.0079918047482786,2.2670711378346007,-0.0079918047482786,1.71387966756406,-0.0079918047482786,1.0,0.0,1.4419032426237075,-0.0079918047482786,2.397073405204003,-0.00565809216323,2.423449792451173,-0.0058284762154864,1.0,0.0
2020-12-28 00:00:00+00:00,2.901920117215853,0.0,1.744254674363627,0.0,2.6269156817249617,0.0,2.633159680612729,0.0,2.335885512581384,0.0,1.7659025422530723,0.0,1.0,0.0,1.485670581208982,0.0,2.4462160210437136,0.0,2.4757900367201686,0.0,1.0,0.0
2020-12-29 00:00:00+00:00,2.9346681633741705,0.0,1.754096594588971,0.0,2.6565603144248,0.0,2.662874776576727,0.0,2.3622458820942263,0.0,1.7858306779800737,0.0,1.0,0.0,1.5024363110720644,0.0,2.4650297083196273,0.0,2.495699213309575,0.0,1.0,0.0
2020-12-30 00:00:00+00:00,3.0943994134831985,0.0,1.8018335151312137,0.0,2.8011544137880553,0.0,2.8078125662235656,0.0,2.4908207214988902,0.0,1.883031775615875,0.0,1.0,0.0,1.5842125177218858,0.0,2.5568850312969444,0.0,2.59267618816656,0.0,1.0,0.0
2020-12-31 00:00:00+00:00,3.09955289867497,0.0,1.803333922980602,0.0,2.8058195218954385,0.0,2.812488762973815,0.0,2.494968992613366,0.0,1.886167820797692,0.0,1.0,0.0,1.5868509023192732,0.0,2.559583544594254,0.0,2.5956926557650655,0.0,1.0,0.0
2021-01-01 00:00:00+00:00,3.1432819726478187,0.0,1.8160548096848548,0.0,2.8454045502651364,0.0,2.8521678822482315,0.0,2.530168483380113,0.0,1.912778230381645,0.0,1.0,0.0,1.6092384926459506,0.0,2.589820575444373,0.0,2.624190727764312,0.0,1.0,0.0
2021-01-02 00:00:00+00:00,3.44833743295775,0.0,1.9041788533973256,0.0,3.1215510119578234,0.0,3.128970725191244,0.0,2.7757212903110866,0.0,2.0984133240886087,0.0,1.0,0.0,1.7654150601299816,0.0,2.803061610273219,0.0,2.8244390371683044,0.0,1.0,0.0
2021-01-03 00:00:00+00:00,3.5363956956273808,0.0,1.928491828113752,0.0,3.201264312727192,0.0,3.20887349902395,0.0,2.8466033310718855,0.0,2.1519993304683713,0.0,1.0,0.0,1.810497476253193,0.0,2.852099040425265,0.0,2.875658611219575,0.0,1.0,0.0
2021-01-04 00:00:00+00:00,3.4280171197520164,-0.0306466202323937,1.8989409497750136,-0.0153233101161968,3.1031563810715266,-0.0306466202323937,3.11053237152557,-0.0306466202323937,2.7593645598322585,-0.0306466202323937,2.0860478242471414,-0.0306466202323938,1.0,0.0,1.755011847666754,-0.0306466202323937,2.7879729072787893,-0.0224838381267832,2.8092922913830365,-0.0230786504272817,1.0,0.0
2021-01-05 00:00:00+00:00,3.6381451470701593,0.0,1.9571408802057475,0.0,3.293371338008917,0.0,3.301199456404415,0.0,2.9285060230613253,0.0,2.213916822238629,0.0,1.0,0.0,1.8625892501672587,0.0,2.913205585430216,0.0,2.934172999457532,0.0,1.0,0.0
2021-01-06 00:00:00+00:00,3.9403275581392623,0.0,2.0384204232249084,0.0,3.566917018908113,0.0,3.5753953366758906,0.0,3.1717461839415795,0.0,2.3978035821688297,0.0,1.0,0.0,2.0172949278393544,0.0,3.0864576545455145,0.0,3.1070454153531073,0.0,1.0,0.0
2021-01-07 00:00:00+00:00,4.225694968970459,0.0,2.1122339260083955,0.0,3.825241196103222,0.0,3.834333532770165,0.0,3.40145119779392,0.0,2.571457926846817,0.0,1.0,0.0,2.163391977373041,0.0,3.2472946544829773,0.0,3.261050880567413,0.0,1.0,0.0
2021-01-08 00:00:00+00:00,4.348989610635855,0.0,2.143048635415136,0.0,3.9368516521395622,0.0,3.946209279226064,0.0,3.500696578649347,0.0,2.6464862916427423,0.0,1.0,0.0,2.226514053289701,0.0,3.3131453132789677,0.0,3.32802688759414,0.0,1.0,0.0
2021-01-09 00:00:00+00:00,4.295987692544812,-0.01218717974433,2.129989775954813,-0.0060935898721651,3.888872533428174,-0.01218717974433,3.898116117431393,-0.01218717974433,3.4580329602149864,-0.01218717974433,2.614233087515587,-0.01218717974433,1.0,0.0,2.1993791263189824,-0.0121871797443301,3.285031033844283,-0.0084856765328111,3.2993113744663103,-0.008628389762977,1.0,0.0
2021-01-10 00:00:00+00:00,4.088283700057983,-0.0599463171722213,2.078499011538787,-0.0301204661479111,3.70085189434042,-0.0599463171722214,3.7096485661456153,-0.0599463171722214,3.290842711221923,-0.0599463171722213,2.4878391850119908,-0.0599463171722213,1.0,0.0,2.093042735662788,-0.0599463171722215,3.176230296606398,-0.0413247846763071,3.186035611277669,-0.042665303229902,1.0,0.0
2021-01-11 00:00:00+00:00,3.794061382148473,-0.127599345634272,2.003707137758245,-0.065020221825203,3.4345119574673513,-0.127599345634272,3.4426755574609262,-0.127599345634272,3.0540099859495555,-0.127599345634272,2.3087963725990575,-0.1275993456342719,1.0,0.0,1.9424123170444243,-0.1275993456342721,3.035386837645792,-0.0838352832035256,3.030882295147784,-0.0892855143550731,1.0,0.0
2021-01-12 00:00:00+00:00,3.649044730743586,-0.1609442520121201,1.965414280810682,-0.0828886249564951,3.303238007703281,-0.1609442520121201,3.3110895784977377,-0.1609442520121201,2.93727958627724,-0.1609442520121201,2.220549534973972,-0.16094425201212,1.0,0.0,1.868169414388516,-0.1609442520121201,2.9742703039551497,-0.1022819638986611,2.959110039541094,-0.110851522692997,1.0,0.0
2021-01-13 00:00:00+00:00,4.004842034228893,-0.0791327658188278,2.0612323856769184,-0.0381775048807367,3.6253176922873367,-0.0791327658188278,3.6339348244609826,-0.0791327658188278,3.2236767760883165,-0.0791327658188278,2.4370625116834392,-0.0791327658188277,1.0,0.0,2.050323838118398,-0.0791327658188278,3.118265580245009,-0.0588201586730553,3.1308965100376365,-0.0592334089280782,1.0,0.0
2021-01-14 00:00:00+00:00,4.194855501960936,-0.0354413605169278,2.1101309327427673,-0.0153602219419495,3.7973242734344215,-0.0354413605169277,3.806350253485768,-0.0354413605169275,3.3766271291450605,-0.0354413605169277,2.552691216877525,-0.0354413605169275,1.0,0.0,2.147603366031055,-0.0354413605169275,3.186987958702483,-0.0380778211178515,3.2151793294484303,-0.033908247125758,1.0,0.0
2021-01-15 00:00:00+00:00,3.9374191449950615,-0.0946358815468908,2.0453820492839254,-0.0455736675860793,3.564284225520001,-0.0946358815468908,3.5727562853179853,-0.0946358815468907,3.169405071900682,-0.0946358815468906,2.39603372843137,-0.0946358815468906,1.0,0.0,2.0158059330800895,-0.0946358815468906,3.0961005070218257,-0.0655101982358679,3.103202934189531,-0.0675547286720198,1.0,0.0
2021-01-16 00:00:00+00:00,3.857342408153736,-0.1130486035836348,2.024583206937071,-0.0552789267216592,3.4917960703492588,-0.1130486035836348,3.5000958307607757,-0.1130486035836347,3.1049477188630306,-0.1130486035836347,2.3473047119692985,-0.1130486035836346,1.0,0.0,1.974809748705962,-0.1130486035836346,3.0686988245826265,-0.0737807930478051,3.0676734817719953,-0.0782305596125626,1.0,0.0
2021-01-17 00:00:00+00:00,3.8395136426857586,-0.1171481225671651,2.0199043613294596,-0.0574621929015725,3.4756568722659704,-0.1171481225671651,3.4839182709076058,-0.1171481225671648,3.0905965467832783,-0.117148122567165,2.336455391177057,-0.1171481225671647,1.0,0.0,1.965682112077404,-0.1171481225671647,3.061959156331599,-0.0758150135886354,3.0595900724509413,-0.0806594490398645,1.0,0.0
2021-01-18 00:00:00+00:00,3.9255293720271465,-0.0973697977049882,2.0425300846643126,-0.046904465484215,3.5535212031761843,-0.0973697977049882,3.5619676800062754,-0.0973697977049881,3.159834460959716,-0.0973697977049881,2.3887984567964646,-0.0973697977049879,1.0,0.0,2.00971883033357,-0.0973697977049881,3.0935321775840032,-0.0662853919551197,3.0983330886575704,-0.0690180117813342,1.0,0.0
2021-01-19 00:00:00+00:00,3.8462520737287735,-0.1155986980694528,2.021905316453533,-0.0565284972816941,3.481756726659654,-0.1155986980694528,3.4900326242379376,-0.1155986980694527,3.0960206118212947,-0.1155986980694527,2.3405559218701875,-0.1155986980694526,1.0,0.0,1.9691319274960717,-0.1155986980694527,3.064211503240579,-0.0751351922418467,3.0628916009975815,-0.0796674112174097,1.0,0.0
2021-01-20 00:00:00+00:00,3.800894116933822,-0.1260282370787032,2.009983386711384,-0.0620915673609878,3.4406971787800327,-0.1260282370787032,3.4488754806215836,-0.1260282370787031,3.0595099602947218,-0.1260282370787032,2.312954289854053,-0.126028237078703,1.0,0.0,1.9459104123226425,-0.1260282370787031,3.046762090248603,-0.0804019135420079,3.04247811914704,-0.085801220390237,1.0,0.0
2021-01-21 00:00:00+00:00,3.306003080042157,-0.2398227229706363,1.8791296018147052,-0.1231512104947194,2.992705168992004,-0.2398227229706363,2.9998186244700777,-0.2398227229706362,2.6611499928636704,-0.2398227229706363,2.0117987428765187,-0.2398227229706361,1.0,0.0,1.6925453902973766,-0.2398227229706362,2.8378144782547774,-0.1434681518854851,2.816001185955863,-0.153852633687231,1.0,0.0
2021-01-22 00:00:00+00:00,3.530514571332842,-0.1881988950494056,1.9429356810919376,-0.0933777008212571,3.195940521233469,-0.1881988950494058,3.2035370532420075,-0.1881988950494055,2.841869350644305,-0.1881988950494056,2.1484204957921795,-0.1881988950494054,1.0,0.0,1.807486568648606,-0.1881988950494055,2.927893389134101,-0.1162798150146903,2.9107289303234536,-0.1253889981557073,1.0,0.0
2021-01-23 00:00:00+00:00,3.437585734698437,-0.209566809198278,1.9173650809922496,-0.1053095812635014,3.1118182131137044,-0.2095668091982782,3.1192147921500215,-0.2095668091982779,2.7670667666904745,-0.209566809198278,2.0918706039161896,-0.2095668091982779,1.0,0.0,1.7599106075066535,-0.2095668091982779,2.893528170992248,-0.1266521998310514,2.8729716008506867,-0.1367342578991051,1.0,0.0
2021-01-24 00:00:00+00:00,3.457078746891892,-0.2050846158755387,1.9228013411741889,-0.102772886532406,3.12946394330154,-0.2050846158755388,3.1369024650315005,-0.2050846158755386,2.782757565520233,-0.2050846158755387,2.103732667101312,-0.2050846158755386,1.0,0.0,1.769890273929294,-0.2050846158755386,2.90078578833506,-0.1244616477554382,2.880893287403596,-0.134353962660975,1.0,0.0
2021-01-25 00:00:00+00:00,3.456467915833603,-0.2052250694321062,1.9226314713412895,-0.1028521520376735,3.1289109984853183,-0.2052250694321062,3.1363482059032735,-0.2052250694321061,2.782265880235298,-0.2052250694321061,2.103360958689243,-0.2052250694321061,1.0,0.0,1.769577552111762,-0.2052250694321061,2.900521036064118,-0.124541557401985,2.8806242406642597,-0.1344348053790248,1.0,0.0
2021-01-26 00:00:00+00:00,3.479354791117584,-0.1999624964362983,1.9289967881579264,-0.099881936284542,3.1496289676783693,-0.1999624964362985,3.157115420291935,-0.1999624964362982,2.800688551516615,-0.1999624964362983,2.1172882859814184,-0.1999624964362981,1.0,0.0,1.7812947448433911,-0.1999624964362982,2.909379497076038,-0.1218678258948229,2.890127070093037,-0.131579410951714,1.0,0.0
2021-01-27 00:00:00+00:00,3.254138165026278,-0.2517484619719524,1.8665653641653264,-0.1290139974803937,2.9457553037016875,-0.2517484619719524,2.952757162561456,-0.2517484619719523,2.619401599143898,-0.2517484619719524,1.9802374380918264,-0.2517484619719522,1.0,0.0,1.6659925648150813,-0.2517484619719523,2.8196786082965133,-0.1489420651139742,2.795918132043319,-0.1598871564212293,1.0,0.0
2021-01-28 00:00:00+00:00,3.575489954991287,-0.1778573243203211,1.9587286483349728,-0.0860083079936532,3.2366537510439843,-0.1778573243203211,3.2443470556148943,-0.1778573243203208,2.878072051913472,-0.1778573243203209,2.1757893209607557,-0.1778573243203208,1.0,0.0,1.8305122212100025,-0.1778573243203208,2.9674331239598293,-0.1043456162135528,2.9309724713595453,-0.1193062525169766,1.0,0.0
2021-01-29 00:00:00+00:00,3.6705802762652846,-0.1559924017089987,1.984774887983716,-0.0738544822622564,3.322732707750272,-0.1559924017089988,3.330630616113254,-0.1559924017089986,2.9546145116913607,-0.1559924017089987,2.2336545389194495,-0.1559924017089986,1.0,0.0,1.8791947786782033,-0.1559924017089985,3.0041408620871253,-0.093266193291723,2.9671497511186327,-0.1084357634911984,1.0,0.0
2021-01-30 00:00:00+00:00,3.671724780774499,-0.1557292360977461,1.985084319141476,-0.0737100939583016,3.3237687517217185,-0.1557292360977461,3.3316691226903523,-0.155729236097746,2.955535774646291,-0.1557292360977461,2.2343510031020615,-0.155729236097746,1.0,0.0,1.87978072061,-0.1557292360977459,3.0045071442436417,-0.0931556390835968,2.96755039348141,-0.1083153791384546,1.0,0.0
2021-01-31 00:00:00+00:00,3.5463543851443573,-0.1845567125588388,1.9511941420027827,-0.0895240967665619,3.2102792533888516,-0.1845567125588387,3.2179098675829176,-0.1845567125588386,2.8546195264278493,-0.1845567125588387,2.158059481825126,-0.1845567125588385,1.0,0.0,1.815595939148499,-0.1845567125588385,2.9548269719833296,-0.1081505057624581,2.9198265266366037,-0.1226553675029433,1.0,0.0
2021-02-01 00:00:00+00:00,3.5927979066095657,-0.1738775604744957,1.9639706890106765,-0.0835622409333559,3.2523214909155476,-0.1738775604744956,3.260052036632419,-0.1738775604744955,2.8920039975923855,-0.1738775604744955,2.1863217114227083,-0.1738775604744954,1.0,0.0,1.839373221341507,-0.1738775604744954,2.9732855448085,-0.1025791917753567,2.937649599114025,-0.1172999202426283,1.0,0.0
2021-02-02 00:00:00+00:00,3.800680861880138,-0.1260772726186277,2.0207893636911014,-0.0570492287032726,3.4405041331336683,-0.1260772726186275,3.4486819761189222,-0.1260772726186274,3.0593383017478764,-0.1260772726186276,2.31282451796984,-0.1260772726186274,1.0,0.0,1.9458012340038904,-0.1260772726186274,3.055967848420229,-0.0776233580302018,3.0208433114296502,-0.0923020115340941,1.0,0.0
2021-02-03 00:00:00+00:00,4.031363890126411,-0.0730343709565691,2.0821154558841615,-0.0284329429225347,3.649326168176221,-0.0730343709565688,3.6580003668548136,-0.0730343709565688,3.245025406117879,-0.0730343709565689,2.453201830087432,-0.0730343709565688,1.0,0.0,2.0639019999817276,-0.0730343709565687,3.1414275578772224,-0.05182922545338,3.1093933997775753,-0.0656946278383635,1.0,0.0
2021-02-04 00:00:00+00:00,3.958255985516753,-0.0898446903997028,2.063236101119402,-0.0372425212273697,3.5831464343035258,-0.0898446903997025,3.5916633282815655,-0.0898446903997024,3.1861775783572983,-0.0898446903997026,2.4087135501230437,-0.0898446903997023,1.0,0.0,2.0264735875013016,-0.0898446903997023,3.1159240613203565,-0.0595268946303548,3.0823840193564056,-0.073810361675086,1.0,0.0
2021-02-05 00:00:00+00:00,4.103310144091885,-0.056491159680662,2.101040752673619,-0.0196019269219149,3.714454336819469,-0.0564911596806617,3.723283340699996,-0.0564911596806616,3.30293816923132,-0.0564911596806618,2.49698321194887,-0.0564911596806616,1.0,0.0,2.1007356923740756,-0.0564911596806614,3.181610594485163,-0.0397008601665065,3.1371673575786585,-0.0573491550584963,1.0,0.0
2021-02-06 00:00:00+00:00,4.199403514261599,-0.034395597544871,2.1256423645063265,-0.0081222005983254,3.80144128711871,-0.0343955975448706,3.8104770530299703,-0.0343955975448706,3.380288028003418,-0.0343955975448707,2.5554588142473817,-0.0343955975448705,1.0,0.0,2.1499317719847504,-0.0343955975448703,3.2271707524712467,-0.0259495291266392,3.173872916079051,-0.0463199297126256,1.0,0.0
2021-02-07 00:00:00+00:00,4.157475856093984,-0.0440363789496085,2.115030951939881,-0.0130737506430074,3.791937683900914,-0.0368096085510084,3.772432511991606,-0.0440363789496081,3.3465385775243472,-0.0440363789496083,2.5299446184190195,-0.0440363789496081,1.0,0.0,2.1284664367024084,-0.0440363789496077,3.2065509198252156,-0.0321731718275457,3.157394603162005,-0.0512713058503823,1.0,0.0
2021-02-08 00:00:00+00:00,4.969686126332519,0.0,2.321628647332381,0.0,3.791937683900914,-0.0368096085510084,4.509420178565819,0.0,4.000323012238641,0.0,3.024198120625813,0.0,1.0,0.0,2.5442866024921176,0.0,3.5995654022428645,0.0,3.4773739865813287,0.0,1.0,0.0
2021-02-09 00:00:00+00:00,4.97456741663165,0.0,2.3227688142469836,0.0,3.786182330164163,-0.0382715264095651,4.5138493896694545,0.0,4.004252181489304,0.0,3.027168527322252,0.0,0.9984822129959608,-0.0015177870040391,2.5467856338585344,0.0,3.5990782901382294,-0.0001353252546353,3.477998071614735,0.0,1.0,0.0
2021-02-10 00:00:00+00:00,4.801730089605307,-0.0347441923188113,2.2824174510498163,-0.0173720961594056,3.654634483130854,-0.071686005454468,4.35701933837663,-0.0347441923188113,3.86512767360262,-0.0347441923188113,2.921992001827515,-0.0347441923188113,0.9637907549607168,-0.0362092450392831,2.4582996240009676,-0.0347441923188113,3.5477284688335193,-0.0144008866673309,3.4259828839765976,-0.0149554963996826,1.0,0.0
2021-02-11 00:00:00+00:00,5.140573080506082,0.0,2.362948961689288,0.0,3.912530544717888,-0.0061778064226668,4.664480490186061,0.0,4.137877577636587,0.0,3.128187787682017,0.0,1.0318024374000037,0.0,2.6317740970726526,0.0,3.655247627250021,0.0,3.532179771353276,0.0,1.0,0.0
2021-02-12 00:00:00+00:00,5.067497324899491,-0.0142154881298558,2.3461537252311135,-0.0071077440649278,3.856912013201753,-0.0203054740186526,4.598172623145877,-0.0142154881298557,4.079055628048898,-0.0142154881298558,3.083719071318263,-0.0142154881298558,1.0171348620987877,-0.0142154881298557,2.594362143635254,-0.0142154881298558,3.63199041831152,-0.0063626903865875,3.510198550551058,-0.0062231319539538,1.0,0.0
2021-02-13 00:00:00+00:00,5.053147081563453,-0.0170070530218047,2.342831782001327,-0.0085135904389483,3.845989930294441,-0.0230797931630827,4.585151423170293,-0.0170070530218046,4.067504474275985,-0.0170070530218046,3.074986532114747,-0.0170070530218047,1.0142545186391143,-0.0170070530218046,2.5870153754623257,-0.0170070530218047,3.6274232298072784,-0.0076121785116034,3.5055698413474787,-0.0075335718248571,1.0,0.0
2021-02-14 00:00:00+00:00,5.205758399126395,0.0,2.3782099967364636,0.0,3.9621436026736823,0.0,4.723628690627767,0.0,4.19034816099099,0.0,3.16785494432988,0.0,1.0448862647441164,0.0,2.6651464527162143,0.0,3.675215831035112,0.0,3.55378134664435,0.0,1.0,0.0
2021-02-15 00:00:00+00:00,5.134313669608779,-0.013724173125208,2.361890513874808,-0.006862086562604,3.907766457923653,-0.0137241731252081,4.658800792698392,-0.0137241731252081,4.132839097374652,-0.013724173125208,3.1243787546383506,-0.0137241731252081,1.0305460647506162,-0.013724173125208,2.628569521395103,-0.0137241731252081,3.6521086561745695,-0.0062872973786779,3.5309096178354196,-0.0064358852101373,1.0,0.0
2021-02-16 00:00:00+00:00,5.265304782608611,0.0,2.3920198249283513,0.0,4.007464822808679,0.0,4.777660204169948,0.0,4.238279712820256,0.0,3.2040906454263345,0.0,1.0568382597168746,0.0,2.6956318922126647,0.0,3.693674794256874,0.0,3.5730464820116645,0.0,1.0,0.0
2021-02-17 00:00:00+00:00,5.585322388946306,0.0,2.4647115769057777,0.0,4.251032736353538,0.0,5.068039478601207,0.0,4.495876221414841,0.0,3.3988306388689047,0.0,1.1210713600072495,0.0,2.8594684983219243,0.0,3.7951008523290657,0.0,3.6746815826674593,0.0,1.0,0.0
2021-02-18 00:00:00+00:00,5.524548985180334,-0.0108809124225749,2.4513024214981685,-0.0054404562112875,4.2047776214437755,-0.0108809124225749,5.012894584880395,-0.0108809124225749,4.446956985986889,-0.010880912422575,3.3618482603482076,-0.0108809124225749,1.1088730807195537,-0.0108809124225748,2.828354872016571,-0.0108809124225749,3.776436667970553,-0.0049179679499316,3.65614159671377,-0.0050453312856106,1.0,0.0
2021-02-19 00:00:00+00:00,5.991073885031827,0.0,2.5548035054565923,0.0,4.559853386724156,0.0,5.436212425024603,0.0,4.8224837788701835,0.0,3.6457421903653144,0.0,1.2025127433089189,0.0,3.0671975317434708,0.0,3.9215077642840814,0.0,3.7993088594583417,0.0,1.0,0.0
2021-02-20 00:00:00+00:00,5.984128628735743,-0.0011592673416089,2.5533226553225403,-0.0005796336708044,4.554567297610402,-0.0011592673416089,5.429910401498224,-0.0011592673416089,4.8168932309199,-0.0011592673416089,3.641515800508098,-0.0011592673416089,1.2011187095577325,-0.0011592673416089,3.063641829814657,-0.0011592673416088,3.919355346695969,-0.0005488750035677,3.797216077813744,-0.0005508321965949,1.0,0.0
2021-02-21 00:00:00+00:00,6.152094310163875,0.0,2.5891566594286437,0.0,4.6824072969178765,0.0,5.5823199931473315,0.0,4.952096333007789,0.0,3.743727788386586,0.0,1.23483234357926,0.0,3.149633746018715,0.0,3.9671853878075938,0.0,3.851635118325828,0.0,1.0,0.0
2021-02-22 00:00:00+00:00,5.796215562537464,-0.0578467639935986,2.514269492318432,-0.0289233819967994,4.411545187091163,-0.0578467639935987,5.25940084596699,-0.0578467639935987,4.665633585158722,-0.0578467639935987,3.52716525055551,-0.0578467639935987,1.1634012884285678,-0.0578467639935988,2.967437626046496,-0.0578467639935987,3.865647290923842,-0.0255944925578244,3.734836633464773,-0.0303243898429877,1.0,0.0
2021-02-23 00:00:00+00:00,5.239323029962636,-0.148367569510963,2.3934856903664676,-0.0755732444190361,3.987689906813773,-0.148367569510963,4.754084743531606,-0.148367569510963,4.21736583609527,-0.1483675695109632,3.188279995513015,-0.148367569510963,1.0516232700088783,-0.1483675695109633,2.682330242272208,-0.1483675695109632,3.6234214772556816,-0.0866518392632736,3.5515543450331246,-0.0779099691621718,1.0,0.0
2021-02-24 00:00:00+00:00,5.3234676873254765,-0.1346901690810273,2.412705638455847,-0.0681499979270217,4.0517330663897715,-0.1346901690810273,4.830436369405918,-0.1346901690810273,4.285097640609434,-0.1346901690810273,3.2394844595754564,-0.1346901690810272,1.068512566435848,-0.1346901690810275,2.7254090442241448,-0.1346901690810272,3.6529665566103855,-0.0792044738223983,3.5781779744185025,-0.0709976764429825,1.0,0.0
2021-02-25 00:00:00+00:00,5.044578300612445,-0.180022599413293,2.3495064198872755,-0.0925591885947343,3.8394681638149497,-0.1800225994132929,4.577376237224153,-0.1800225994132929,4.060607078594691,-0.180022599413293,3.0697721804254545,-0.1800225994132929,1.0125346152485128,-0.1800225994132931,2.5826284918605986,-0.1800225994132929,3.5494370296194337,-0.1053009419403568,3.489447193868967,-0.0940348484033689,1.0,0.0
2021-02-26 00:00:00+00:00,4.959184118663701,-0.1939031054074329,2.3296202999032487,-0.1002397280907164,3.774473981263077,-0.1939031054074329,4.499890811098065,-0.1939031054074328,3.9918694757608177,-0.1939031054074329,3.017807344418326,-0.1939031054074329,0.995394517501703,-0.193903105407433,2.538909981769641,-0.1939031054074328,3.516199669306003,-0.113679012805303,3.462067217372091,-0.1011435115180559,1.0,0.0
2021-02-27 00:00:00+00:00,4.940919198387436,-0.1968720001212361,2.325330246536248,-0.1018966588721653,3.760572406991383,-0.196872000121236,4.483317490779652,-0.1968720001212359,3.977167223135507,-0.196872000121236,3.0066926107774674,-0.196872000121236,0.9917284302844174,-0.1968720001212363,2.5295590507906693,-0.196872000121236,3.5090604973937825,-0.1154785687156876,3.455883771333727,-0.1027489195716234,1.0,0.0
2021-02-28 00:00:00+00:00,4.836888239360278,-0.2137818447663821,2.300850354648826,-0.1113514331896159,3.681393627035204,-0.2137818447663821,4.388921326936038,-0.2137818447663819,3.893428043476548,-0.2137818447663821,2.943386755482134,-0.213781844766382,0.9708476071916904,-0.2137818447663824,2.4762992334563836,-0.213781844766382,3.4683723674547946,-0.1257347392652251,3.4196598780529732,-0.1121537287417349,1.0,0.0
2021-03-01 00:00:00+00:00,5.313911931980286,-0.1362434214961282,2.4143076104325356,-0.0675312744632039,4.044460105947348,-0.1362434214961282,4.821765617394697,-0.136243421496128,4.277405785020378,-0.1362434214961282,3.233669505346665,-0.1362434214961281,1.0665945601159386,-0.1362434214961285,2.720516868001458,-0.1362434214961281,3.659013279323214,-0.0776802892628835,3.585901398034594,-0.0689924440212134,1.0,0.0
2021-03-02 00:00:00+00:00,5.191062018190661,-0.1562122170958095,2.3863999704866905,-0.0783099347054172,3.950958071720738,-0.1562122170958094,4.710293410479524,-0.1562122170958092,4.178518385556615,-0.1562122170958094,3.158911770359526,-0.1562122170958094,1.041936445447129,-0.1562122170958098,2.657622475513352,-0.1562122170958093,3.617503451181493,-0.0881435835342564,3.546564666484454,-0.0792054393703778,1.0,0.0
2021-03-03 00:00:00+00:00,5.395606835309359,-0.1229642194536456,2.433415951400111,-0.060151133559798,4.106638738488315,-0.1229642194536456,4.895894372449491,-0.1229642194536453,4.343165672760226,-0.1229642194536455,3.283383223040707,-0.1229642194536455,1.08299214829492,-0.1229642194536458,2.7623414908746624,-0.1229642194536454,3.68621354131746,-0.070823976956975,3.6128903644647425,-0.0619852988475345,1.0,0.0
2021-03-04 00:00:00+00:00,5.183929226043347,-0.1573716258739763,2.385682704087566,-0.078586961742971,3.94552924759774,-0.1573716258739763,4.703821219676933,-0.157371625873976,4.172776881597797,-0.1573716258739763,3.1545712594986037,-0.1573716258739762,1.040504769988419,-0.1573716258739765,2.6539707625002076,-0.1573716258739762,3.614316381416162,-0.0889469414451638,3.545813831299043,-0.0794003787045423,1.0,0.0
2021-03-05 00:00:00+00:00,5.224396247838247,-0.1507938623101044,2.394994315972333,-0.074990573764338,3.976329015706615,-0.1507938623101042,4.740540400729732,-0.1507938623101039,4.20535060042184,-0.1507938623101042,3.1791966157381086,-0.150793862310104,1.0486272051855057,-0.1507938623101044,2.6746883085943116,-0.150793862310104,3.627995145865936,-0.0854989643247063,3.5588323868308094,-0.0760203712189356,1.0,0.0
2021-03-06 00:00:00+00:00,5.238379992539314,-0.1485208567292302,2.3981995656783557,-0.0737526225208895,3.9869721536244342,-0.1485208567292302,4.753229045228381,-0.1485208567292298,4.216606743023793,-0.1485208567292302,3.187706129894385,-0.14852085672923,1.051433985993905,-0.1485208567292302,2.6818474436767215,-0.14852085672923,3.6327698242242272,-0.0842954212856123,3.5633232488786617,-0.0748544087354997,1.0,0.0
2021-03-07 00:00:00+00:00,5.462303157073859,-0.1121229809416952,2.4494570571830674,-0.053955639083038,4.1574018328042985,-0.1121229809416952,4.956413634945231,-0.1121229809416948,4.396852530240518,-0.1121229809416952,3.323969868918423,-0.112122980941695,1.0963792602539335,-0.1121229809416953,2.796487421540539,-0.112122980941695,3.718017410968401,-0.062807243040611,3.636375444556656,-0.0558878676604076,1.0,0.0
2021-03-08 00:00:00+00:00,5.6126983366919925,-0.0876768050484444,2.483177863543373,-0.0409317819759338,4.271868785188594,-0.0876768050484445,5.092880011390121,-0.0876768050484441,4.517912348237549,-0.0876768050484444,3.415489696929772,-0.0876768050484442,1.126566188923747,-0.0876768050484446,2.873483922095031,-0.0876768050484443,3.772940714600701,-0.0489628424736257,3.684299049949158,-0.0434454623130047,1.0,0.0
2021-03-09 00:00:00+00:00,5.881606529585902,-0.0439667805695208,2.542663233312343,-0.0179569768198424,4.476536922757164,-0.0439667805695209,5.336883354939776,-0.0439667805695205,4.734368600175308,-0.0439667805695207,3.5791281302025766,-0.0439667805695205,1.180540740888963,-0.0439667805695211,3.0111544902331526,-0.0439667805695207,3.8730121526171546,-0.0237380475033666,3.768744626789801,-0.0215208577628861,1.0,0.0
2021-03-10 00:00:00+00:00,5.985243127508762,-0.0271210378520136,2.565064678039944,-0.0093049531402307,4.555415551379621,-0.0271210378520138,5.430921681311132,-0.0271210378520133,4.817790340913467,-0.0271210378520136,3.642194005330119,-0.0271210378520134,1.2013424088481557,-0.0271210378520141,3.064212409972962,-0.0271210378520135,3.9165986123542065,-0.0127513011135945,3.800348876590137,-0.0133154465986859,1.0,0.0
2021-03-11 00:00:00+00:00,6.191164993592199,0.0,2.609190112368503,0.0,4.712144300929357,0.0,5.617772157280697,0.0,4.98354607652259,0.0,3.7675034322385064,0.0,1.2426745093769025,0.0,3.1696364210106385,0.0,4.004482686236026,0.0,3.8788890736884176,0.0,1.0,0.0
2021-03-12 00:00:00+00:00,6.132070839419804,-0.0095449167052659,2.5967378612231227,-0.0047724583526328,4.667167276073793,-0.0095449167052659,5.564150989970291,-0.0095449167052659,4.935978544325327,-0.0095449167052659,3.7315429257909862,-0.0095449167052659,1.2308132846931426,-0.0095449167052659,3.139382505386114,-0.0095449167052659,3.9763546132517575,-0.0070241464848751,3.8563923661490422,-0.0057997811002062,1.0,0.0
2021-03-13 00:00:00+00:00,6.557152459416569,0.0,2.6867421652878893,0.0,4.990700235568608,0.0,5.949863806840972,0.0,5.278145784534445,0.0,3.9902174182293,0.0,1.316134560110829,0.0,3.357007812745626,0.0,4.17681709940809,0.0,4.02085929678258,0.0,1.0,0.0
2021-03-14 00:00:00+00:00,6.319241263647217,-0.0362827000350881,2.638001035260507,-0.0181413500175441,4.809624155956428,-0.0362827000350882,5.733986683087733,-0.0362827000350882,5.086640404292716,-0.0362827000350882,3.8454415565689017,-0.0362827000350882,1.268381644660515,-0.0362827000350882,3.235206505260329,-0.0362827000350882,4.072407919420586,-0.024997307160589,3.930919825158827,-0.0223682215629182,1.0,0.0
2021-03-15 00:00:00+00:00,5.958839151289162,-0.0912459046560956,2.5627751413719513,-0.0461402755789388,4.53531927770676,-0.0912459046560957,5.406963101205206,-0.0912459046560957,4.796536597517841,-0.0912459046560957,3.6261264201284567,-0.0912459046560957,1.196042671524364,-0.0912459046560956,3.0506945979340707,-0.0912459046560956,3.918753191156227,-0.0617848237329888,3.79457198356557,-0.0562783466206044,1.0,0.0
2021-03-16 00:00:00+00:00,6.097674621037543,-0.0700727703409094,2.5926302928182587,-0.0350282485924905,4.640988044121286,-0.0700727703409094,5.532940366744516,-0.0700727703409094,4.908291487148923,-0.0700727703409095,3.7106118294714214,-0.0700727703409095,1.223909365342449,-0.0700727703409093,3.1217729752504635,-0.0700727703409093,3.981872273888295,-0.0466730577088045,3.846188765037381,-0.0434410952616438,1.0,0.0
2021-03-17 00:00:00+00:00,6.31331084421464,-0.0371871199748838,2.6384727687769653,-0.0179657717567967,4.805110467149836,-0.037187119974884,5.728605507621757,-0.037187119974884,5.081866744000034,-0.0371871199748841,3.8418327243717343,-0.0371871199748841,1.2671913063208964,-0.037187119974884,3.232170360456432,-0.037187119974884,4.082230616665574,-0.0226455888518366,3.9260961131291054,-0.0235678934921452,1.0,0.0
2021-03-18 00:00:00+00:00,6.177769575647275,-0.0578578714033819,2.6101499160785124,-0.0285074802483586,4.701948943126251,-0.057857871403382,5.60561735183713,-0.0578578714033821,4.972763504484547,-0.0578578714033821,3.7593519319738538,-0.0578578714033822,1.2399858159823898,-0.057857871403382,3.162778486415641,-0.057857871403382,4.01923689838321,-0.0377273405261656,3.876708052256825,-0.0358508552241811,1.0,0.0
2021-03-19 00:00:00+00:00,6.218689898385432,-0.0516173084469127,2.618794474252222,-0.0252899931796718,4.733093722143183,-0.0516173084469127,5.642747851506139,-0.0516173084469128,5.005702105546358,-0.0516173084469128,3.784253134982314,-0.0516173084469129,1.2481992365639465,-0.0516173084469127,3.183728105016439,-0.0516173084469127,4.038922136068162,-0.0330143647801742,3.891663546235721,-0.0321313781485065,1.0,0.0
2021-03-20 00:00:00+00:00,6.226434593224469,-0.0504362020311368,2.620425184609278,-0.0246830460828775,4.738988270210626,-0.0504362020311369,5.649775273821391,-0.0504362020311369,5.011936157395871,-0.050436202031137,3.788966006375325,-0.0504362020311371,1.2497537315369176,-0.0504362020311369,3.1876930884818826,-0.0504362020311369,4.042700864732858,-0.0321096738217813,3.894412843661752,-0.0314476194732822,1.0,0.0
2021-03-21 00:00:00+00:00,6.1459849279475565,-0.0627051961981675,2.603496368781484,-0.0309839170955525,4.677757398131036,-0.0627051961981677,5.576776429480632,-0.0627051961981677,4.94717861755268,-0.0627051961981678,3.740010052145885,-0.0627051961981678,1.2336060842958902,-0.0627051961981677,3.14650597920863,-0.0627051961981676,4.003457473282127,-0.0415051992941061,3.864183821979057,-0.0389656695843327,1.0,0.0
2021-03-22 00:00:00+00:00,5.795741900558933,-0.1161190872974431,2.5293132670746408,-0.0585947175159548,4.411184679239246,-0.1161190872974432,5.258971052046507,-0.1161190872974432,4.665252313411457,-0.1161190872974432,3.526877013506153,-0.1161190872974433,1.1633062162301375,-0.1161190872974432,2.9671951294792183,-0.1161190872974431,3.8295599426701568,-0.0831391819352455,3.723266456258009,-0.0740122492629123,1.0,0.0
2021-03-23 00:00:00+00:00,5.823351464393577,-0.1119084845997744,2.535337796574339,-0.0563523998207423,4.400156717541148,-0.1183287895791995,5.284023564642353,-0.1119084845997746,4.687476488290506,-0.1119084845997747,3.5436782337316335,-0.1119084845997747,1.168847935959435,-0.1119084845997746,2.9813301556316594,-0.1119084845997745,3.8413872450962208,-0.0803075275571449,3.734026647997506,-0.0713361566803871,1.0,0.0
2021-03-24 00:00:00+00:00,5.605034014360625,-0.1452030360661553,2.4878128887867312,-0.0740410743804448,4.400156717541148,-0.1183287895791995,5.085925517907529,-0.1452030360661556,4.511742991820262,-0.1452030360661557,3.4108257345383484,-0.1452030360661557,1.1250278261111424,-0.1452030360661556,2.8695600862371573,-0.1452030360661554,3.7358069898729585,-0.1055852097516142,3.646868719169846,-0.0930126000459639,1.0,0.0
2021-03-25 00:00:00+00:00,5.496812968600294,-0.161707310815009,2.4637957542081783,-0.0829802032960694,4.400156717541148,-0.1183287895791995,4.9877273309211665,-0.161707310815009,4.424631023627803,-0.1617073108150092,3.3449700899602313,-0.1617073108150091,1.103305979724612,-0.1617073108150091,2.8141551069615556,-0.161707310815009,3.684276883223153,-0.1179223807177807,3.6021007743233255,-0.1041465247974077,1.0,0.0
2021-03-26 00:00:00+00:00,5.896726205728698,-0.1007184532882788,2.553420827984293,-0.0496219321027816,4.709283811771668,-0.0563881640879352,5.350602726940038,-0.100718453288279,4.746539104886085,-0.1007184532882791,3.5883288915812948,-0.1007184532882791,1.183575522897217,-0.1007184532882791,3.018895178169218,-0.100718453288279,3.8832631710058463,-0.0702817292248312,3.785323679993475,-0.0585784279936321,1.0,0.0
2021-03-27 00:00:00+00:00,5.981551350323142,-0.0877821756709074,2.5717864671023016,-0.0427862783674555,4.777027448890467,-0.0428141897113553,5.427571816930884,-0.0877821756709074,4.814818664059782,-0.0877821756709075,3.639947451857181,-0.0877821756709075,1.2006014049486275,-0.0877821756709075,3.062322363198581,-0.0877821756709074,3.917640680471994,-0.0620511774319314,3.8211311508967327,-0.0496730005065498,1.0,0.0
2021-03-28 00:00:00+00:00,5.97731732661911,-0.0884278864013253,2.570876251321672,-0.0431250588400997,4.7736460439222865,-0.0434917308996802,5.423729926026281,-0.0884278864013253,4.811410508689998,-0.0884278864013254,3.637370925653529,-0.0884278864013254,1.19975156274049,-0.0884278864013256,3.0601547072317943,-0.0884278864013253,3.9147830199889313,-0.0627353492342992,3.8190252303393266,-0.0501967493875642,1.0,0.0
2021-03-29 00:00:00+00:00,6.176409672817506,-0.0580652636880948,2.613691594450767,-0.0271892747212291,4.932646535091248,-0.0116323757663528,5.604383395988498,-0.058065263688095,4.971668857771245,-0.0580652636880949,3.758524391666986,-0.058065263688095,1.2397128598289786,-0.0580652636880951,3.1620822688955568,-0.0580652636880948,4.011518105286379,-0.0395753489290053,3.907205160557343,-0.0282661311516622,1.0,0.0
2021-03-30 00:00:00+00:00,6.295478863846355,-0.039906590122734,2.638885045034186,-0.0178123233676855,5.027738386778062,0.0,5.712425030615279,-0.0399065901227342,5.067512984102992,-0.0399065901227341,3.830981447219429,-0.0399065901227341,1.263612117674121,-0.0399065901227341,3.223041077923571,-0.0399065901227339,4.0726622156171155,-0.0249364243901738,3.959063347361987,-0.0153688415483824,1.0,0.0
2021-03-31 00:00:00+00:00,6.294833740518127,-0.0400049747999579,2.638749836391612,-0.0178626477509927,5.027223173973495,-0.0001024740678476,5.711839655185117,-0.040004974799958,5.0669936954336405,-0.0400049747999579,3.830588870966684,-0.0400049747999579,1.2634826302002415,-0.0400049747999579,3.222710799793476,-0.0400049747999577,4.07228432861886,-0.0250268968693995,3.9587163489914103,-0.015455141104016,1.0,0.0
2021-04-01 00:00:00+00:00,6.292678685679148,-0.0403336319193885,2.6382981445091747,-0.0180307665560918,5.0255020893389695,-0.0004447919257242,5.709884190085356,-0.0403336319193886,5.06525899524416,-0.0403336319193885,3.8292774576041064,-0.0403336319193885,1.2630500732069323,-0.0403336319193886,3.221607495275833,-0.0403336319193884,4.0707574912666376,-0.0253924473150818,3.956854380073736,-0.0159182184664006,1.0,0.0
2021-04-02 00:00:00+00:00,6.317280174460079,-0.0365817763794733,2.643455412617477,-0.0161112417967259,5.04514949856563,0.0,5.732207219570794,-0.0365817763794732,5.085061835746346,-0.0365817763794732,3.8442481769301566,-0.0365817763794732,1.2679880199475582,-0.0365817763794733,3.2342025036356215,-0.0365817763794731,4.084179961400588,-0.0221788830592151,3.968934835997645,-0.0129137721447959,1.0,0.0
2021-04-03 00:00:00+00:00,6.113876646950288,-0.0676018767612613,2.6008984782333533,-0.0319508467033485,4.882705982292394,-0.0321979589146803,5.54764184702462,-0.0676018767612612,4.921333223680376,-0.0676018767612613,3.720471232071525,-0.0676018767612612,1.22716139377698,-0.0676018767612612,3.130067784301805,-0.0676018767612612,3.971737719414443,-0.0490994398636009,3.866434475663036,-0.0384059251322501,1.0,0.0
2021-04-04 00:00:00+00:00,6.237121993477648,-0.0488063176690871,2.62711332134703,-0.0221937351158033,4.981133023845319,-0.0126887171011504,5.659472863796488,-0.0488063176690871,5.020538924670704,-0.048806317669087,3.795469599346476,-0.0488063176690871,1.2518988786747955,-0.0488063176690871,3.193164623019156,-0.048806317669087,4.037049969815826,-0.0334625927508462,3.9293917722244647,-0.0227482529993788,1.0,0.0
2021-04-05 00:00:00+00:00,6.3365674330339,-0.0336403687039321,2.6480568301703813,-0.0143986034898748,5.0605528209187876,0.0,5.74970819464066,-0.0336403687039322,5.100587014269601,-0.0336403687039321,3.8559850330712138,-0.0336403687039322,1.271859308244713,-0.0336403687039322,3.244076832182883,-0.033640368703932,4.08934377436534,-0.0209425797110307,3.979874062575387,-0.0101931530506398,1.0,0.0
2021-04-06 00:00:00+00:00,6.214525530854713,-0.0522523962470656,2.622556123672112,-0.0238899148735024,4.963086882321891,-0.019259938992041,5.638969165589843,-0.0522523962470657,5.002350019551171,-0.0522523962470657,3.781718996580038,-0.0522523962470657,1.2473633755614602,-0.0522523962470659,3.1815961103095467,-0.0522523962470655,4.013096923913464,-0.0391973532951269,3.918141225526006,-0.0255462983593497,1.0,0.0
2021-04-07 00:00:00+00:00,5.996158785683723,-0.0855544654794806,2.5764802775024234,-0.0410392516297339,4.788693338822455,-0.0537213011536107,5.440826389170985,-0.0855544654794807,4.826576843215826,-0.0855544654794806,3.6488364998657783,-0.0855544654794806,1.2035333713214753,-0.0855544654794808,3.0698008037157343,-0.0855544654794804,3.882890324757922,-0.0703709948639651,3.8058333847669616,-0.0534776017125687,1.0,0.0
2021-04-08 00:00:00+00:00,6.223781228837938,-0.0508408539593867,2.6253836468481433,-0.0228375164660324,4.9704787311475505,-0.0177992588870722,5.647367649959129,-0.0508408539593868,5.0098003455265765,-0.0508408539593867,3.7873513572029025,-0.0508408539593868,1.2492211551493322,-0.050840853959387,3.186334668797306,-0.0508408539593866,4.0198850677282065,-0.0375721579243015,3.921642715304714,-0.0246754671463527,1.0,0.0
2021-04-09 00:00:00+00:00,6.2307489894361705,-0.04977823407349,2.6268532554395403,-0.0222905311205892,4.976043371770966,-0.0166996476745555,5.653690093558655,-0.0497782340734901,5.015409008197884,-0.0497782340734901,3.791591441580565,-0.0497782340734901,1.2506197059054218,-0.0497782340734903,3.18990189205624,-0.0497782340734899,4.0239157431266515,-0.0366071466962504,3.9251079743730353,-0.0238136466217961,1.0,0.0
2021-04-10 00:00:00+00:00,6.4050598124364555,-0.0231949230891675,2.6635975500366236,-0.0086143789866734,5.115252673395713,0.0,5.811857173450273,-0.0231949230891678,5.155719599008753,-0.0231949230891678,3.897664632104414,-0.0231949230891677,1.2856069202140623,-0.023194923089168,3.279142274719257,-0.0231949230891674,4.13567712859304,-0.00984959835107,4.014717187911306,-0.0015275612544284,1.0,0.0
2021-04-11 00:00:00+00:00,6.430061020488863,-0.0193821082725006,2.668796030493203,-0.0066795150746307,5.135219309160751,0.0,5.8345429023301465,-0.0193821082725008,5.175844191460555,-0.0193821082725007,3.912878592198361,-0.0193821082725007,1.2906250975655804,-0.0193821082725009,3.2919419238473604,-0.0193821082725005,4.151820135427851,-0.0059846920239293,4.027539473989251,0.0,1.0,0.0
2021-04-12 00:00:00+00:00,6.414797745465698,-0.0217098374381151,2.6656285202888403,-0.0078584559664237,5.123029648071963,-0.0023737371969767,5.820693230815529,-0.0217098374381153,5.163558097577528,-0.0217098374381152,3.9035904467368057,-0.0217098374381152,1.2875614927641372,-0.0217098374381154,3.2841277188524365,-0.021709837438115,4.141964805537229,-0.0083442231348365,4.019650412229086,-0.0019587795007633,1.0,0.0
2021-04-13 00:00:00+00:00,6.81290956678887,0.0,2.748344941545715,0.0,5.110222073951784,-0.0048678028539842,6.18193404859835,0.0,5.484016138548135,0.0,4.145853034602279,0.0,1.3674694604490485,0.0,3.4879455350157644,0.0,4.399021258136139,0.0,4.242939765346906,0.0,1.0,0.0
2021-04-14 00:00:00+00:00,6.746953743728366,-0.0096810066850177,2.7350415686697955,-0.0048405033425089,5.047974424707053,-0.016989514799896,6.122086703747531,-0.0096810066850177,5.430925341650106,-0.0096810066850177,4.105717003659193,-0.0096810066850178,1.3542309794608836,-0.0096810066850177,3.454178710974299,-0.0096810066850177,4.356456003525384,-0.0096760738612093,4.207233185745837,-0.0084155282836425,1.0,0.0
2021-04-15 00:00:00+00:00,6.768434635944849,-0.0065280377506881,2.7393954693615563,-0.003256313299278,5.0640461214530825,-0.0138598146296697,6.141578149756836,-0.0065280377506881,5.44821627417031,-0.0065280377506881,4.11878874948359,-0.0065280377506882,1.358542568188324,-0.0065280377506879,3.4651760948908374,-0.0065280377506881,4.3700414718048295,-0.0065877804699649,4.21892206802708,-0.0056606265108885,1.0,0.0
2021-04-16 00:00:00+00:00,6.572842244547103,-0.0352371215100273,2.699814315102409,-0.0176581278825982,4.917706687844115,-0.0423570266860101,5.9641004873609145,-0.0352371215100274,5.290775195511163,-0.0352371215100274,3.999765107459282,-0.0352371215100275,1.3192837729099536,-0.0352371215100273,3.365040374378056,-0.0352371215100274,4.245036817977943,-0.0350042500643517,4.105609772735589,-0.032366708038828,1.0,0.0
2021-04-17 00:00:00+00:00,6.430514321432121,-0.0561280377506879,2.670583508248387,-0.0282939132282258,4.811218968630988,-0.0630937689363678,5.834954220946358,-0.056128037750688,5.176209073698322,-0.0561280377506882,3.9131544389673167,-0.0561280377506883,1.290716082950051,-0.056128037750688,3.2921739963540553,-0.0561280377506882,4.158550377258493,-0.0546646326004648,4.022924731025134,-0.0518543855179576,1.0,0.0
2021-04-18 00:00:00+00:00,6.0172228124937615,-0.1167910342115607,2.5847638185082307,-0.0595198661436885,4.502000164662051,-0.1233090753045536,5.459939577634887,-0.1167910342115609,4.843532222094207,-0.1167910342115611,3.661654571001939,-0.1167910342115612,1.2077612879104789,-0.116791034211561,3.0805847687076766,-0.1167910342115611,3.9001945212003992,-0.1133949366607727,3.782529711441064,-0.1085120410301648,1.0,0.0
2021-04-19 00:00:00+00:00,5.961833295108215,-0.1249211167911911,2.5728672322487416,-0.0638485026549403,4.490745164250396,-0.1255008026162921,5.409679943317954,-0.1249211167911912,4.798946718019785,-0.1249211167911914,3.627948443467612,-0.1249211167911915,1.1966436482719054,-0.1249211167911912,3.052227483474746,-0.1249211167911914,3.8694913947507006,-0.1203744724820448,3.752040305377335,-0.1156979563977934,1.0,0.0
2021-04-20 00:00:00+00:00,6.046691660339161,-0.1124655918206838,2.591177816969723,-0.0571860985133833,4.490745164250396,-0.1255008026162921,5.4866791772263,-0.1124655918206839,4.867253017972136,-0.1124655918206842,3.6795872194641537,-0.1124655918206842,1.2136761982829345,-0.112465591820684,3.0956716761819036,-0.1124655918206841,3.914776092572713,-0.1100802058339224,3.797662502780749,-0.1049454593258291,1.0,0.0
2021-04-21 00:00:00+00:00,5.764062272935905,-0.1539499803381829,2.5306204874248275,-0.0792202066158536,4.490745164250396,-0.1255008026162921,5.23022542336469,-0.153949980338183,4.63975196184437,-0.1539499803381833,3.50759904144026,-0.1539499803381834,1.1569475638998512,-0.1539499803381833,2.9509763884794333,-0.1539499803381833,3.7640715393145583,-0.1443388612062784,3.6461629043069417,-0.1406517400774769,1.0,0.0
2021-04-22 00:00:00+00:00,5.539376105395218,-0.186929453401494,2.481298031152177,-0.0971664460150866,4.490745164250396,-0.1255008026162921,5.217149859806279,-0.1560651053873375,4.458891999324359,-0.1869294534014943,3.370870992961148,-0.1869294534014944,1.1118491416640714,-0.1869294534014942,2.8359457826610854,-0.1869294534014941,3.646941705842451,-0.1709652007029271,3.522270123860756,-0.1698514900852539,1.0,0.0
2021-04-23 00:00:00+00:00,5.478740942342438,-0.1958294927251275,2.467717628969798,-0.1021077479517864,4.490745164250396,-0.1255008026162921,5.217149859806279,-0.1560651053873375,4.410084040039839,-0.1958294927251278,3.3339727379231823,-0.1958294927251279,1.099678609692207,-0.1958294927251277,2.804902930240753,-0.1958294927251277,3.6141300682852457,-0.1784240502132629,3.4893944886719495,-0.177599805405992,1.0,0.0
2021-04-24 00:00:00+00:00,5.363293872325896,-0.2127748328745573,2.441717972033023,-0.1115678621258654,4.490745164250396,-0.1255008026162921,5.217149859806279,-0.1560651053873375,4.317155521187178,-0.2127748328745576,3.263719848042301,-0.2127748328745577,1.076506374540941,-0.2127748328745575,2.745798506727226,-0.2127748328745574,3.5516835442102765,-0.192619599725435,3.4254644797233347,-0.1926671908708404,1.0,0.0
2021-04-25 00:00:00+00:00,5.258159130860076,-0.2282065277231612,2.4177859077239297,-0.1202756716687365,4.490745164250396,-0.1255008026162921,5.101837052768869,-0.1747182980825191,4.2325278575922844,-0.2282065277231616,3.19974230912516,-0.2282065277231617,1.0554040031125058,-0.2282065277231615,2.6919735955823123,-0.2282065277231614,3.491032454521503,-0.2064070051799091,3.367305874707864,-0.206374339270746,1.0,0.0
2021-04-26 00:00:00+00:00,5.786969509255163,-0.1505876523790794,2.539363654699863,-0.0760389584606936,4.490745164250396,-0.1255008026162921,5.0890824601369475,-0.1767815023373128,4.658191022635185,-0.1505876523790799,3.521538759012837,-0.15058765237908,1.1615454446999394,-0.1505876523790796,2.9627040052716476,-0.1505876523790796,3.7979111778210464,-0.1366463231345653,3.6940651416435335,-0.1293618703207057,1.0,0.0
2021-04-27 00:00:00+00:00,5.895266640989423,-0.1346917813605972,2.5631244330998877,-0.0673934722115544,4.490745164250396,-0.1255008026162921,5.171596653491696,-0.1634338682949442,4.745364235836821,-0.1346917813605976,3.587440704112458,-0.1346917813605977,1.1832825628649508,-0.1346917813605975,3.018147937615749,-0.1346917813605974,3.8388360089470304,-0.1273431557424341,3.747380329403496,-0.116796245846043,1.0,0.0
2021-04-28 00:00:00+00:00,5.877504316794452,-0.1372989382618948,2.5592631109659387,-0.0687984349131348,4.490745164250396,-0.1255008026162921,5.156014732951199,-0.1659544258450574,4.731066545314377,-0.1372989382618953,3.576631814761529,-0.1372989382618954,1.1797173554238274,-0.1372989382618951,3.0090543163427825,-0.137298938261895,3.830454631463308,-0.1292484380750032,3.7384202103422974,-0.1189080172962008,1.0,0.0
2021-04-29 00:00:00+00:00,5.739132864323683,-0.1576091230829723,2.529137318211749,-0.0797598656632526,4.490745164250396,-0.1255008026162921,5.0346289867050364,-0.185589987352493,4.619685163978693,-0.1576091230829727,3.492428773387732,-0.1576091230829728,1.1519437979449283,-0.1576091230829724,2.938213497880761,-0.1576091230829723,3.76981103367736,-0.1430341404454532,3.667490092842922,-0.1356252278676726,1.0,0.0
2021-04-30 00:00:00+00:00,6.182710877418803,-0.0925006685017689,2.626875925504759,-0.0441971508760613,4.490745164250396,-0.1255008026162921,5.423755841822179,-0.1226441758866832,4.976740979657941,-0.0925006685017693,3.7623588573914786,-0.0925006685017695,1.2409776212017578,-0.092500668501769,3.1653082413290456,-0.092500668501769,3.965701631060836,-0.0985036447082096,3.895409272868587,-0.0819079486625481,1.0,0.0
2021-05-01 00:00:00+00:00,6.194080908170456,-0.0908317734958703,2.62929134332438,-0.0433182881892465,4.490745164250396,-0.1255008026162921,5.433730151139506,-0.1210307149149362,4.985893226803832,-0.0908317734958706,3.769277850816116,-0.0908317734958709,1.24325978415502,-0.0908317734958704,3.17112925621328,-0.0908317734958703,3.969034109137598,-0.0977460948167199,3.899980468465169,-0.0808305834748742,1.0,0.0
2021-05-02 00:00:00+00:00,6.0631101562059,-0.1100556822650404,2.6014938161791616,-0.0534325670503215,4.490745164250396,-0.1255008026162921,5.318836636763791,-0.1396160821272838,4.880469000867725,-0.1100556822650409,3.689578350308534,-0.1100556822650411,1.2169716760027212,-0.1100556822650407,3.1040773094563026,-0.1100556822650405,3.9199136546941142,-0.1089123182925972,3.839477050276434,-0.095090370682527,1.0,0.0
2021-05-03 00:00:00+00:00,6.126462981651346,-0.100756744003145,2.6150851892028824,-0.0484872733143479,4.490745164250396,-0.1255008026162921,5.374412623401085,-0.1306260174969606,4.931464528367322,-0.1007567440031454,3.728130381720193,-0.1007567440031457,1.2296876900904643,-0.1007567440031452,3.136511499647268,-0.1007567440031451,3.945304470514568,-0.1031403944189645,3.8687085370322096,-0.0882009288397471,1.0,0.0
2021-05-04 00:00:00+00:00,5.701090948993534,-0.1631929217459684,2.5243000081093103,-0.0815199468049299,4.167717282646511,-0.1884052010764773,5.001256884305814,-0.1909883145000932,4.589063521996419,-0.1631929217459689,3.469279164756141,-0.1631929217459691,1.1443081237999846,-0.1631929217459687,2.918737512265736,-0.1631929217459685,3.772251769571488,-0.1424793043237562,3.6701665629561626,-0.1349944222797404,1.0,0.0
2021-05-05 00:00:00+00:00,6.15504558864551,-0.0965613841918984,2.6247998695224175,-0.0449525349441084,4.157297989439895,-0.1904341880737861,5.399486589292859,-0.1265700108015383,4.954471949279215,-0.0965613841918988,3.745523726924898,-0.0965613841918989,1.2354247165079393,-0.0965613841918987,3.1511446861686903,-0.0965613841918985,3.944579699016915,-0.1033051518627511,3.874070526092092,-0.0869371849837361,1.0,0.0
2021-05-06 00:00:00+00:00,6.043335304418885,-0.1129582383012181,2.600980619507172,-0.0536192964030427,4.157297989439895,-0.1904341880737861,5.301489235271555,-0.1424222268314915,4.864551336722286,-0.1129582383012186,3.677544779557844,-0.1129582383012187,1.213002519266006,-0.1129582383012184,3.0939533520897835,-0.1129582383012182,3.9056727539123592,-0.1121496067588478,3.8278468783650137,-0.0978314352638363,1.0,0.0
2021-05-07 00:00:00+00:00,6.142040245271141,-0.0984703106567038,2.6222213438153696,-0.0458907453077601,4.157297989439895,-0.1904341880737861,5.388077709191532,-0.1284155303447165,4.94400336573892,-0.0984703106567043,3.737609598347952,-0.0984703106567045,1.2328143178650748,-0.0984703106567042,3.1444864546290985,-0.0984703106567039,3.940731256527759,-0.1041799924837274,3.868547743296663,-0.0882388256151999,1.0,0.0
2021-05-08 00:00:00+00:00,6.307854086760601,-0.0741321274085716,2.657616796864415,-0.0330119204870524,4.2591374102122055,-0.1706026259454387,5.533537170140626,-0.1048857644485445,5.077474355454619,-0.0741321274085721,3.838512129223927,-0.0741321274085723,1.266096040179708,-0.0741321274085721,3.2293767122198167,-0.0741321274085717,3.99969276588368,-0.0907766679949291,3.937237793797617,-0.0720495666815798,1.0,0.0
2021-05-09 00:00:00+00:00,6.241283146108065,-0.083903421156114,2.643593006235477,-0.0381145516804465,4.21418792662137,-0.1793558029539941,5.475138106134818,-0.1143324947997118,5.023888422848603,-0.0839034211561143,3.798001781388688,-0.0839034211561146,1.2527340943908671,-0.0839034211561144,3.195294971821749,-0.0839034211561141,3.975896886047604,-0.0961860257678801,3.909625237905643,-0.0785574497577178,1.0,0.0
2021-05-10 00:00:00+00:00,5.981444186979588,-0.1220426268187172,2.5885635804732527,-0.0581373024386809,4.038741599513471,-0.2135211066236775,5.247195525534245,-0.1512048682039953,4.814732403483481,-0.1220426268187175,3.639882239855064,-0.1220426268187178,1.200579895401472,-0.1220426268187175,3.062267499721824,-0.1220426268187173,3.881978406268484,-0.1175358838994848,3.80180317702368,-0.1039695618415544,1.0,0.0
2021-05-11 00:00:00+00:00,6.072948822778089,-0.1086115611482492,2.6083636120599447,-0.0509329550922535,4.028644745514687,-0.2154873038571183,5.2340775367204095,-0.1533268560334854,4.888388584378227,-0.1086115611482496,3.695565464222916,-0.1086115611482498,1.2189464675271224,-0.1086115611482496,3.1091143252576363,-0.1086115611482494,3.919350148809378,-0.1090404163061484,3.839888091005424,-0.0949934942827377,1.0,0.0
2021-05-12 00:00:00+00:00,5.318658196466537,-0.2193264648053473,2.446377707024034,-0.1098723926378213,4.028644745514687,-0.2154873038571183,5.2340775367204095,-0.1533268560334854,4.281226265944899,-0.2193264648053476,3.2365577449204377,-0.2193264648053479,1.0675472179594825,-0.2193264648053476,2.7229467713871607,-0.2193264648053474,3.606386610617837,-0.1801843185122823,3.527897567814013,-0.1685251823211848,1.0,0.0
2021-05-13 00:00:00+00:00,5.322907223038667,-0.218702791977978,2.4473549012240223,-0.109516835303945,4.028644745514687,-0.2154873038571183,5.2340775367204095,-0.1533268560334854,4.284646497795366,-0.2187027919779783,3.2391434008043856,-0.2187027919779786,1.0684000715042217,-0.2187027919779783,2.725122108240694,-0.2187027919779781,3.606457596783272,-0.1801681817033719,3.5287656756359502,-0.1683205817682788,1.0,0.0
2021-05-14 00:00:00+00:00,5.341176429848674,-0.2160212347620913,2.4515547896453747,-0.1079886834486724,4.028644745514687,-0.2154873038571183,5.2340775367204095,-0.1533268560334854,4.299352200843729,-0.2160212347620916,3.250260742925329,-0.2160212347620919,1.0720670191033936,-0.2160212347620916,2.7344752337587357,-0.2160212347620913,3.6125690119007574,-0.1787789146917195,3.535748028698806,-0.1666749413752941,1.0,0.0
2021-05-15 00:00:00+00:00,5.011278363234803,-0.2644437278804554,2.37584457899007,-0.1355362483524883,4.028644745514687,-0.2154873038571183,5.2340775367204095,-0.1533268560334854,4.033802467113884,-0.2644437278804558,3.0495082028875515,-0.2644437278804559,1.0058507385652264,-0.2644437278804558,2.565580215092206,-0.2644437278804554,3.489168403470235,-0.2068307474038914,3.4063245131732613,-0.1971782062537109,1.0,0.0
2021-05-16 00:00:00+00:00,4.975754786478298,-0.2696578843885167,2.3674237239561062,-0.1386002214756101,4.028644745514687,-0.2154873038571183,5.2340775367204095,-0.1533268560334854,4.0237179609461,-0.2662826185607545,3.0278910763057145,-0.2696578843885172,0.998720538778451,-0.269657884388517,2.547393521181041,-0.2696578843885167,3.4758767559644466,-0.2098522484892078,3.3922344814628977,-0.2004990244810731,1.0,0.0
2021-05-17 00:00:00+00:00,4.665681938422916,-0.3151704286276043,2.2936586523095084,-0.1654400371521355,4.028644745514687,-0.2154873038571183,5.2340775367204095,-0.1533268560334854,4.0237179609461,-0.2662826185607545,2.8392027566596223,-0.3151704286276049,0.9364835244641624,-0.3151704286276047,2.3886482457151073,-0.3151704286276043,3.361016986739563,-0.2359625495050181,3.2694881146010792,-0.2294285812625097,1.0,0.0
2021-05-18 00:00:00+00:00,4.591925695584723,-0.3259963822257168,2.275529293431174,-0.1720365013019877,4.028644745514687,-0.2154873038571183,5.2340775367204095,-0.1533268560334854,4.0237179609461,-0.2662826185607545,2.7943199440824245,-0.3259963822257173,0.9216793635385052,-0.3259963822257171,2.3508879092002832,-0.3259963822257167,3.3333946918607764,-0.2422417405472752,3.240038487797574,-0.236369435583381,1.0,0.0
2021-05-19 00:00:00+00:00,3.93183271989532,-0.4228849390483674,2.1119747193650404,-0.2315467074605159,4.028644745514687,-0.2154873038571183,5.2340775367204095,-0.1533268560334854,4.0237179609461,-0.2662826185607545,2.3926342267610035,-0.4228849390483679,0.7891872210165483,-0.4228849390483676,2.012945900036598,-0.4228849390483673,3.0736608323547188,-0.3012852968896482,2.9687312032884843,-0.3003126682271534,1.0,0.0
2021-05-20 00:00:00+00:00,4.342970245628138,-0.3625381046008643,2.2223954979673817,-0.1913695168418454,4.028644745514687,-0.2154873038571183,5.2340775367204095,-0.1533268560334854,4.0237179609461,-0.2662826185607545,2.642823333483826,-0.3625381046008648,0.8717096741582833,-0.3625381046008646,2.2234323718001017,-0.3625381046008643,3.236055081991905,-0.2643693012379262,3.126461604305832,-0.2631378767522497,1.0,0.0
2021-05-21 00:00:00+00:00,3.992049945908219,-0.4140462445929995,2.132608595210221,-0.224038961422795,4.028644745514687,-0.2154873038571183,5.2340775367204095,-0.1533268560334854,4.0237179609461,-0.2662826185607545,2.4292781549907128,-0.414046244593,0.8012738657545041,-0.4140462445929999,2.0437747848975665,-0.4140462445929995,3.126798289341021,-0.2892059151662653,3.0069084245042834,-0.2913148451782378,1.0,0.0
2021-05-22 00:00:00+00:00,4.013238282196784,-0.4109362170664561,2.138268147157149,-0.2219797031901856,4.028644745514687,-0.2154873038571183,5.2340775367204095,-0.1533268560334854,4.0237179609461,-0.2662826185607545,2.4421718720493297,-0.4109362170664564,0.8055267334182082,-0.4109362170664563,2.05462239152255,-0.410936217066456,3.1335487065107412,-0.2876713881036296,3.014221733243934,-0.289591203282734,1.0,0.0
2021-05-23 00:00:00+00:00,3.7137724618869097,-0.4548918600078641,2.0584899008003967,-0.2510074446322347,4.028644745514687,-0.2154873038571183,5.2340775367204095,-0.1533268560334854,4.0237179609461,-0.2662826185607545,2.2599382363727996,-0.4548918600078643,0.7454187340814301,-0.4548918600078643,1.9013075029863191,-0.4548918600078639,3.0359402558384336,-0.3098600625711096,2.9097980042482607,-0.3142023773202556,1.0,0.0
2021-05-24 00:00:00+00:00,4.157540154100129,-0.38975556429414,2.1814768799566644,-0.2062579747614339,4.028644745514687,-0.2154873038571183,5.2340775367204095,-0.1533268560334854,4.0237179609461,-0.2662826185607545,2.5299837456202936,-0.3897555642941404,0.834490629236726,-0.3897555642941402,2.1284993547884694,-0.3897555642941399,3.1853081993834818,-0.275905249720686,3.0676161376524607,-0.2770069085810719,1.0,0.0
2021-05-25 00:00:00+00:00,4.107005136177823,-0.3971731026346826,2.16821892343194,-0.2110819531217586,4.028644745514687,-0.2154873038571183,5.2340775367204095,-0.1533268560334854,4.0237179609461,-0.2662826185607545,2.499231721781876,-0.397173102634683,0.8243473720843241,-0.3971731026346828,2.1026273850527657,-0.3971731026346825,3.1713815055706216,-0.2790711116239678,3.051697263067795,-0.2807587588228968,1.0,0.0
2021-05-26 00:00:00+00:00,4.20529428325707,-0.3827462052693661,2.194163910301806,-0.2016417309437979,4.028644745514687,-0.2154873038571183,5.2340775367204095,-0.1533268560334854,4.0237179609461,-0.2662826185607545,2.5590435180037696,-0.3827462052693664,0.8440757136404274,-0.3827462052693662,2.1529476173022526,-0.3827462052693658,3.1978820498316978,-0.2730469206264675,3.0823805825586654,-0.273527140843903,1.0,0.0
2021-05-27 00:00:00+00:00,4.129001484076825,-0.3939444750294919,2.1742605580865195,-0.2088836720533052,4.028644745514687,-0.2154873038571183,5.2340775367204095,-0.1533268560334854,4.0237179609461,-0.2662826185607545,2.512617137336457,-0.3939444750294922,0.8287624217335853,-0.393944475029492,2.1138886622925197,-0.3939444750294917,3.176026249387775,-0.2780152531625969,3.057515044817887,-0.2793875911722017,1.0,0.0
2021-05-28 00:00:00+00:00,3.821818831397239,-0.4390327959103415,2.0933820298969197,-0.2383117569224893,4.028644745514687,-0.2154873038571183,5.2340775367204095,-0.1533268560334854,4.0237179609461,-0.2662826185607545,2.325687585387466,-0.4390327959103417,0.7671055199060964,-0.4390327959103415,1.9566230547948027,-0.4390327959103411,3.087619919256791,-0.2981120712826444,2.9566760003158925,-0.3031539065287313,1.0,0.0
2021-05-29 00:00:00+00:00,3.708403578374584,-0.4556799056232788,2.0623207128816596,-0.2496135831764349,4.028644745514687,-0.2154873038571183,5.2340775367204095,-0.1533268560334854,4.0237179609461,-0.2662826185607545,2.256671115066727,-0.4556799056232791,0.7443411057689098,-0.455679905623279,1.898558842800645,-0.4556799056232785,3.053973100721285,-0.3057607768835265,2.9184540875718916,-0.3121622627293469,1.0,0.0
2021-05-30 00:00:00+00:00,3.81943766190335,-0.4393823043649225,2.0931948997733643,-0.2383798452183675,4.028644745514687,-0.2154873038571183,5.2340775367204095,-0.1533268560334854,4.0237179609461,-0.2662826185607545,2.3242385747004213,-0.4393823043649228,0.7666275777682879,-0.4393823043649226,1.955403988341196,-0.4393823043649223,3.087881128166745,-0.2980526924129761,2.9564242904418907,-0.3032132309330176,1.0,0.0
2021-05-31 00:00:00+00:00,3.992242839926626,-0.4140179315768768,2.140546754851488,-0.2211506195988598,4.028644745514687,-0.2154873038571183,5.2340775367204095,-0.1533268560334854,4.0237179609461,-0.2662826185607545,2.429395536594524,-0.4140179315768773,0.8013125829393853,-0.4140179315768769,2.043873539155735,-0.4140179315768766,3.1388525050789475,-0.2864657111457388,3.0162881956299477,-0.2891041677601251,1.0,0.0
2021-06-01 00:00:00+00:00,3.932154209925999,-0.4228377506881627,2.124437699477282,-0.2270119855179232,4.028644745514687,-0.2154873038571183,5.2340775367204095,-0.1533268560334854,4.0237179609461,-0.2662826185607545,2.392829862767356,-0.4228377506881631,0.789251749658017,-0.4228377506881628,2.013110490466879,-0.4228377506881625,3.121690444598761,-0.2903670472550937,2.996205086185588,-0.2938374683854093,1.0,0.0
2021-06-02 00:00:00+00:00,4.0259853619131745,-0.4090651985843483,2.149784929777119,-0.2177892602636537,4.028644745514687,-0.2154873038571183,5.2340775367204095,-0.1533268560334854,4.0237179609461,-0.2662826185607545,2.449928839701174,-0.4090651985843486,0.8080852940524267,-0.4090651985843483,2.0611484020831505,-0.4090651985843481,3.1487240056724732,-0.284221689120324,3.027757495654645,-0.2864010183733793,1.0,0.0
2021-06-03 00:00:00+00:00,4.20581724037364,-0.3826694455367667,2.197798003280211,-0.2003194467852596,4.028644745514687,-0.2154873038571183,5.2340775367204095,-0.1533268560334854,4.0237179609461,-0.2662826185607545,2.559361752574102,-0.3826694455367669,0.8441806802305495,-0.3826694455367666,2.153215351068842,-0.3826694455367664,3.208541157416938,-0.2706238571858156,3.0872003696599264,-0.2723911862068315,1.0,0.0
2021-06-04 00:00:00+00:00,3.946718779949157,-0.4206999606763657,2.130100568224365,-0.2249515204498453,4.028644745514687,-0.2154873038571183,5.2340775367204095,-0.1533268560334854,4.0237179609461,-0.2662826185607545,2.401692825975108,-0.4206999606763659,0.7921751122120027,-0.4206999606763657,2.020566985593328,-0.4206999606763654,3.1144412565787194,-0.2920149565500611,3.003384326039321,-0.2921454246019064,1.0,0.0
2021-06-05 00:00:00+00:00,3.805713252493698,-0.4413967754620519,2.0920492183686856,-0.2387967075224254,4.028644745514687,-0.2154873038571183,5.2340775367204095,-0.1533268560334854,4.0237179609461,-0.2662826185607545,2.3158868735892697,-0.441396775462052,0.7638728500640064,-0.4413967754620519,1.9483776228725451,-0.4413967754620517,3.0596230972419867,-0.304476401066917,2.95466369933132,-0.3036281769864474,1.0,0.0
2021-06-06 00:00:00+00:00,3.836052266688799,-0.4369436099095549,2.10038809031225,-0.235762564385038,4.028644745514687,-0.2154873038571183,5.2340775367204095,-0.1533268560334854,4.0237179609461,-0.2662826185607545,2.334349043508676,-0.436943609909555,0.7699624179593698,-0.4369436099095549,1.9639100217780632,-0.4369436099095546,3.0713665608841945,-0.3018068382362104,2.965303460542897,-0.3011205379908447,1.0,0.0
2021-06-07 00:00:00+00:00,3.5956291621464143,-0.4722329532048753,2.034567581321556,-0.2597117084665211,4.028644745514687,-0.2154873038571183,5.2340775367204095,-0.1533268560334854,4.0237179609461,-0.2662826185607545,2.18804461251865,-0.4722329532048754,0.7217053187237167,-0.4722329532048753,1.840822714397512,-0.4722329532048751,2.970218561898863,-0.3248001344832461,2.881093185405804,-0.3209676910955996,1.0,0.0
2021-06-08 00:00:00+00:00,3.5771992103210684,-0.4749381046008644,2.0293533363565968,-0.2616089393730706,4.028644745514687,-0.2154873038571183,5.2340775367204095,-0.1533268560334854,4.0237179609461,-0.2662826185607545,2.1768294523945304,-0.4749381046008645,0.7180061068038106,-0.4749381046008644,1.8313872936643305,-0.4749381046008641,2.959354281276311,-0.3272698385344502,2.874410131392729,-0.3225427909986568,1.0,0.0
2021-06-09 00:00:00+00:00,4.00662844716604,-0.4119064097522602,2.1511614330382174,-0.2172884121931331,4.028644745514687,-0.2154873038571183,5.2340775367204095,-0.1533268560334854,4.0237179609461,-0.2662826185607545,2.4381495957587407,-0.4119064097522603,0.8042000245496205,-0.4119064097522601,2.0512384122759957,-0.4119064097522599,3.1907188461920133,-0.2746752836689138,3.0303184534253185,-0.2857974373865386,1.0,0.0
2021-06-10 00:00:00+00:00,3.930292782648373,-0.4231109712937466,2.1306690989422146,-0.2247446575087147,4.028644745514687,-0.2154873038571183,5.2340775367204095,-0.1533268560334854,4.0237179609461,-0.2662826185607545,2.391697130290581,-0.4231109712937467,0.7888781288239158,-0.4231109712937466,2.0121575118755586,-0.4231109712937463,3.159226093333914,-0.2818343199658748,3.0060052474921046,-0.2915277110359044,1.0,0.0
2021-06-11 00:00:00+00:00,4.000619798492664,-0.412788360204482,2.1497317499668136,-0.2178086100219397,4.028644745514687,-0.2154873038571183,5.2340775367204095,-0.1533268560334854,4.0237179609461,-0.2662826185607545,2.434493158800028,-0.4127883602044822,0.802993984240578,-0.4127883602044819,2.0481622171340637,-0.4127883602044816,3.1873609005026995,-0.2754386229419631,3.028465321601363,-0.2862341939577938,1.0,0.0
2021-06-12 00:00:00+00:00,3.8092399981302383,-0.4408791191506086,2.0983128131690165,-0.2365176650683118,4.028644745514687,-0.2154873038571183,5.2340775367204095,-0.1533268560334854,4.0237179609461,-0.2662826185607545,2.318033000578948,-0.4408791191506088,0.7645807292609139,-0.4408791191506085,1.9501831798927172,-0.4408791191506083,3.104687860184079,-0.2942321307400247,2.9642210719666173,-0.3013756414417868,1.0,0.0
2021-06-13 00:00:00+00:00,4.181574748793632,-0.3862277624852528,2.2008627678172634,-0.199204315823813,4.028644745514687,-0.2154873038571183,5.2340775367204095,-0.1533268560334854,4.0237179609461,-0.2662826185607545,2.544609493455145,-0.3862277624852529,0.8393147904728967,-0.3862277624852526,2.1408041353561993,-0.3862277624852523,3.264471035157418,-0.2579096931801209,3.0914043041598123,-0.2714003791880234,1.0,0.0
2021-06-14 00:00:00+00:00,4.341861105022299,-0.3627009044435696,2.2430440386069987,-0.1838564349402687,4.028644745514687,-0.2154873038571183,5.2340775367204095,-0.1533268560334854,4.0237179609461,-0.2662826185607545,2.642148389261914,-0.3627009044435698,0.8714870503452185,-0.3627009044435695,2.222864534815638,-0.3627009044435691,3.3230644330979904,-0.2445900489905863,3.140686151799627,-0.2597853550855576,1.0,0.0
2021-06-15 00:00:00+00:00,4.301969550382313,-0.3685561934722757,2.232739872759491,-0.1876056607713292,4.028644745514687,-0.2154873038571183,5.2340775367204095,-0.1533268560334854,4.0237179609461,-0.2662826185607545,2.6178732214737788,-0.3685561934722761,0.8634801214163603,-0.3685561934722757,2.2024416055917353,-0.3685561934722754,3.3085494668303923,-0.2478896389256775,3.128547529069039,-0.2626462542266972,1.0,0.0
2021-06-16 00:00:00+00:00,4.109608133792883,-0.39679103421156,2.182821689963247,-0.2057686584510051,4.028644745514687,-0.2154873038571183,5.2340775367204095,-0.1533268560334854,4.0237179609461,-0.2662826185607545,2.5008157213133053,-0.3967910342115602,0.8248698389847465,-0.3967910342115599,2.1039600189032677,-0.3967910342115596,3.2381114931785246,-0.2639018310744629,3.069805384506071,-0.2764909345218852,1.0,0.0
2021-06-17 00:00:00+00:00,4.082170031307934,-0.4008184034604787,2.1755348047803156,-0.2084200305814748,4.028644745514687,-0.2154873038571183,5.2340775367204095,-0.1533268560334854,4.0237179609461,-0.2662826185607545,2.484118840291212,-0.4008184034604788,0.8193625345308987,-0.4008184034604786,2.089912774313642,-0.4008184034604782,3.2279900170965528,-0.2662026783511729,3.061103932161487,-0.2785417419398107,1.0,0.0
2021-06-18 00:00:00+00:00,3.838573820162754,-0.4365734958710174,2.1106242263876323,-0.2320380915502615,4.028644745514687,-0.2154873038571183,5.2340775367204095,-0.1533268560334854,4.0237179609461,-0.2662826185607545,2.3358834819184953,-0.4365734958710175,0.7704685376039533,-0.4365734958710174,1.9652009593862272,-0.436573495871017,3.136582944170224,-0.2869816352060115,2.983724435666639,-0.2967789785668363,1.0,0.0
2021-06-19 00:00:00+00:00,3.802554077125569,-0.4418604797483276,2.1007215716720697,-0.2356412254094317,4.028644745514687,-0.2154873038571183,5.2340775367204095,-0.1533268560334854,4.0237179609461,-0.2662826185607545,2.3139644237668553,-0.4418604797483279,0.7632387486138451,-0.4418604797483276,1.9467602475776624,-0.4418604797483273,3.122577425485717,-0.2901654158387154,2.9705594797109804,-0.2998817697172504,1.0,0.0
2021-06-20 00:00:00+00:00,3.815032176849626,-0.4400289421942576,2.1041683357064707,-0.2343871018886547,4.028644745514687,-0.2154873038571183,5.2340775367204095,-0.1533268560334854,4.0237179609461,-0.2662826185607545,2.321557709293385,-0.4400289421942577,0.7657433202847015,-0.4400289421942575,1.9418933469587183,-0.4432558285489565,3.127467734446397,-0.2890537347001816,2.975117076039385,-0.2988076096818834,1.0,0.0
2021-06-21 00:00:00+00:00,3.38731862513504,-0.5028088084939039,1.9862163407361988,-0.2773045658456839,4.028644745514687,-0.2154873038571183,5.2340775367204095,-0.1533268560334854,4.0237179609461,-0.2662826185607545,2.0612816100830713,-0.502808808493904,0.6798937703888609,-0.5028088084939037,1.9418933469587183,-0.4432558285489565,2.9580427930597932,-0.3275679703550437,2.80484929894054,-0.3389372807390742,1.0,0.0
2021-06-22 00:00:00+00:00,3.483833147244943,-0.4886423908769159,2.014512869960017,-0.2670087224105786,4.028644745514687,-0.2154873038571183,5.2340775367204095,-0.1533268560334854,4.0237179609461,-0.2662826185607545,2.120013495549904,-0.4886423908769159,0.6992659138440592,-0.4886423908769158,1.9418933469587183,-0.4432558285489565,2.9945033825556595,-0.3192796290726661,2.842485406046162,-0.3300669905188347,1.0,0.0
2021-06-23 00:00:00+00:00,3.6090545858275376,-0.4702623672827358,2.050717273121379,-0.2538355567667495,4.028644745514687,-0.2154873038571183,5.2340775367204095,-0.1533268560334854,4.0237179609461,-0.2662826185607545,2.196214372143897,-0.4702623672827358,0.7244000347914334,-0.4702623672827357,1.9418933469587183,-0.4432558285489565,3.0410373118921377,-0.3087013830024949,2.892046420990054,-0.3183861706899348,1.0,0.0
2021-06-24 00:00:00+00:00,3.714612622500418,-0.454768541093196,2.0807070784809203,-0.2429236057571813,4.028644745514687,-0.2154873038571183,5.2340775367204095,-0.1533268560334854,4.0237179609461,-0.2662826185607545,2.2604494984694012,-0.454768541093196,0.745587368931135,-0.4547685410931957,1.9418933469587183,-0.4432558285489565,3.0860043440322733,-0.2984793291633671,2.9365381126242975,-0.307900117600608,1.0,0.0
2021-06-25 00:00:00+00:00,3.384695266484706,-0.5031938655131724,1.9883069485430744,-0.2765438870184841,4.028644745514687,-0.2154873038571183,5.2340775367204095,-0.1533268560334854,4.0237179609461,-0.2662826185607545,2.059685220271242,-0.5031938655131725,0.6793672166744796,-0.5031938655131722,1.9418933469587183,-0.4432558285489565,2.9473932703356995,-0.3299888549334934,2.799262571458734,-0.3402539922152621,1.0,0.0
2021-06-26 00:00:00+00:00,3.459623876301439,-0.4921958316948475,2.010314997098951,-0.2685361408934656,4.028644745514687,-0.2154873038571183,5.2340775367204095,-0.1533268560334854,4.0237179609461,-0.2662826185607545,2.1052814521516026,-0.4921958316948476,0.6944066920460247,-0.4921958316948475,1.9418933469587183,-0.4432558285489565,2.977505768496293,-0.3231435826800575,2.8303530222882256,-0.3329264192236738,1.0,0.0
2021-06-27 00:00:00+00:00,3.7186044570480057,-0.4541826189539902,2.085559093574087,-0.2411581741260128,4.028644745514687,-0.2154873038571183,5.2340775367204095,-0.1533268560334854,4.0237179609461,-0.2662826185607545,2.2628786455482675,-0.4541826189539903,0.7463885995626997,-0.4541826189539901,1.9418933469587183,-0.4432558285489565,3.08222897887919,-0.2993375576036368,2.936771267983614,-0.3078451662291035,1.0,0.0
2021-06-28 00:00:00+00:00,3.696587748113727,-0.4574142351553272,2.079385117818017,-0.2434046082117567,4.028644745514687,-0.2154873038571183,5.2340775367204095,-0.1533268560334854,4.0237179609461,-0.2662826185607545,2.249480839713285,-0.4574142351553273,0.7419694630994791,-0.4574142351553271,1.9418933469587183,-0.4432558285489565,3.072956476411148,-0.3014454134024448,2.928058783216613,-0.3098985738306344,1.0,0.0
2021-06-29 00:00:00+00:00,3.848421059802429,-0.4351281163979539,2.1220893561896896,-0.22786644277767,4.028644745514687,-0.2154873038571183,5.2340775367204095,-0.1533268560334854,4.0237179609461,-0.2662826185607545,2.3418758127930475,-0.4351281163979541,0.7724450498921278,-0.4351281163979537,1.9418933469587183,-0.4432558285489565,3.1375382976932045,-0.2867644610968358,2.9885272717178863,-0.2956470190489394,1.0,0.0
2021-06-30 00:00:00+00:00,3.755539375039189,-0.4487613055446312,2.096481031170395,-0.2371841687414612,3.921341748243404,-0.2363828081795655,5.2340775367204095,-0.1533268560334854,4.0237179609461,-0.2662826185607545,2.285354614197989,-0.4487613055446313,0.7538020800855213,-0.4487613055446309,1.9418933469587183,-0.4432558285489565,3.0999111721688033,-0.2953179831910536,2.9524060961738243,-0.3041602616452808,1.0,0.0
2021-07-01 00:00:00+00:00,3.5904746053212095,-0.4729895399134868,2.050408400308331,-0.2539479417910523,3.911538393872796,-0.2382918511591166,5.2340775367204095,-0.1533268560334854,4.0237179609461,-0.2662826185607545,2.1849079152168134,-0.4729895399134869,0.7206707095055092,-0.4729895399134866,1.9418933469587183,-0.4432558285489565,3.031275234921575,-0.3109205304895654,2.8868361066192145,-0.3196141669988603,1.0,0.0
2021-07-02 00:00:00+00:00,3.620679665336862,-0.4685560361777416,2.0590329855784963,-0.2508098403323194,3.911538393872796,-0.2382918511591166,5.2340775367204095,-0.1533268560334854,4.0237179609461,-0.2662826185607545,2.203288570133573,-0.4685560361777418,0.7267333904669274,-0.4685560361777414,1.9418933469587183,-0.4432558285489565,3.043786151276947,-0.3080765077805976,2.898936956819609,-0.3167621703009046,1.0,0.0
2021-07-03 00:00:00+00:00,3.715259889095517,-0.4546735351946509,2.085926251277596,-0.2410245818327169,3.911538393872796,-0.2382918511591166,5.2340775367204095,-0.1533268560334854,4.0237179609461,-0.2662826185607545,2.2608433789621887,-0.4546735351946511,0.7457172865959579,-0.4546735351946507,1.9418933469587183,-0.4432558285489565,3.0844468869239146,-0.2988333754425203,2.936907846682488,-0.3078129765902146,1.0,0.0
2021-07-04 00:00:00+00:00,3.781420394142221,-0.4449624852536362,2.1044991019521553,-0.2342667508218419,3.911538393872796,-0.2382918511591166,5.2340775367204095,-0.1533268560334854,4.0237179609461,-0.2662826185607545,2.3011039648293186,-0.4449624852536364,0.7589968508191911,-0.4449624852536359,1.9418933469587183,-0.4432558285489565,3.1123066777357797,-0.2925001960425941,2.963344452290221,-0.3015822481166107,1.0,0.0
2021-07-05 00:00:00+00:00,3.6103480473843,-0.4700725127801798,2.056895085128398,-0.2515877268405887,3.911538393872796,-0.2382918511591166,5.2340775367204095,-0.1533268560334854,4.0237179609461,-0.2662826185607545,2.197001481009451,-0.47007251278018,0.7246596550256078,-0.4700725127801796,1.9418933469587183,-0.4432558285489565,3.041079223834943,-0.308691855441625,2.8939496086579717,-0.3179376166747537,1.0,0.0
2021-07-06 00:00:00+00:00,3.66713068823612,-0.4617379473063299,2.07307024793207,-0.245702307379895,3.911538393872796,-0.2382918511591166,5.2340775367204095,-0.1533268560334854,4.0237179609461,-0.2662826185607545,2.1915089773069276,-0.4713973314982295,0.7360569187772106,-0.4617379473063296,1.9418933469587183,-0.4432558285489565,3.0694869543756793,-0.302234116577964,2.9173432202735508,-0.3124240782062983,1.0,0.0
2021-07-07 00:00:00+00:00,3.6287779992096465,-0.4673673613841906,2.062229644568242,-0.249646718869135,3.911538393872796,-0.2382918511591166,5.2340775367204095,-0.1533268560334854,4.0237179609461,-0.2662826185607545,2.1915089773069276,-0.4713973314982295,0.728358866945514,-0.4673673613841904,1.9418933469587183,-0.4432558285489565,3.04965954288223,-0.3067413490576385,2.901663659106532,-0.3161195257106625,1.0,0.0
2021-07-08 00:00:00+00:00,3.523071005489218,-0.4828830515139587,2.032193073560601,-0.2605756858097798,3.7878156900581823,-0.2623848248698798,5.2340775367204095,-0.1533268560334854,4.0237179609461,-0.2662826185607545,2.1915089773069276,-0.4713973314982295,0.7071416345352654,-0.4828830515139586,1.9418933469587183,-0.4432558285489565,2.993713342098649,-0.3194592236712485,2.856973100541858,-0.3266524488809778,1.0,0.0
2021-07-09 00:00:00+00:00,3.62381526476941,-0.468095792371214,2.0612489435091788,-0.2500035521924341,3.778346150833037,-0.2642288628077051,5.2340775367204095,-0.1533268560334854,4.0237179609461,-0.2662826185607545,2.1915089773069276,-0.4713973314982295,0.7273627598167148,-0.4680957923712138,1.9418933469587183,-0.4432558285489565,3.047654048511129,-0.3071972446429102,2.8997864876216557,-0.3165619480849342,1.0,0.0
2021-07-10 00:00:00+00:00,3.5902795680359323,-0.4730181675186774,2.0517112857629685,-0.253473879952983,3.778346150833037,-0.2642288628077051,5.2340775367204095,-0.1533268560334854,4.0237179609461,-0.2662826185607545,2.1915089773069276,-0.4713973314982295,0.7206315621296852,-0.4730181675186772,1.9418933469587183,-0.4432558285489565,3.024909643614331,-0.3123675776697697,2.8837270661809935,-0.3203469232033233,1.0,0.0
2021-07-11 00:00:00+00:00,3.671307915368066,-0.4611248132127395,2.074863629687401,-0.2450497758405599,3.778346150833037,-0.2642288628077051,5.2340775367204095,-0.1533268560334854,4.0237179609461,-0.2662826185607545,2.1915089773069276,-0.4713973314982295,0.7368953609253553,-0.4611248132127394,1.9418933469587183,-0.4432558285489565,3.077614992346478,-0.3003864242178133,2.9217169977299395,-0.3113932416405497,1.0,0.0
2021-07-12 00:00:00+00:00,3.545673897912767,-0.4795653952025155,2.0393621872207617,-0.2579671654774926,3.778346150833037,-0.2642288628077051,5.2340775367204095,-0.1533268560334854,4.0237179609461,-0.2662826185607545,2.111035657019852,-0.4908078893774948,0.71167842822143,-0.4795653952025153,1.9418933469587183,-0.4432558285489565,2.9767423041474967,-0.3233171359101958,2.863438062993977,-0.3251287500283756,1.0,0.0
2021-07-13 00:00:00+00:00,3.50743158713016,-0.4851786079433726,2.0283642888229556,-0.2619688096057659,3.778346150833037,-0.2642288628077051,5.2340775367204095,-0.1533268560334854,4.0237179609461,-0.2662826185607545,2.1057580678773027,-0.492080869654051,0.7040025312233043,-0.4851786079433725,1.9418933469587183,-0.4432558285489565,2.947532515145508,-0.3299572013447431,2.845232245245118,-0.3294195999474694,1.0,0.0
2021-07-14 00:00:00+00:00,3.5171030788863957,-0.4837590247738879,2.031160823553665,-0.2609512754933497,3.778346150833037,-0.2642288628077051,5.2340775367204095,-0.1533268560334854,4.0237179609461,-0.2662826185607545,2.1057580678773027,-0.492080869654051,0.7059437678541423,-0.4837590247738877,1.9418933469587183,-0.4432558285489565,2.954913333608137,-0.3282793693840592,2.8498912176373272,-0.3283215470290047,1.0,0.0
2021-07-15 00:00:00+00:00,3.4163673926736884,-0.4985450255603605,2.002072910180107,-0.2715350682821831,3.778346150833037,-0.2642288628077051,5.2340775367204095,-0.1533268560334854,4.0237179609461,-0.2662826185607545,2.1057580678773027,-0.492080869654051,0.6857243633364652,-0.4985450255603604,1.9418933469587183,-0.4432558285489565,2.8702466906130844,-0.3475260695081967,2.795808839189166,-0.3410679873367048,1.0,0.0
2021-07-16 00:00:00+00:00,3.3632004430335636,-0.5063488792764438,1.9864943588481176,-0.2772034074693404,3.778346150833037,-0.2642288628077051,5.2340775367204095,-0.1533268560334854,4.0237179609461,-0.2662826185607545,2.1057580678773027,-0.492080869654051,0.6750528317059095,-0.5063488792764437,1.9418933469587183,-0.4432558285489565,2.825578701572499,-0.3576801438850755,2.7671578659204297,-0.3478206104832164,1.0,0.0
2021-07-17 00:00:00+00:00,3.3777960904263535,-0.5042065277231603,1.9908048618497405,-0.275635007907676,3.778346150833037,-0.2642288628077051,5.2340775367204095,-0.1533268560334854,4.0237179609461,-0.2662826185607545,2.1057580678773027,-0.492080869654051,0.6779824320285702,-0.5042065277231602,1.9418933469587183,-0.4432558285489565,2.837841173318468,-0.3548925984229368,2.775110749101089,-0.3459462300723485,1.0,0.0
2021-07-18 00:00:00+00:00,3.405496743103023,-0.5001406213134081,1.9989679647352911,-0.2726648192817316,3.778346150833037,-0.2642288628077051,5.2340775367204095,-0.1533268560334854,4.0237179609461,-0.2662826185607545,2.1057580678773027,-0.492080869654051,0.6835424348729505,-0.500140621313408,1.9418933469587183,-0.4432558285489565,2.8611137601144714,-0.3496021973472522,2.790293179180558,-0.3423679492295546,1.0,0.0
2021-07-19 00:00:00+00:00,3.3048800082016663,-0.5149091624066051,1.9694378190683763,-0.2834095206547357,3.778346150833037,-0.2642288628077051,5.2340775367204095,-0.1533268560334854,4.0237179609461,-0.2662826185607545,2.1057580678773027,-0.492080869654051,0.6633469059526168,-0.5149091624066049,1.9418933469587183,-0.4432558285489565,2.7765810336312993,-0.3688184551288725,2.7332393014799536,-0.355814729258481,1.0,0.0
2021-07-20 00:00:00+00:00,3.1924335118047873,-0.5314140778607932,1.9359333677605883,-0.2956002943823393,3.778346150833037,-0.2642288628077051,5.2340775367204095,-0.1533268560334854,4.0237179609461,-0.2662826185607545,2.1057580678773027,-0.492080869654051,0.6407769381217212,-0.531414077860793,1.9418933469587183,-0.4432558285489565,2.682109582801302,-0.3902940164609004,2.6695097557128378,-0.3708348684288765,1.0,0.0
2021-07-21 00:00:00+00:00,3.4447131686785855,-0.4943844278411312,2.0124262068351086,-0.267767965944156,3.778346150833037,-0.2642288628077051,5.2340775367204095,-0.1533268560334854,4.0237179609461,-0.2662826185607545,2.1057580678773027,-0.492080869654051,0.6914138536547253,-0.4943844278411311,1.9418933469587183,-0.4432558285489565,2.894061275058946,-0.342112459741748,2.812594658269043,-0.3371118107213847,1.0,0.0
2021-07-22 00:00:00+00:00,3.460071819077519,-0.4921300825796291,2.0169125238448187,-0.2661355955157239,3.785746476931183,-0.26278777029488,5.2340775367204095,-0.1533268560334854,4.0237179609461,-0.2662826185607545,2.1057580678773027,-0.492080869654051,0.6944966019531376,-0.4921300825796288,1.9418933469587183,-0.4432558285489565,2.903602231680452,-0.3399435780606559,2.821369806909754,-0.3350436341442908,1.0,0.0
2021-07-23 00:00:00+00:00,3.604341541977797,-0.4709541486433333,2.058960698874719,-0.2508361422359433,3.776282110738856,-0.2646308008691428,5.2340775367204095,-0.1533268560334854,4.0237179609461,-0.2662826185607545,2.18829448980992,-0.472172681581838,0.7234540449075085,-0.4709541486433332,1.9418933469587183,-0.4432558285489565,3.007112136138204,-0.3164133656830032,2.907703056875571,-0.3146961263453536,1.0,0.0
2021-07-24 00:00:00+00:00,3.6712168265260408,-0.4611381832481308,2.078061771984364,-0.2438861146681146,3.776282110738856,-0.2646308008691428,5.2340775367204095,-0.1533268560334854,4.0237179609461,-0.2662826185607545,2.228896307084176,-0.4623793249588744,0.7368770778102727,-0.4611381832481307,1.9418933469587183,-0.4432558285489565,3.052926299197167,-0.3059987392534928,2.947053212545392,-0.3054218594817975,1.0,0.0
2021-07-25 00:00:00+00:00,3.79154840174202,-0.4434758946126609,2.1121181160025415,-0.2314945318273437,3.776282110738856,-0.2646308008691428,5.2340775367204095,-0.1533268560334854,4.0237179609461,-0.2662826185607545,2.30195290283919,-0.4447577172595021,0.7610297181209141,-0.4434758946126607,1.9418933469587183,-0.4432558285489565,3.1348418151067365,-0.287377434398904,3.0180089496703055,-0.2886986107323277,1.0,0.0
2021-07-26 00:00:00+00:00,3.990505722127532,-0.4142729060165145,2.1675336502608524,-0.2113312934286205,3.964997644065518,-0.2278815362389036,5.2340775367204095,-0.1533268560334854,4.0237179609461,-0.2662826185607545,2.422745342411401,-0.415621990892926,0.800963913179986,-0.4142729060165143,1.9418933469587183,-0.4432558285489565,3.2669159580679943,-0.2573539052520552,3.147495619931765,-0.2581804611891718,1.0,0.0
2021-07-27 00:00:00+00:00,4.228437278932162,-0.3793492725127787,2.2321526098294697,-0.1878193395280034,4.201408296717391,-0.1818444269317823,5.2340775367204095,-0.1533268560334854,4.0237179609461,-0.2662826185607545,2.567200108599226,-0.3807787957815287,0.8487209154442601,-0.3793492725127785,1.9418933469587183,-0.4432558285489565,3.4202263570813285,-0.2225028804406199,3.2965826064287955,-0.2230427984500824,1.0,0.0
2021-07-28 00:00:00+00:00,4.288629857376041,-0.3705141958316935,2.2480401602651,-0.1820385693650359,4.261216112653303,-0.1701978326316674,5.2955003944181485,-0.1433909917530074,4.0237179609461,-0.2662826185607545,2.6037446719271276,-0.3719640686257682,0.8608026129863696,-0.3705141958316933,1.9418933469587183,-0.4432558285489565,3.455965691664897,-0.2143784972002645,3.3348879500070945,-0.21401477879938,1.0,0.0
2021-07-29 00:00:00+00:00,4.288299794277878,-0.3705626425481699,2.247953653020972,-0.1820700454882912,4.2608881593817785,-0.1702616961692848,5.2950928401818,-0.1434569184085078,4.0237179609461,-0.2662826185607545,2.60354428157827,-0.372012403756605,0.8607363635811289,-0.3705626425481698,1.9418933469587183,-0.4432558285489565,3.4557403528710635,-0.2144297219570025,3.334672695215714,-0.2140655112639645,1.0,0.0
2021-07-30 00:00:00+00:00,4.522975728705174,-0.3361168698387715,2.3094629515051723,-0.1596895583979019,4.494064000219067,-0.124854513574118,5.5848652254537114,-0.0965828523000846,4.0237179609461,-0.2662826185607545,2.7460224702341796,-0.3376459687993711,0.9078399058028004,-0.3361168698387714,1.9418933469587183,-0.4432558285489565,3.604551237304145,-0.1806015416185122,3.487788748739384,-0.1779782552594828,1.0,0.0
2021-07-31 00:00:00+00:00,4.443188332891458,-0.3478280770743202,2.2890929511247364,-0.1671012919370621,4.414786620744758,-0.1402924870474,5.486345604956632,-0.1125195510294113,4.0237179609461,-0.2662826185607545,2.697581356487886,-0.3493302020179616,0.8918251875631978,-0.34782807707432,1.9418933469587183,-0.4432558285489565,3.5544321930691885,-0.191994767814512,3.4372942407249383,-0.189879086005855,1.0,0.0
2021-08-01 00:00:00+00:00,4.269970575995479,-0.3732530082579616,2.244472791386629,-0.1833365756030972,4.242676104978676,-0.1738081959985354,5.272460347784051,-0.1471179882646123,4.0237179609461,-0.2662826185607545,2.5924161110365045,-0.3746965728404792,0.8570573706355495,-0.3732530082579615,1.9418933469587183,-0.4432558285489565,3.4493156382549146,-0.2158902092425018,3.323617829254697,-0.2166709844906422,1.0,0.0
2021-08-02 00:00:00+00:00,4.195211284261569,-0.384226189539912,2.2248245065549503,-0.1904857090814546,4.16839468897837,-0.1882732872688917,5.180149313251087,-0.1620503757354707,4.0237179609461,-0.2662826185607545,2.5470276970202135,-0.3856444799750227,0.8420518803485111,-0.3842261895399119,1.9418933469587183,-0.4432558285489565,3.4071338602117924,-0.2254791099474269,3.275871118973398,-0.2279241987528991,1.0,0.0
2021-08-03 00:00:00+00:00,4.094395225541192,-0.3990239874164358,2.198091879412089,-0.2002125183835746,4.0682230658445615,-0.2077800730755098,5.16719893996796,-0.164145249796132,4.0237179609461,-0.2662826185607545,2.4858195059504244,-0.4004081945975456,0.821816343670467,-0.3990239874164358,1.9418933469587183,-0.4432558285489565,3.3490356371163883,-0.2386861893603644,3.211698324564515,-0.2430488052658168,1.0,0.0
2021-08-04 00:00:00+00:00,4.256868785611905,-0.3751760912308284,2.24170415831262,-0.1843439575485572,4.2296580637525105,-0.1763432466833119,5.359325439088027,-0.1330665456867557,4.0237179609461,-0.2662826185607545,2.5844616551756747,-0.3766152264431129,0.8544276134002445,-0.3751760912308283,1.9418933469587183,-0.4432558285489565,3.4455094506672186,-0.2167554443401173,3.3145129891234837,-0.218816864619692,1.0,0.0
2021-08-05 00:00:00+00:00,4.378957839662259,-0.3572558395595741,2.273850737633339,-0.1726472528028133,4.350966701149415,-0.1527203729375887,5.513033482760367,-0.1082024752414894,4.0237179609461,-0.2662826185607545,2.658585264476555,-0.3587362498652586,0.878933010284246,-0.3572558395595739,1.9418933469587183,-0.4432558285489565,3.5249882132474726,-0.1986880702774766,3.392728790095861,-0.2003825230315356,1.0,0.0
2021-08-06 00:00:00+00:00,4.590542216819374,-0.3261994494691297,2.3287851888985176,-0.1526590590230752,4.561198590380176,-0.1117811497858671,5.779414616903953,-0.065112217071559,4.0237179609461,-0.2662826185607545,2.787043936128608,-0.3277513908796877,0.9214016752847212,-0.3261994494691295,1.9418933469587183,-0.4432558285489565,3.66323231194626,-0.1672619664724313,3.526856312491834,-0.1687705912545576,1.0,0.0
2021-08-07 00:00:00+00:00,4.7765424173351185,-0.298898309083758,2.375964203014342,-0.1354927225117309,4.74600984193439,-0.0757921801960918,6.0135857075583745,-0.0272323094546999,4.0237179609461,-0.2662826185607545,2.8999697532721185,-0.3005131322629435,0.958735150997149,-0.2988983090837579,1.9418933469587183,-0.4432558285489565,3.7820263787330184,-0.1402573079777617,3.6410749402455256,-0.1418509001746744,1.0,0.0
2021-08-08 00:00:00+00:00,4.693151118277501,-0.3111384978371987,2.35522380922189,-0.1430392256740259,4.663151596057039,-0.091927468854463,5.9085974796034355,-0.0442153809545879,4.0237179609461,-0.2662826185607545,2.8927198288889384,-0.3022618494322862,0.9419970666866868,-0.3111384978371986,1.9418933469587183,-0.4432558285489565,3.729894610203912,-0.1521080732889516,3.5896866493562545,-0.1539623827153814,1.0,0.0
2021-08-09 00:00:00+00:00,4.956668994990373,-0.2724593000393221,2.421346075663797,-0.1189802855306833,4.924985015952156,-0.0409396912870997,6.240362006876444,0.0,4.0237179609461,-0.2662826185607545,2.8927198288889384,-0.3022618494322862,0.9948896884299512,-0.272459300039322,1.9418933469587183,-0.4432558285489565,3.8890980180524872,-0.1159174303012361,3.751315415720253,-0.1158688024849811,1.0,0.0
2021-08-10 00:00:00+00:00,4.885039944521834,-0.2829730239874151,2.403850584192527,-0.1253461136357354,4.853813832114588,-0.0547991156958307,6.150182249950114,-0.0144510457609603,4.0237179609461,-0.2662826185607545,2.843685202695805,-0.3140892407517273,0.9805124920153424,-0.2829730239874148,1.9418933469587183,-0.4432558285489565,3.846629345199579,-0.1255715488791723,3.708796657633623,-0.1258898634564073,1.0,0.0
2021-08-11 00:00:00+00:00,4.877110928731875,-0.2841368462445914,2.401899712812228,-0.1260559486170758,4.845935500114556,-0.0563332920426865,6.140199753854935,-0.0160507119476621,4.0237179609461,-0.2662826185607545,2.8365759896890657,-0.3158040176498479,0.9789210006212626,-0.2841368462445914,1.9418933469587183,-0.4432558285489565,3.841369054963667,-0.126767335379677,3.7040785445360975,-0.1270018549902158,1.0,0.0
2021-08-12 00:00:00+00:00,4.757945290693821,-0.3016279984270532,2.37255612026705,-0.1367327716393981,4.727531591694012,-0.0793905173123692,5.990172241247287,-0.0400921878175439,4.0237179609461,-0.2662826185607545,2.8365759896890657,-0.3158040176498479,0.9550023841836796,-0.301627998427053,1.9418933469587183,-0.4432558285489565,3.767595614658395,-0.1435377567930369,3.631687470285768,-0.1440633920974744,1.0,0.0
2021-08-13 00:00:00+00:00,5.122407822139342,-0.2481321274085709,2.4634259975731627,-0.103669280979086,5.089664408724831,-0.0088710720406146,6.449024372882731,0.0,4.0237179609461,-0.2662826185607545,2.8365759896890657,-0.3158040176498479,1.0281563540615757,-0.2481321274085708,1.9418933469587183,-0.4432558285489565,3.986406813787729,-0.0937968743809242,3.850744731872554,-0.092434739865388,1.0,0.0
2021-08-14 00:00:00+00:00,5.044018907959076,-0.2596380652772301,2.444576923483573,-0.1105276173562471,5.0117765715211045,-0.0240384548756148,6.350334062453442,-0.0153031380753139,3.9520831545112567,-0.279345090410775,2.8365759896890657,-0.3158040176498479,1.01242233541236,-0.2596380652772297,1.9418933469587183,-0.4432558285489565,3.94288855079222,-0.1036895892467639,3.806590799989579,-0.1028411878295072,1.0,0.0
2021-08-15 00:00:00+00:00,5.033871610957436,-0.2611274872198177,2.4421179866180904,-0.1114223146805573,5.001694137988423,-0.0260018439590558,6.337558788021051,-0.0172841004184102,3.944132557521875,-0.2807948667769486,2.8365759896890657,-0.3158040176498479,1.0103855963921489,-0.2611274872198174,1.9418933469587183,-0.4432558285489565,3.93725801446334,-0.1049695413084791,3.800740462814921,-0.1042200283264757,1.0,0.0
2021-08-16 00:00:00+00:00,4.918935710089673,-0.2779977978765223,2.414238150528674,-0.1215665420910134,4.887492929446799,-0.0482406621411537,6.192856442610006,-0.0397219665271968,3.854078129503909,-0.2972161218832124,2.8365759896890657,-0.3158040176498479,0.987315961780817,-0.2779977978765221,1.9418933469587183,-0.4432558285489565,3.8685914475769154,-0.1205790514374478,3.7348703118830193,-0.1197446774081993,1.0,0.0
2021-08-17 00:00:00+00:00,4.789767445563784,-0.2969571372394796,2.382539936683723,-0.1331001066613775,4.759150333245702,-0.0732332843592828,6.030235793287611,-0.0649382845188286,3.7528723783667126,-0.3156707997288523,2.8365759896890657,-0.3158040176498479,0.9613896442116836,-0.2969571372394793,1.9418933469587183,-0.4432558285489565,3.792329653810161,-0.1379151335547382,3.661678219920639,-0.136995002892468,1.0,0.0
2021-08-18 00:00:00+00:00,4.79076835119263,-0.2968102241447096,2.3827888733660023,-0.1330095297186815,4.760144840893767,-0.0730396202549492,6.031495916460054,-0.0647428870292887,3.753656606647216,-0.3155277971809584,2.8365759896890657,-0.3158040176498479,0.9615905433821216,-0.2968102241447092,1.9418933469587183,-0.4432558285489565,3.792884082617106,-0.1377890989724048,3.6620988873210703,-0.1368958576244,1.0,0.0
2021-08-19 00:00:00+00:00,5.011024386110572,-0.2644810066850163,2.437563346980818,-0.1130795446622899,4.978992956985492,-0.0304225277967323,6.308794520316059,-0.0217443514644352,3.9262313295343785,-0.2840591219387206,2.8365759896890657,-0.3158040176498479,1.0057997609384683,-0.2644810066850159,1.9418933469587183,-0.4432558285489565,3.925974751332071,-0.1075344898434289,3.787607452234032,-0.1073152904105969,1.0,0.0
2021-08-20 00:00:00+00:00,5.2855607978082215,-0.224184506488398,2.5043361106916366,-0.0887839176100084,5.251774479276112,0.0,6.65443119583216,0.0,4.1413357428541255,-0.2448352378571733,2.8365759896890657,-0.3158040176498479,1.060903994320323,-0.2241845064883977,1.9418933469587183,-0.4432558285489565,4.085191508632717,-0.0713408122143041,3.9453459387581873,-0.0701385932977973,1.0,0.0
2021-08-21 00:00:00+00:00,5.2319148280223855,-0.2320586708611861,2.491627190629318,-0.0934081261182647,5.1984714248198856,-0.0101495322517302,6.5868918317931415,-0.0101495322517303,4.099303122166784,-0.2524998069659121,2.8365759896890657,-0.3158040176498479,1.0501363150139793,-0.2320586708611857,1.9418933469587183,-0.4432558285489565,4.054826767282904,-0.0782434252202431,3.91341591244068,-0.0776640421807363,1.0,0.0
2021-08-22 00:00:00+00:00,5.276639449456901,-0.2254939834840724,2.502276932312801,-0.0895331606717901,5.2429101578948085,-0.0016878716739042,6.64319936991077,-0.0016878716739042,4.134345699561634,-0.2461098590683249,2.8365759896890657,-0.3158040176498479,1.0591133245195776,-0.2254939834840721,1.9418933469587183,-0.4432558285489565,4.080460693559995,-0.0724162366769554,3.939578230377366,-0.071497959374103,1.0,0.0
2021-08-23 00:00:00+00:00,5.3033906349096345,-0.2215674400314574,2.5086198779424556,-0.087225245994207,5.269490344638532,0.0,6.676878657655597,0.0,4.155305753701029,-0.2422878327267059,2.8438652499839794,-0.3140458124664813,1.064482752776155,-0.221567440031457,1.9418933469587183,-0.4432558285489565,4.096007800943565,-0.0688820170241598,3.955327758118054,-0.0677860217526176,1.0,0.0
2021-08-24 00:00:00+00:00,5.108906312484293,-0.2501138812426253,2.462622206757077,-0.1039617445646917,5.07624920330945,-0.0366716947352785,6.432026201737554,-0.0366716947352785,4.002923649569558,-0.2700744220221585,2.8367555868590197,-0.315760697935315,1.0254463662153783,-0.250113881242625,1.9418933469587183,-0.4432558285489565,3.971248428649329,-0.0972427284127418,3.8403476489920263,-0.0948851830617404,1.0,0.0
2021-08-25 00:00:00+00:00,5.2481447164044575,-0.2296764451435297,2.4961804249504023,-0.0917514074683403,5.214597568642091,-0.0104170939514657,6.607324985376263,-0.0104170939514657,4.112019543267659,-0.2501809915613605,2.9069767852860684,-0.2988230019193285,1.053393935930771,-0.2296764451435293,1.9418933469587183,-0.4432558285489565,4.056008343101116,-0.0779748255138821,3.920714089110474,-0.0759439666968937,1.0,0.0
2021-08-26 00:00:00+00:00,5.019945734461893,-0.2631715296893417,2.4419111676700034,-0.1114975668605005,4.987857278366797,-0.0534459782355012,6.320026346237453,-0.0534459782355012,3.933221372826871,-0.2827845007275689,2.7805760896536835,-0.3293114670379456,1.007590430739214,-0.2631715296893413,1.9418933469587183,-0.4432558285489565,3.9193282104415665,-0.1090454034081704,3.7862404727087378,-0.1076374678632346,1.0,0.0
2021-08-27 00:00:00+00:00,5.258494552125424,-0.2281572945340134,2.499931219349854,-0.0903866608738527,5.224881246227754,-0.0084655432486305,6.620355252613355,-0.0084655432486305,4.12012883313179,-0.2487022778487715,2.912709617324471,-0.2974402148329182,1.0554713279951071,-0.2281572945340129,1.9418933469587183,-0.4432558285489565,4.056461039738127,-0.0778719170234596,3.928017864071069,-0.0742225717762667,1.0,0.0
2021-08-28 00:00:00+00:00,5.239789190507131,-0.2309028706252442,2.4954848785753923,-0.0920044857353713,5.206295452869115,-0.0119926003534126,6.596805520306102,-0.0119926003534127,4.105472832450656,-0.2513747719317327,2.9023486126412745,-0.2999393397649217,1.05171683653901,-0.2309028706252436,1.9418933469587183,-0.4432558285489565,4.043554594673179,-0.0808058526213105,3.9170863790935897,-0.0767989658761214,1.0,0.0
2021-08-29 00:00:00+00:00,5.226123720936437,-0.2329086905230026,2.4922307426328545,-0.0931885204951085,5.192717335601322,-0.014569342387224,6.579600926414262,-0.0145693423872242,4.094765681451755,-0.2533272007226763,2.8950927411096714,-0.3016894914155094,1.0489739390856645,-0.2329086905230021,1.9418933469587183,-0.4432558285489565,4.034609191182077,-0.0828393512034227,3.909230873484839,-0.0786503957910376,1.0,0.0
2021-08-30 00:00:00+00:00,5.034845725750393,-0.2609845064883977,2.446622474875808,-0.1097833325463918,5.0026620260527634,-0.0506364564947451,6.338785181986525,-0.0506364564947454,3.9448957946813814,-0.2806556919203793,2.7818935806786427,-0.3289936817681922,1.0105811181757984,-0.2609845064883973,1.9418933469587183,-0.4432558285489565,3.910701306149234,-0.1110064997034832,3.7951447238808695,-0.1055388636726083,1.0,0.0
2021-08-31 00:00:00+00:00,5.047488857023531,-0.2591287455760895,2.4496943633517008,-0.1086656095017127,5.015224340005511,-0.0482524851557467,6.354702669340346,-0.0482524851557469,3.95480192450298,-0.2788493278303894,2.774938846726946,-0.3306711975637718,1.0131188145492749,-0.2591287455760892,1.9418933469587183,-0.4432558285489565,3.918391057983905,-0.109258439991235,3.802440433180456,-0.1038193697125073,1.0,0.0
2021-09-01 00:00:00+00:00,5.230698524072989,-0.2322372001572927,2.494152875435198,-0.0924891421989975,5.197262895718653,-0.0137067238377933,6.585360525796654,-0.0137067238377935,4.098350125273455,-0.252673584152057,2.774938846726946,-0.3306711975637718,1.049892181653758,-0.2322372001572925,1.9418933469587183,-0.4432558285489565,4.0373458870419805,-0.0822172364876,3.913323039170311,-0.0776859310774694,1.0,0.0
2021-09-02 00:00:00+00:00,5.2774346014661155,-0.2253772709398329,2.5052954524046176,-0.0884348559989716,5.243700227139848,-0.0048942337516425,6.644200452773676,-0.0048942337516427,4.134968716032871,-0.2459962531898051,2.7927954647191786,-0.3263640940935819,1.0592729253594764,-0.2253772709398326,1.9418933469587183,-0.4432558285489565,4.066250199543157,-0.0756466129772641,3.941322167571002,-0.0710869384098463,1.0,0.0
2021-09-03 00:00:00+00:00,5.3580750174945635,-0.2135408572552085,2.524436198127924,-0.0814703933385673,5.323825174160045,0.0,6.745725365756819,0.0,4.198151990238273,-0.2344749023022182,2.8354700225611182,-0.3160707823225742,1.0754588595944414,-0.2135408572552082,1.9418933469587183,-0.4432558285489565,4.11931107367847,-0.0635846403197838,3.990311467832989,-0.0595408635251417,1.0,0.0
2021-09-04 00:00:00+00:00,5.349126878307354,-0.2148542666142332,2.522328257645911,-0.0822373787522785,5.314934233195014,-0.0016700287244939,6.734459810628457,-0.001670028724494,4.191140955824784,-0.2357533512046945,2.8283813475047155,-0.3177806053667678,1.0736628124069072,-0.2148542666142329,1.9418933469587183,-0.4432558285489565,4.111486345492587,-0.0653633833007165,3.984660692004237,-0.0608726702773617,1.0,0.0
2021-09-05 00:00:00+00:00,5.546440313002664,-0.1858925678332659,2.568848864024072,-0.0653106074162188,5.510986402565735,0.0,6.982874070802653,0.0,4.345739722333693,-0.2075625577053452,2.8283813475047155,-0.3177806053667678,1.1132670510126046,-0.1858925678332654,1.9418933469587183,-0.4432558285489565,4.25995312272329,-0.0316134265447429,4.107158982187243,-0.0320015816082558,1.0,0.0
2021-09-06 00:00:00+00:00,5.643639608877912,-0.1716256390090424,2.591357922690737,-0.0571205660839231,5.607564381896313,0.0,7.1052463320305215,0.0,4.421897188605832,-0.1936753873637384,2.8283813475047155,-0.3177806053667678,1.1327766404741304,-0.171625639009042,1.9418933469587183,-0.4432558285489565,4.328437204634661,-0.0160453995012936,4.167920212344001,-0.0176810318203448,1.0,0.0
2021-09-07 00:00:00+00:00,5.022073998464984,-0.2628591427447878,2.44865754840728,-0.1090428601621913,4.9899719380981225,-0.1101355957306617,6.3227057944392415,-0.1101355957306616,3.9348889074789906,-0.2824804289287281,2.8283813475047155,-0.3177806053667678,1.0080176103457346,-0.2628591427447874,1.9418933469587183,-0.4432558285489565,3.890951785861516,-0.1154960256977463,3.7719563490498103,-0.1110040307768985,1.0,0.0
2021-09-08 00:00:00+00:00,4.934690864859777,-0.2756852536374343,2.427354460303513,-0.116794102657897,4.903147374245353,-0.1256190673307521,6.2126919146456006,-0.125619067330752,3.8664225879406926,-0.2949651331689356,2.8283813475047155,-0.3177806053667678,0.9904782954037076,-0.2756852536374339,1.9418933469587183,-0.4432558285489565,3.84487776392328,-0.1259697241035042,3.723906647499413,-0.1223286557321786,1.0,0.0
2021-09-09 00:00:00+00:00,4.971858327306484,-0.2702298073141941,2.4364957224634822,-0.1134680055505855,4.8908895058097395,-0.1278050196624252,6.259485118060808,-0.1190333416249079,3.8955439899242936,-0.2896549004402422,2.8283813475047155,-0.3177806053667678,0.9979384516438576,-0.2702298073141936,1.9418933469587183,-0.4432558285489565,3.8636151905496416,-0.1217102705735385,3.7442911945424657,-0.1175243105916848,1.0,0.0
2021-09-10 00:00:00+00:00,4.806373477281753,-0.2945197011403835,2.3959471888293584,-0.12822180629123,4.715872422987639,-0.1590159110410659,6.05114250493661,-0.1483557047617055,3.7658835148064096,-0.3132982435381002,2.8283813475047155,-0.3177806053667678,0.9647227636389936,-0.294519701140383,1.9418933469587183,-0.4432558285489565,3.776263357827845,-0.1415673768696805,3.652441052077528,-0.1391720707637945,1.0,0.0
2021-09-11 00:00:00+00:00,4.840963661315856,-0.2894425481714492,2.4045686842863105,-0.1250848290775534,4.70408274193017,-0.1611183712634631,6.094690958641194,-0.1422266486150851,3.792985570949958,-0.3083562347148506,2.8283813475047155,-0.3177806053667678,0.9716656152700396,-0.2894425481714487,1.9418933469587183,-0.4432558285489565,3.7951998450425113,-0.1372626722312013,3.671409813962605,-0.1347014058630107,1.0,0.0
2021-09-12 00:00:00+00:00,4.932218606523863,-0.2760481321274067,2.427232434614256,-0.1168385023572986,4.780997196341463,-0.147402174859262,6.209579383426305,-0.1260571283174999,3.8644855272949545,-0.2953183525243861,2.8283813475047155,-0.3177806053667678,0.9899820701508164,-0.2760481321274062,1.9418933469587183,-0.4432558285489565,3.84554765146775,-0.1258174430607085,3.721968294612948,-0.1227854976846135,1.0,0.0
2021-09-13 00:00:00+00:00,4.815998888800258,-0.2931068816358613,2.3986355403051394,-0.1272436352344816,4.76904470335061,-0.1495336694221137,6.063260734417203,-0.1466501721292951,3.773425204758741,-0.3119230305989333,2.8283813475047155,-0.3177806053667678,0.9666547511645548,-0.2931068816358607,1.9418933469587183,-0.4432558285489565,3.78256268773839,-0.1401353924483969,3.65193358872587,-0.139291672591707,1.0,0.0
2021-09-14 00:00:00+00:00,5.048628003365568,-0.2589615414864314,2.4565666647499245,-0.1061650858977293,4.76904470335061,-0.1495336694221137,6.356136835220761,-0.105430475145213,3.955694466967837,-0.2786865743952594,2.8283813475047155,-0.3177806053667678,1.0133474610355446,-0.258961541486431,1.9418933469587183,-0.4432558285489565,3.9117336455835137,-0.1107718249034079,3.790953476161759,-0.1065266805992924,1.0,0.0
2021-09-15 00:00:00+00:00,5.1568511923927725,-0.2430765237907962,2.4828963406876174,-0.0965848925458406,4.85935208874509,-0.1334291043660206,6.492387990533118,-0.0862543412090629,4.0404893597084275,-0.2632243856273322,2.8283813475047155,-0.3177806053667678,1.035069737613019,-0.2430765237907957,1.9418933469587183,-0.4432558285489565,3.966999414795042,-0.0982086282356691,3.852524917880461,-0.0920151755759193,1.0,0.0
2021-09-16 00:00:00+00:00,5.115744405436822,-0.2491101848210754,2.473000389931765,-0.10018558713343,4.820616755185211,-0.1403367974252272,6.440635244524874,-0.0935380782661361,4.008281423293211,-0.2690974420884211,2.8283813475047155,-0.3177806053667678,1.0268188904194104,-0.2491101848210748,1.9215592070452563,-0.4490856615292384,3.94539676797267,-0.1031194130568192,3.829074538258637,-0.0975420934486046,1.0,0.0
2021-09-17 00:00:00+00:00,5.068824007092775,-0.2559971686983856,2.461659502447505,-0.104312029674475,4.776403197882211,-0.1482214250981149,6.381563260603891,-0.101851932728111,3.971518413621326,-0.2758011075669873,2.8283813475047155,-0.3177806053667678,1.0174011502925835,-0.255997168698385,1.9039351202475625,-0.4541385176076273,3.9208024689279384,-0.1087102701137711,3.8019162739821977,-0.1039429065118131,1.0,0.0
2021-09-18 00:00:00+00:00,5.1752114880448055,-0.240381596539518,2.4874928863902652,-0.0949124148181859,4.876653177665069,-0.1303437917879191,6.515503290654583,-0.0830010690434996,4.054874994751101,-0.2606011922086342,2.8283813475047155,-0.3177806053667678,1.0387549683272734,-0.2403815965395175,1.9438960384123685,-0.4426816534554681,3.977057126455154,-0.0959222760973359,3.863310580313071,-0.0894731497567691,1.0,0.0
2021-09-19 00:00:00+00:00,5.062583885597311,-0.2569130947699546,2.4604253587591214,-0.1047610794533902,4.7705230694294585,-0.149270031596818,6.373707053716172,-0.1029576237232708,3.9666291617183624,-0.276692653430355,2.8283813475047155,-0.3177806053667678,1.016148649361684,-0.256913094769954,1.901591226189848,-0.4548105160761195,3.9185808455866953,-0.109215296848328,3.796856441596328,-0.1051354363768831,1.0,0.0
2021-09-20 00:00:00+00:00,4.609697664480622,-0.3233878096736118,2.3503735780628867,-0.1448040082112118,4.758596761755885,-0.151396856517826,5.803530999888329,-0.1832048139237688,3.611784336977263,-0.3413979379839198,2.8283813475047155,-0.3177806053667678,0.9252465068388754,-0.3233878096736113,1.7314795828079304,-0.5035818175985065,3.6734715819973727,-0.1649343418827171,3.517806098876112,-0.1709035966980092,1.0,0.0
2021-09-21 00:00:00+00:00,4.365232358619175,-0.3592704679512367,2.288050098577758,-0.1674807394115091,4.758596761755885,-0.151396856517826,5.495753335444919,-0.2265217729792128,3.4202411975110416,-0.3763254682148815,2.8283813475047155,-0.3177806053667678,0.876178067484494,-0.3592704679512364,1.639654322972439,-0.5299082779499227,3.553705373820532,-0.1921599907598007,3.380404545625776,-0.2032871705522805,1.0,0.0
2021-09-22 00:00:00+00:00,4.6662788382465505,-0.3150828155721568,2.3669473222304513,-0.1387735627903967,4.758596761755885,-0.151396856517826,5.874765735843107,-0.1731791606774272,3.6561167448811984,-0.3333140070136379,2.8283813475047155,-0.3177806053667678,0.9366033326418248,-0.3150828155721563,1.7527324185203244,-0.4974885929483407,3.736066210615903,-0.1507051247579398,3.54616157457857,-0.1642206180863297,1.0,0.0
2021-09-23 00:00:00+00:00,4.807911271261832,-0.2942939834840717,2.402868504792323,-0.1257034484758272,4.758596761755885,-0.151396856517826,6.053078561416757,-0.1480832220933118,3.767088405151723,-0.3130785340560575,2.8283813475047155,-0.3177806053667678,0.965031425640684,-0.2942939834840713,1.8059319304794244,-0.4822362011248372,3.808225688303182,-0.1343015946422764,3.617666151764311,-0.1473680156125129,1.0,0.0
2021-09-24 00:00:00+00:00,4.587723820883768,-0.3266131340935881,2.3478465358110694,-0.1457234860444405,4.758596761755885,-0.151396856517826,5.775866304330597,-0.187098372889208,3.5945674195343167,-0.344537410408504,2.8283813475047155,-0.3177806053667678,0.920835974194517,-0.3266131340935878,1.723225839436226,-0.5059481800571071,3.698088108878386,-0.1593384319208173,3.5068661451417977,-0.1734819867622905,1.0,0.0
2021-09-25 00:00:00+00:00,4.572728454219501,-0.3288141565080592,2.344009467468414,-0.1471196238743948,4.758596761755885,-0.151396856517826,5.7569873926047075,-0.1897554112019803,3.5828182692890516,-0.3466798457968097,2.8283813475047155,-0.3177806053667678,0.917826143260964,-0.328814156508059,1.7175933287802754,-0.5075630305756731,3.69050059614031,-0.1610632503049164,3.4992206974700073,-0.1752839090366137,1.0,0.0
2021-09-26 00:00:00+00:00,4.625266355032933,-0.3211026346834426,2.357475097249466,-0.1422200824895064,4.758596761755885,-0.151396856517826,5.823131716643401,-0.180446187995951,3.623982697211897,-0.3391735900012637,2.8283813475047155,-0.3177806053667678,0.9283714138497136,-0.3211026346834423,1.7373274435103996,-0.5019052258502232,3.7167452348681858,-0.1550972325960146,3.526196024959402,-0.168926211548257,1.0,0.0
2021-09-27 00:00:00+00:00,4.516650948168302,-0.3370452221785271,2.3297947327897677,-0.1522917310810876,4.758596761755885,-0.151396856517826,5.6863867657409894,-0.1996918192537954,3.5388804944598893,-0.3546918161701855,2.8283813475047155,-0.3177806053667678,0.9065704123296484,-0.3370452221785268,1.696529679090057,-0.5136020152670219,3.662340339532359,-0.1674647325791536,3.468697350278986,-0.1824778238407579,1.0,0.0
2021-09-28 00:00:00+00:00,4.396541201073491,-0.3546749508454559,2.298817017293324,-0.1635631384754671,4.758596761755885,-0.151396856517826,5.535170635879679,-0.2209741397807597,3.444772261154698,-0.3718522750250909,2.8283813475047155,-0.3177806053667678,0.8824622967816202,-0.3546749508454557,1.6514144481296071,-0.5265366297865246,3.60166675713795,-0.1812572511495495,3.405096815452788,-0.197467556984188,1.0,0.0
2021-09-29 00:00:00+00:00,4.4498806836967475,-0.3468457727093961,2.3127618098859672,-0.1584892511399128,4.758596761755885,-0.151396856517826,5.52133270928998,-0.2229217044313077,3.4865647434178166,-0.3642314947051074,2.8283813475047155,-0.3177806053667678,0.8931684587830975,-0.3468457727093958,1.6714496504014056,-0.5207925027436384,3.6302211903940447,-0.1747661633414871,3.4333735078323344,-0.1908031464708716,1.0,0.0
2021-09-30 00:00:00+00:00,4.696337084481527,-0.3106708611875715,2.376807903708809,-0.1351857375035127,4.758596761755885,-0.151396856517826,5.813328090738976,-0.1818259608351037,3.679667942996645,-0.3290194904548881,2.8283813475047155,-0.3177806053667678,0.9426365455236392,-0.3106708611875711,1.764022798809666,-0.4942516214486436,3.7647502152239785,-0.1441845823634189,3.564852480237344,-0.1598154399097675,1.0,0.0
2021-10-01 00:00:00+00:00,5.159015891932675,-0.2427587888320855,2.493888367338887,-0.0925853848839358,4.758596761755885,-0.151396856517826,6.386051824142433,-0.1012202074748559,4.042185442285106,-0.2629151081682896,2.8283813475047155,-0.3177806053667678,1.0355042304655724,-0.2427587888320851,1.93781270149081,-0.4444257566418531,3.990967205048853,-0.092760191220394,3.7983663962525553,-0.104779561738134,1.0,0.0
2021-10-02 00:00:00+00:00,5.1047151541176925,-0.2507290601651566,2.480763773306674,-0.0973608385883866,4.758596761755885,-0.151396856517826,6.318836034728427,-0.11068022986859,3.9996397986005623,-0.270673226053006,2.8283813475047155,-0.3177806053667678,1.024605127826105,-0.2507290601651563,1.9174164356830732,-0.4502734012231624,3.968413587902684,-0.0978871537474459,3.773438049714168,-0.1106548151984785,1.0,0.0
2021-10-03 00:00:00+00:00,5.165274231196545,-0.2418401887534382,2.4954788710179456,-0.0920066716172655,4.758596761755885,-0.151396856517826,6.393798665731859,-0.1001299086692391,4.04708896815035,-0.262020959474821,2.8283813475047155,-0.3177806053667678,1.0367603880194889,-0.2418401887534378,1.940163438447199,-0.4437517963025101,3.9926680541515704,-0.0923735486008404,3.800753778796507,-0.1042168899407519,1.0,0.0
2021-10-04 00:00:00+00:00,5.275109156910881,-0.2257186000786446,2.5220109314809247,-0.0823528395738769,4.758596761755885,-0.151396856517826,6.529757062140253,-0.0809949779356637,4.133146686730208,-0.2463284967967951,2.8283813475047155,-0.3177806053667678,1.0588061681861902,-0.2257186000786442,1.9814192745552763,-0.4319236769428738,4.036690540913769,-0.0823662119277617,3.850111499936077,-0.0925839835434738,1.0,0.0
2021-10-05 00:00:00+00:00,5.5159105480560315,-0.1903737318128169,2.579574075931524,-0.061408181725279,4.758596761755885,-0.151396856517826,6.827831383947089,-0.0390436777445482,4.3218190804886785,-0.2119244416314103,2.8283813475047155,-0.3177806053667678,1.1071391961233044,-0.1903737318128164,2.0718683067103063,-0.4059917834408093,4.147878489245825,-0.0570906013299703,3.956985203325679,-0.0673953857079672,1.0,0.0
2021-10-06 00:00:00+00:00,5.927740348988244,-0.12992528509634,2.6758723633063237,-0.0263695350404711,4.758596761755885,-0.151396856517826,7.337612029436461,0.0,4.644495432122039,-0.1530850174792438,2.8283813475047155,-0.3177806053667678,1.189800600939668,-0.1299252850963396,2.2265584716207902,-0.3616418463911802,4.351149025525765,-0.0108824735779199,4.135458932060123,-0.025331689637596,1.0,0.0
2021-10-07 00:00:00+00:00,5.763804009277944,-0.153987888320878,2.638870681809996,-0.039832794668834,4.615097519165444,-0.1769871543401246,7.134684575212629,-0.027655789568833,4.516048243797866,-0.1765071200185296,2.8283813475047155,-0.3177806053667678,1.1568957258912096,-0.1539878883208775,2.164981239066943,-0.3792961451569345,4.273019694312808,-0.0286430904579712,4.06909430153117,-0.0409728804626389,1.0,0.0
2021-10-08 00:00:00+00:00,5.781615628610952,-0.1513734958710156,2.642948072364721,-0.0383492143172236,4.629359343485592,-0.1744438354678187,7.156732563921164,-0.0246509988249118,4.5300039806824905,-0.173962317718163,2.8283813475047155,-0.3177806053667678,1.160470827724025,-0.1513734958710151,2.1716715813532685,-0.3773780124856641,4.280998774580924,-0.0268292596533669,4.076526889485765,-0.0392211261682934,1.0,0.0
2021-10-09 00:00:00+00:00,5.888595722852866,-0.1356709398348379,2.6673999602123737,-0.0294522642008017,4.715018669642623,-0.1591681613384985,7.289157127111367,-0.0066036337340685,4.613824885408751,-0.1586777338277059,2.8283813475047155,-0.3177806053667678,1.181943593554488,-0.1356709398348373,2.211855094986719,-0.3658573298287693,4.3342638440432495,-0.0147208686416595,4.1255658078533815,-0.0276633570083046,1.0,0.0
2021-10-10 00:00:00+00:00,5.857441195613278,-0.1402438065277201,2.6603438140078715,-0.0320196807204085,4.690073133475406,-0.1636167123435929,7.2505927129525,-0.0118593509897857,4.589414730622048,-0.1631288795154655,2.8283813475047155,-0.3177806053667678,1.1756903380052668,-0.1402438065277196,2.2001529332065584,-0.3692123597920188,4.318393847071325,-0.0183284886190744,4.111376682673273,-0.0310075301441088,1.0,0.0
2021-10-11 00:00:00+00:00,6.158822024872558,-0.0960070782540275,2.728784673933273,-0.0071171079425864,4.931389790877289,-0.1205825818428429,7.623654869528214,0.0,4.825552247182265,-0.1200696487264888,2.8283813475047155,-0.3177806053667678,1.2361827129497245,-0.0960070782540269,2.3133566160712915,-0.3367566686901159,4.469176705724144,0.0,4.250876549584232,0.0,1.0,0.0
2021-10-12 00:00:00+00:00,6.000818247861707,-0.1191988989382588,2.6937813662074173,-0.0198532485909903,4.804875627986296,-0.1431439211828667,7.428070996646686,-0.025654869774244,4.701753332691993,-0.1426441472988155,2.8283813475047155,-0.3177806053667678,1.2044686064318275,-0.1191988989382583,2.254007753344597,-0.3537720899835068,4.389124216777671,-0.0179121333116994,4.180202900958176,-0.0166256648015262,1.0,0.0
2021-10-13 00:00:00+00:00,6.147639529972135,-0.0976484467164734,2.7267355749149287,-0.0078626835751676,4.922435929089145,-0.1221793288756637,7.609812696242998,-0.001815687294626,4.816790553277502,-0.1216673270854519,2.8283813475047155,-0.3177806053667678,1.233938191703985,-0.0976484467164729,2.309156283855552,-0.3379609111800206,4.4640891310830995,-0.0011383695423204,4.245578234218965,-0.0012464053715662,1.0,0.0
2021-10-14 00:00:00+00:00,6.145596996643894,-0.0979482500983057,2.7262826003820275,-0.0080275007806259,4.9208004656901805,-0.1224709819513278,7.60728436061467,-0.002147330800477,4.815190190212579,-0.1219591502720529,2.8283813475047155,-0.3177806053667678,1.2335282197351902,-0.0979482500983053,2.3083890741571147,-0.3381808715236485,4.463022080604558,-0.0013771272708243,4.2446161810300325,-0.0014727241502254,1.0,0.0
2021-10-15 00:00:00+00:00,6.609022732599651,-0.0299265434526114,2.829074039618555,0.0,5.291867032298638,-0.0562984797137389,8.180932674255768,0.0,5.178292921954478,-0.0557480519513197,2.8283813475047155,-0.3177806053667678,1.3265458262208012,-0.029926543452611,2.4824595356839096,-0.2882745700119742,4.702833276647037,0.0,4.454313317782394,0.0,1.0,0.0
2021-10-16 00:00:00+00:00,6.523629622284343,-0.0424605583955921,2.810797250346543,-0.0064603432133845,5.223492477762151,-0.0684917511378229,8.0752294084932,-0.012920686426769,5.111385822883947,-0.0679484352799224,2.784765765649523,-0.328300896725667,1.309405943569463,-0.0424605583955919,2.450384454456195,-0.2974705511148069,4.654155802900701,-0.0103506696671674,4.41792172071532,-0.0081699679548343,1.0,0.0
2021-10-17 00:00:00+00:00,6.593581566426177,-0.0321930003932326,2.8258671380957354,-0.0011335516419541,5.279503237904258,-0.0585033218791353,8.161818934450626,-0.0023363766169706,5.1661944794557995,-0.0579541801232695,2.8146264092736466,-0.3210983636462502,1.3234465155710788,-0.0321930003932323,2.4766595752721616,-0.2899374286643017,4.69318202822567,-0.002052219981791,4.447543139456171,-0.001519915157112,1.0,0.0
2021-10-18 00:00:00+00:00,6.645181787983463,-0.0246191112858793,2.836924510249867,0.0,5.320819711211485,-0.051135332767746,8.225691908658234,0.0,5.206624218143697,-0.050581893524091,2.836653185594885,-0.3157853976203448,1.3338035776222124,-0.0246191112858789,2.4960414819822785,-0.2843806025855856,4.721916260581215,0.0,4.469366063930752,0.0,1.0,0.0
2021-10-19 00:00:00+00:00,6.888522950370972,0.0,2.8888674464971618,0.0,5.51566380949062,-0.0163886789605819,8.526910068575848,0.0,5.397286570172823,-0.015814973221117,2.9405291224008754,-0.2907300143399881,1.3826463818269263,0.0,2.587444494717213,-0.2581752012060823,4.856809409107232,0.0,4.572217383583182,0.0,1.0,0.0
2021-10-20 00:00:00+00:00,7.072931775234861,0.0,2.9275355800603515,0.0,5.663320584212938,0.0,8.755179245697693,0.0,5.54177433351919,0.0,3.019248395581316,-0.2717425411894855,1.4196604407640865,0.0,2.6567115352873025,-0.2383162212206691,4.959672636265557,0.0,4.649367202658631,0.0,1.0,0.0
2021-10-21 00:00:00+00:00,6.664825900491338,-0.0576996764160038,2.8430766522274413,-0.0288498382080019,5.336548819063758,-0.0576996764160038,8.250008236256823,-0.0576996764160039,5.222015747704618,-0.0576996764160037,2.845038740136735,-0.3137627609103934,1.3377464927113971,-0.0576996764160038,2.5034201393705606,-0.2822651287875555,4.697689305244147,-0.0528227063023807,4.458567934155906,-0.0410376853851468,1.0,0.0
2021-10-22 00:00:00+00:00,6.50355256986849,-0.0805011589903911,2.8086787213762414,-0.0405996290851774,5.207416713449658,-0.0805011589903911,8.05037716925041,-0.0805011589903912,5.095655076807693,-0.0805011589903911,2.776195400457141,-0.3303681106671289,1.305376129909768,-0.080501158990391,2.4428431775935335,-0.2996326481965858,4.605794475197226,-0.071351112668353,4.38275718399107,-0.0573432914731075,1.0,0.0
2021-10-23 00:00:00+00:00,6.567693045889099,-0.0714327163616653,2.8225288431552733,-0.0358686458399639,5.258774211255674,-0.0714327163616653,8.12977300994423,-0.0714327163616653,5.1459103394125565,-0.0714327163616653,2.8035752813143424,-0.3237639496829642,1.3182502391691089,-0.0714327163616653,2.46693541373236,-0.2927253625474945,4.640274657476756,-0.0643990041708266,4.413595201324847,-0.0507105571697935,1.0,0.0
2021-10-24 00:00:00+00:00,6.521127358212233,-0.0780163635898077,2.8125228185397058,-0.0392865460983653,5.221488906389338,-0.078016363589808,8.072131998371402,-0.0780163635898079,5.1094252521826915,-0.0780163635898079,2.7836976149836996,-0.3285585398830362,1.3089036956433686,-0.0780163635898079,2.4494445621970917,-0.2977400198463761,4.61494314749529,-0.0695065005398895,4.391007966747816,-0.0555686880922372,1.0,0.0
2021-10-25 00:00:00+00:00,6.7597329724478525,-0.0442813267171106,2.863977398231685,-0.0217104728842804,5.412541235119666,-0.0442813267171108,8.367488293052086,-0.0442813267171108,5.296377213664128,-0.0442813267171108,2.885552070936467,-0.3039907476572467,1.3567959929592546,-0.0442813267171107,2.5390688238001284,-0.2720445894839202,4.744572767436705,-0.043369771475646,4.511211569434852,-0.0297149326353011,1.0,0.0
2021-10-26 00:00:00+00:00,6.465036992559808,-0.0859466487155345,2.80154870251329,-0.0430351311202387,5.176577159398132,-0.0859466487155347,8.002700930626172,-0.0859466487155348,5.06547740161545,-0.0859466487155347,2.7597541143413467,-0.3343338291763408,1.2976453835663944,-0.0859466487155347,2.428376082225456,-0.3037803893877373,4.579421330073258,-0.0766686299841382,4.364240320518572,-0.0613259546324961,1.0,0.0
2021-10-27 00:00:00+00:00,6.2597795392064395,-0.1149667863156251,2.7570757356311915,-0.0582263954672912,5.012226816770847,-0.1149667863156254,7.748624424202568,-0.1149667863156255,4.904654347908072,-0.1149667863156254,2.672135110452724,-0.3554679608393143,1.2564466422300151,-0.1149667863156252,2.35127794790767,-0.3258845574556704,4.46878746366799,-0.0989753172433542,4.264710083780204,-0.0827332198365553,1.0,0.0
2021-10-28 00:00:00+00:00,6.4915149114864645,-0.0822030923278756,2.8081088405511863,-0.0407942913905433,5.1977781193465225,-0.0822030923278758,8.035476437816502,-0.082203092327876,5.08622334632066,-0.0822030923278758,2.7710568409585536,-0.3316075563145505,1.3029599624777235,-0.0822030923278757,2.438321631663547,-0.3009289832123119,4.590657774101198,-0.0744030683529575,4.376729236887686,-0.0586398006195432,1.0,0.0
2021-10-29 00:00:00+00:00,6.671315712577298,-0.0567821202607636,2.8469980848929,-0.0275103386329437,5.341745233724899,-0.0567821202607639,8.258041604863942,-0.0567821202607639,5.227100636855289,-0.0567821202607639,2.847809070086299,-0.3130945437964625,1.3390491108871712,-0.0567821202607637,2.50585782139246,-0.2815662411479902,4.681132308371441,-0.0561610308425206,4.463747014354431,-0.0399237531073168,1.0,0.0
2021-10-30 00:00:00+00:00,6.629037630276244,-0.0627595683183126,2.837976954389578,-0.0305918145899792,5.307893029099518,-0.0627595683183129,8.205707975688254,-0.0627595683183128,5.19397496863002,-0.0627595683183128,2.829761669628873,-0.317447664929025,1.3305631643431468,-0.0627595683183127,2.489977466186389,-0.2861191663719212,4.655022403542678,-0.0614254720150782,4.443448807541068,-0.0442895529954728,1.0,0.0
2021-10-31 00:00:00+00:00,6.569091527522552,-0.0712349933130209,2.8251451024972725,-0.0349749728954509,5.259893980267034,-0.0712349933130213,8.131504110676117,-0.071234993313021,5.147006075928678,-0.0712349933130213,2.8041722563117304,-0.3236199563980104,1.3185309387594963,-0.0712349933130209,2.4674607068364853,-0.2925747601086514,4.6196996353994315,-0.0685474679075012,4.413959559118307,-0.0506321899904381,1.0,0.0
2021-11-01 00:00:00+00:00,6.527438207514448,-0.0771241099243176,2.8161882572066705,-0.0380344900373117,5.226542024939446,-0.077124109924318,8.079943839145399,-0.0771241099243178,5.1143699206450925,-0.0771241099243179,2.7863915504316816,-0.3279087494959921,1.3101703928753918,-0.0771241099243176,2.4518150228026014,-0.297060404702816,4.595159420448709,-0.0734954184579633,4.390189791700307,-0.055744663663072,1.0,0.0
2021-11-02 00:00:00+00:00,6.774865508191877,-0.0421418269700595,2.869563090987399,-0.0198024883003327,5.424657908077058,-0.0421418269700599,8.386219996833644,-0.0421418269700596,5.308233838448906,-0.0421418269700597,2.892011752115097,-0.3024326410083338,1.359833356113168,-0.0421418269700595,2.5447528574578633,-0.2704149672318889,4.741239220208489,-0.0440419019714857,4.526222861886255,-0.0264862583239197,1.0,0.0
2021-11-03 00:00:00+00:00,6.740197094916976,-0.047043388921539,2.862221011721289,-0.0223104268258682,5.3968987913824495,-0.0470433889215393,8.34330594336455,-0.047043388921539,5.281070488232044,-0.0470433889215391,2.8772127190572503,-0.3060022400593204,1.3528748025126982,-0.0470433889215389,2.531730821280443,-0.2741484074610126,4.720930194886347,-0.0481367337903523,4.507417426977256,-0.0305309883031402,1.0,0.0
2021-11-04 00:00:00+00:00,6.579294549462843,-0.0697924483734506,2.8280574227376993,-0.0339801702155918,5.268063574716955,-0.069792448373451,8.14413385019203,-0.0697924483734506,5.155000334449738,-0.0697924483734506,2.8085276578060823,-0.3225694122860989,1.320578862744229,-0.0697924483734505,2.4712931326176126,-0.2914759970280203,4.6233037012031195,-0.067820793776363,4.420705999829106,-0.0491811450596483,1.0,0.0
2021-11-05 00:00:00+00:00,6.53022552608043,-0.0767300274342616,2.81751145806323,-0.0375825054856731,5.22877384041726,-0.0767300274342618,8.083394101983432,-0.0767300274342616,5.116553836873776,-0.0767300274342616,2.7875813833575105,-0.3276217559832221,1.3107298561969225,-0.0767300274342613,2.452861986299789,-0.2967602384626391,4.588253705575154,-0.074887791580145,4.3938671061203625,-0.0549537357238995,1.0,0.0
2021-11-06 00:00:00+00:00,6.587396098235933,-0.0686470182985478,2.829844779590094,-0.0333696372934411,5.274550512437929,-0.068647018298548,8.154162295811219,-0.0686470182985476,5.161348049439677,-0.0686470182985476,2.8119859957219835,-0.3217352442905049,1.32220498450923,-0.0686470182985475,2.4743362099104727,-0.2906035415202407,4.6281710037430575,-0.0668394180088682,4.427073262120251,-0.047811654973448,1.0,0.0
2021-11-07 00:00:00+00:00,6.780609463406662,-0.0413297231074298,2.871345535322836,-0.0191936334165261,5.429257112598808,-0.0413297231074301,8.393330111717091,-0.0413297231074298,5.312734334790981,-0.0413297231074298,2.8944636953993874,-0.3018412203130447,1.3609862678407352,-0.0413297231074296,2.546910383157564,-0.2697964008930396,4.763918798605165,-0.0394691045189197,4.5439471064993935,-0.022674074032904,1.0,0.0
2021-11-08 00:00:00+00:00,7.236293719423688,0.0,2.967828525612475,0.0,5.794125049829447,0.0,8.95739568843319,0.0,5.6697714722091614,0.0,3.088983309414099,-0.2549221393926154,1.45245002463979,0.0,2.7180730152711825,-0.2207237790887988,5.074584024615321,0.0,4.815981644821963,0.0,1.0,0.0
2021-11-09 00:00:00+00:00,7.1743350890779505,-0.0085622050110304,2.9551229474755356,-0.0042811025055152,5.74451456329326,-0.0085622050110306,8.880700630183904,-0.0085622050110304,5.621225726498414,-0.0085622050110305,3.062534801043244,-0.2613016487843159,1.4400138497605477,-0.0085622050110305,2.6948003168794807,-0.2273961018524616,5.036144020363921,-0.0075750059640236,4.780896721260308,-0.0072851032560262,1.0,0.0
2021-11-10 00:00:00+00:00,6.953018137058769,-0.0391465014202713,2.9095425002663657,-0.0196392833491215,5.567305325337069,-0.0391465014202714,8.606744985394007,-0.0391465014202713,5.447819755219712,-0.0391465014202713,2.9680604199049254,-0.2840893309210952,1.3955916876873553,-0.0391465014202713,2.611669966118468,-0.2512297167774828,4.8888868852309635,-0.0365935687503833,4.65805108167595,-0.0327930160024211,1.0,0.0
2021-11-11 00:00:00+00:00,6.941426278185949,-0.0407484069429431,2.9071171501966027,-0.0204564970286964,5.558023684420696,-0.0407484069429432,8.59239608377195,-0.0407484069429431,5.438737316986092,-0.0407484069429432,2.963112160482134,-0.2852828752608226,1.39326499997148,-0.0407484069429432,2.6073158699442796,-0.2524780436594473,4.881154243931536,-0.0381173668118438,4.651374190048016,-0.034179419049682,1.0,0.0
2021-11-12 00:00:00+00:00,6.871552563284913,-0.0504044156139952,2.892485353589102,-0.0253866324732571,5.502075562698382,-0.0504044156139954,8.505903393334394,-0.0504044156139952,5.383989954487556,-0.0504044156139954,2.9332849108616963,-0.2924773535434565,1.3792401299392882,-0.0504044156139953,2.581070133340268,-0.2600027416057107,4.832104179424969,-0.0477831964184951,4.611068120807718,-0.0425486513709127,1.0,0.0
2021-11-13 00:00:00+00:00,6.899176058354219,-0.0465870615733268,2.8982992183719913,-0.0234276699750146,5.524193789369487,-0.046587061573327,8.540096943959501,-0.0465870615733267,5.405633479526661,-0.0465870615733269,2.9450766537794455,-0.2896331275616542,1.384784645909716,-0.0465870615733269,2.5914459803479453,-0.2570279683750186,4.851377309850075,-0.0439852239479208,4.626980548478233,-0.0392445632650904,1.0,0.0
2021-11-14 00:00:00+00:00,7.021245823002733,-0.0297179612601576,2.9239395774869923,-0.0147882358251897,5.621935466062105,-0.029717961260158,8.69120015037243,-0.0297179612601575,5.501277423244102,-0.0297179612601578,2.997185023091657,-0.2770643343899469,1.4092861710752296,-0.0297179612601576,2.637297426701073,-0.2438822796328001,4.937214586856136,-0.0270700883250422,4.697420179713464,-0.0246183382438704,1.0,0.0
2021-11-15 00:00:00+00:00,6.8163109313134775,-0.05803838323794,2.881267859694753,-0.0291663299178843,5.457843399658896,-0.0580383832379403,8.437522924654033,-0.0580383832379399,5.340707102633546,-0.05803838323794,2.909703712286723,-0.2981652538086514,1.3681521734757902,-0.0580383832379401,2.5603204519421694,-0.265951711046257,4.793108033388213,-0.0554677959536683,4.56557156145806,-0.0519956473740174,1.0,0.0
2021-11-16 00:00:00+00:00,6.436109319599387,-0.1105793146119046,2.800911880113224,-0.0562420113085219,5.153414673043638,-0.1105793146119048,7.966893012498619,-0.1105793146119045,5.042812028806143,-0.1105793146119046,2.747405652211475,-0.3373123385510842,1.291839096407078,-0.1105793146119046,2.4175103641773816,-0.3068956094905148,4.536288377089662,-0.106076802534857,4.326614394360104,-0.1016131884530781,1.0,0.0
2021-11-17 00:00:00+00:00,6.466758035857375,-0.1063438983274991,2.8075808433963525,-0.053994926200479,5.140531136361029,-0.112802866325375,8.004831312063272,-0.106343898327499,5.066825871228395,-0.1063438983274992,2.760488782422424,-0.3341566236471177,1.2979908268937226,-0.1063438983274991,2.4290225348884644,-0.3035950502944174,4.554557086752261,-0.1024767617090507,4.344101715102592,-0.0979820864198529,1.0,0.0
2021-11-18 00:00:00+00:00,6.096696219710875,-0.1574835881321264,2.727248591893794,-0.081062612493433,5.140531136361029,-0.112802866325375,7.546752875099493,-0.1574835881321263,4.776875516876493,-0.1574835881321264,2.602519134167316,-0.3722596743188747,1.2237129831769205,-0.1574835881321263,2.290021124021168,-0.3434469945039387,4.324511963717245,-0.1478095657219776,4.125318219833553,-0.1434107261872552,1.0,0.0
2021-11-19 00:00:00+00:00,6.221072139512786,-0.1402957949572777,2.755067269413644,-0.0716892011660015,5.140531136361029,-0.112802866325375,7.700710739577564,-0.1402957949572777,4.874326376289481,-0.1402957949572779,2.655611940410085,-0.3594534301515963,1.2206537007189782,-0.1595898791617961,2.336738800841786,-0.3300529559928392,4.3942695839003045,-0.1340630951059259,4.19697850965334,-0.1285310411916045,1.0,0.0
2021-11-20 00:00:00+00:00,6.398456407206355,-0.1157826567996275,2.7943455143103297,-0.058454526535135,5.140531136361029,-0.112802866325375,7.920284617620867,-0.1157826567996274,5.0133102677100485,-0.1157826567996276,2.7313326150404285,-0.341189233616321,1.2524071222443414,-0.1377279073302777,2.4033673001877096,-0.3109504503266714,4.492388211820623,-0.1147277904889615,4.299852182359083,-0.1071701473401193,1.0,0.0
2021-11-21 00:00:00+00:00,6.282131669406062,-0.1318578386966882,2.7689447388272397,-0.0670132337730634,5.140531136361029,-0.112802866325375,7.776292852605356,-0.1318578386966882,4.922167659979521,-0.1318578386966883,2.6816766464646125,-0.3531664957530576,1.2296382041111784,-0.1534041218277849,2.359673782057733,-0.3234774573258731,4.429825788507529,-0.1270563721046412,4.22942705765949,-0.1217933601954491,1.0,0.0
2021-11-22 00:00:00+00:00,6.027635874587455,-0.1670271953710156,2.712858299605626,-0.085911373856827,5.140531136361029,-0.112802866325375,7.461267008765767,-0.1670271953710155,4.72276544481147,-0.1670271953710157,2.573039090694784,-0.3793704047829035,1.1798242606023843,-0.1877006157957256,2.2640809027167963,-0.350884100686921,4.288741061425488,-0.1548585971535675,4.0751000907149475,-0.1538381183208194,1.0,0.0
2021-11-23 00:00:00+00:00,6.16631488585424,-0.1478628252329514,2.7440659334544395,-0.0753960649097329,5.140531136361029,-0.112802866325375,7.632929855212001,-0.1478628252329513,4.831423043903124,-0.1478628252329515,2.6322375101866977,-0.3650914568805466,1.2069687108202076,-0.1690118831320631,2.3161710600437373,-0.335949762749587,4.381459511527977,-0.1365874542081084,4.156985009749461,-0.1368353709946216,1.0,0.0
2021-11-24 00:00:00+00:00,6.123130201666672,-0.1538306156325659,2.7344571457976548,-0.0786337141114508,5.140531136361029,-0.112802866325375,7.579473995217022,-0.1538306156325657,4.797587036143266,-0.1538306156325659,2.613803105248207,-0.3695379253840446,1.198515921177464,-0.1748315598846866,2.299950169997751,-0.3406003198993886,4.353104084964195,-0.142175188380257,4.131666675175808,-0.1420925203030861,1.0,0.0
2021-11-25 00:00:00+00:00,6.318389315065949,-0.1268473116139408,2.7780563883689977,-0.0639430936139794,5.140531136361029,-0.112802866325375,7.821174126293136,-0.1268473116139407,4.9505762034940135,-0.1268473116139409,2.697154080994586,-0.3494332629537289,1.2367351241760105,-0.1485179502250188,2.373292760513634,-0.3195728727160565,4.48119398907649,-0.1169337294762427,4.248845206485489,-0.117761337181641,1.0,0.0
2021-11-26 00:00:00+00:00,5.75751459264445,-0.2043558738929975,2.6547542675276623,-0.1054893351765338,5.140531136361029,-0.112802866325375,7.126899264718057,-0.2043558738929974,4.5111203682322705,-0.2043558738929975,2.4577314257778964,-0.4071831767153627,1.1269518495324,-0.2241028397435664,2.162618828930464,-0.3799734522171403,4.136974301926003,-0.1847658287144814,3.9081503552303785,-0.1885038931922974,1.0,0.0
2021-11-27 00:00:00+00:00,5.864088537814275,-0.1896281763585874,2.67932456007267,-0.0972104564161994,5.140531136361029,-0.112802866325375,7.258821079113331,-0.1896281763585873,4.594623047564195,-0.1896281763585874,2.5032250376477885,-0.3962098953447518,1.1478121882581651,-0.2097406666072215,2.20264978617582,-0.3684965077398019,4.188690954534892,-0.1745745199573445,3.9649672902995943,-0.176706311876699,1.0,0.0
2021-11-28 00:00:00+00:00,6.13776764276345,-0.1518078341280662,2.741847076806561,-0.0761437013141713,5.140531136361029,-0.112802866325375,7.597592849544069,-0.1518078341280661,4.809055745011991,-0.1518078341280663,2.6200514435541975,-0.3680307956681959,1.201380992737597,-0.1728589814747387,2.305448237820921,-0.3390240143728331,4.322584141462642,-0.1481894633146181,4.115490926405295,-0.1454512849254357,1.0,0.0
2021-11-29 00:00:00+00:00,6.191496128323827,-0.1443829716717291,2.753847799190427,-0.0721000976220107,5.140531136361029,-0.112802866325375,7.664100280497673,-0.1443829716717291,4.851153018352008,-0.1443829716717292,2.642986719756518,-0.3624986950339243,1.211897582005507,-0.1656183955065445,2.325629556105591,-0.3332379956170732,4.346569675648912,-0.1434628622631973,4.143909724666901,-0.1395503491749513,1.0,0.0
2021-11-30 00:00:00+00:00,6.103012427180266,-0.1566107369579905,2.7341699506859505,-0.0787304835538986,5.140531136361029,-0.112802866325375,7.554571348443341,-0.1566107369579905,4.781824383563093,-0.1566107369579907,2.605215356875823,-0.3716093322334213,1.1945781520583207,-0.1775426818182071,2.292393597243934,-0.3427668023395402,4.306245700558577,-0.1514091244385274,4.0969188929106375,-0.1493076188702765,1.0,0.0
2021-12-01 00:00:00+00:00,6.128036139534822,-0.153152652844104,2.739775304041428,-0.0768417782910767,5.140531136361029,-0.112802866325375,7.585546776175307,-0.153152652844104,4.801430930220506,-0.1531526528441043,2.6158973209861687,-0.3690327903200463,1.1994761889571175,-0.1741704233475506,2.301792922358427,-0.3400719996196777,4.317990869750747,-0.1490946156757997,4.1102093885361475,-0.1465479539450999,1.0,0.0
2021-12-02 00:00:00+00:00,6.052622079771766,-0.1635742944588756,2.7229169195760248,-0.0825221551457078,5.140531136361029,-0.112802866325375,7.492196008508755,-0.1635742944588757,4.742342603899486,-0.1635742944588758,2.5837050439814435,-0.3767977247583972,1.184714956004395,-0.1843334118857506,2.273466139510489,-0.3481933371129279,4.2812520786263635,-0.1563343797522588,4.0701565340251715,-0.1548646082566959,1.0,0.0
2021-12-03 00:00:00+00:00,5.744067736294619,-0.2062141257649106,2.653511641054631,-0.1059080340542847,5.140531136361029,-0.112802866325375,7.110254167412559,-0.2062141257649107,4.500584504780718,-0.2062141257649108,2.4519913167608687,-0.4085677190445576,1.124319818055971,-0.2259149719558825,2.15756796466184,-0.3814215437133859,4.115929858954001,-0.1889128568984511,3.9015537971381025,-0.1898736156245597,1.0,0.0
2021-12-04 00:00:00+00:00,5.26734302940314,-0.2720938046966616,2.543398510657346,-0.1430102889342431,5.140531136361029,-0.112802866325375,6.520143815393929,-0.2720938046966618,4.127061780575176,-0.272093804696662,2.2484900881111303,-0.457653209280528,1.031007715845148,-0.2901595935455062,1.9785021871027184,-0.432760010946164,3.871657004757356,-0.2370493845451997,3.647588072746428,-0.2426075633680551,1.0,0.0
2021-12-05 00:00:00+00:00,5.293475882363536,-0.2684824459025527,2.549707788307166,-0.1408843987100032,5.140531136361029,-0.112802866325375,6.503843455855445,-0.27391357018492,4.116744126123739,-0.2739135701849202,2.2596455151504387,-0.4549624657963276,1.0284301965555351,-0.2919341945616425,1.988318123989448,-0.4299457649127364,3.883322661051141,-0.2347505446329629,3.6601209770470255,-0.2400052062112182,1.0,0.0
2021-12-06 00:00:00+00:00,5.405524802755809,-0.2529981490046101,2.576693082218435,-0.1317917932314909,5.140531136361029,-0.112802866325375,6.503843455855445,-0.27391357018492,4.116744126123739,-0.2739135701849202,2.3074762498261956,-0.443425458990599,1.0284301965555351,-0.2919341945616425,2.030405573548193,-0.4178792205426407,3.935827972929622,-0.224403822295961,3.716028482633868,-0.2283964606407377,1.0,0.0
2021-12-07 00:00:00+00:00,5.421281029159348,-0.2508207599965817,2.5804484030297616,-0.1305264503119394,5.140531136361029,-0.112802866325375,6.503843455855445,-0.27391357018492,4.118451905966139,-0.2736123623054191,2.3142021681300973,-0.4418031346467871,1.0284301965555351,-0.2919341945616425,2.0363238758546633,-0.4161824330650107,3.943162649630928,-0.2229584473320768,3.723747723926767,-0.2267936220374805,1.0,0.0
2021-12-08 00:00:00+00:00,5.408661473821795,-0.2525646852471115,2.5774450435615304,-0.131538422345469,5.140531136361029,-0.112802866325375,6.503843455855445,-0.27391357018492,4.108865051594848,-0.275303233695612,2.3088152121383447,-0.4431024947415111,1.0284301965555351,-0.2919341945616425,2.031583759690548,-0.4175414325437951,3.9370475435822136,-0.2241634931090412,3.7173312638357863,-0.2281259485628275,1.0,0.0
2021-12-09 00:00:00+00:00,5.095144395904411,-0.2958903281899677,2.502743285791963,-0.156708932408597,5.140531136361029,-0.112802866325375,6.503843455855445,-0.27391357018492,3.870691638308062,-0.3173108197957243,2.174983024218227,-0.4753834720948139,1.0284301965555351,-0.2919341945616425,1.9138214987382964,-0.4513040758448522,3.7882013187939614,-0.2534952026770064,3.5465877211463224,-0.2635794771021323,1.0,0.0
2021-12-10 00:00:00+00:00,5.051737883595676,-0.3018887735256267,2.4920826107650047,-0.1603010115785883,5.140531136361029,-0.112802866325375,6.503843455855445,-0.27391357018492,3.8377164738796328,-0.3231267798551481,2.156453926693944,-0.4798527809124769,1.0284301965555351,-0.2919341945616425,1.8975172863378629,-0.4559785216573668,3.767265550603277,-0.2576208153556282,3.5233054103708596,-0.2684138623827522,1.0,0.0
2021-12-11 00:00:00+00:00,5.2927964667653695,-0.2685763358999062,2.551541149305137,-0.1402666537890453,5.140531136361029,-0.112802866325375,6.503843455855445,-0.27391357018492,4.020844442336688,-0.2908277763847841,2.259355490515692,-0.4550324211546884,1.0284301965555351,-0.2919341945616425,1.9880629241212375,-0.4300189311550554,3.903283049894699,-0.230817140683647,3.652266420810752,-0.2416361418782424,1.0,0.0
2021-12-12 00:00:00+00:00,5.3639432821878925,-0.2587443945524247,2.568690309331644,-0.1344883010713903,5.140531136361029,-0.112802866325375,6.503843455855445,-0.27391357018492,4.074893427438968,-0.2812949432949133,2.2897261932372004,-0.4477068593298896,1.0284301965555351,-0.2919341945616425,2.014786858585556,-0.4223571330575695,3.9399869586777743,-0.223584250538359,3.687968001339701,-0.2342229947439847,1.0,0.0
2021-12-13 00:00:00+00:00,5.004822843418807,-0.308372070361815,2.4827023390624268,-0.1634616630857849,5.140531136361029,-0.112802866325375,6.503843455855445,-0.27391357018492,3.8020759425004904,-0.3294128412164988,2.13642713097698,-0.4846833418488669,1.0284301965555351,-0.2919341945616425,1.879895212157426,-0.4610308007149173,3.737355491580056,-0.2635149061575809,3.507923252571451,-0.2716078441986811,1.0,0.0
2021-12-14 00:00:00+00:00,5.180627523428311,-0.2840772190434379,2.5263073480640603,-0.1487690996087104,5.140531136361029,-0.112802866325375,6.503843455855445,-0.27391357018492,3.7925707526442394,-0.3310893091134574,2.211473521204144,-0.466581786004796,1.0284301965555351,-0.2919341945616425,1.945930391935932,-0.4420984007919329,3.8296492699246816,-0.2453274492356074,3.593857580381228,-0.2537642695866036,1.0,0.0
2021-12-15 00:00:00+00:00,5.23653463976325,-0.2763512866113597,2.539938762228397,-0.1441760397177169,5.140531136361029,-0.112802866325375,6.503843455855445,-0.27391357018492,3.824017127137598,-0.325542987776258,2.2353387975364947,-0.460825364797106,1.0284301965555351,-0.2919341945616425,1.9669300403973724,-0.4360777653632477,3.856770418415815,-0.2399829425017398,3.6204803291922127,-0.2482362691135101,1.0,0.0
2021-12-16 00:00:00+00:00,5.104445102491932,-0.2946050422482769,2.5079042815192807,-0.1549699519780304,5.140531136361029,-0.112802866325375,6.503843455855445,-0.27391357018492,3.727557791414758,-0.3425559019996341,2.1789532510399345,-0.4744258339951102,1.0284301965555351,-0.2919341945616425,1.917314999773314,-0.450302483073421,3.79234386369323,-0.2526788707610948,3.5575335487679745,-0.2613066637010637,1.0,0.0
2021-12-17 00:00:00+00:00,4.943573634407431,-0.3168362388140947,2.4683847808211095,-0.1682859169527978,5.140531136361029,-0.112802866325375,6.503843455855445,-0.27391357018492,3.6100802434669967,-0.3632758813715695,2.1102814558998193,-0.4909898063711119,1.0284301965555351,-0.2919341945616425,1.856888984290575,-0.4676267259195656,3.7136023529766367,-0.2681957112222324,3.47817269311128,-0.2777853094911741,1.0,0.0
2021-12-18 00:00:00+00:00,5.018939470665887,-0.3064212613158543,2.487200307499972,-0.1619460875062904,5.140531136361029,-0.112802866325375,6.503843455855445,-0.27391357018492,3.6010550428583294,-0.3648676916681406,2.142453147559807,-0.4832298372184489,1.0284301965555351,-0.2919341945616425,1.885197653583199,-0.4595105816138616,3.751831767065708,-0.2606622042581873,3.5154061004361083,-0.2700540907966716,1.0,0.0
2021-12-19 00:00:00+00:00,5.002516688265409,-0.3086907632234946,2.483131046486245,-0.1633172115380898,5.140531136361029,-0.112802866325375,6.503843455855445,-0.27391357018492,3.6010550428583294,-0.3648676916681406,2.135442694046423,-0.4849207928444379,1.0284301965555351,-0.2919341945616425,1.879028981689935,-0.4612791504837984,3.7408948266137703,-0.262817443071632,3.5069488259040846,-0.271810176088466,1.0,0.0
2021-12-20 00:00:00+00:00,5.0274782458807,-0.3052412684153598,2.489326210095452,-0.1612297716621865,5.140531136361029,-0.112802866325375,6.503843455855445,-0.27391357018492,3.610020949591875,-0.3632863392666386,2.146098125934662,-0.4823506506326165,1.0284301965555351,-0.2919341945616425,1.8884049604442448,-0.4585910412056622,3.755825456905429,-0.2598752057928256,3.5196270751527243,-0.2691776392177595,1.0,0.0
2021-12-21 00:00:00+00:00,5.239203007017879,-0.2759825388299551,2.5417433436411634,-0.1435679919827509,5.140531136361029,-0.112802866325375,6.503843455855445,-0.27391357018492,3.7620516070847865,-0.336472091419419,2.236477853278638,-0.4605506189890332,1.0284301965555351,-0.2919341945616425,1.9679323237914492,-0.4357904089856854,3.884954328431817,-0.234429007464052,3.629060939163675,-0.2464545742059543,1.0,0.0
2021-12-22 00:00:00+00:00,5.206869682999138,-0.2804507549185243,2.533900260352317,-0.1462106929410982,5.140531136361029,-0.112802866325375,6.503843455855445,-0.27391357018492,3.7388344052653184,-0.3405670010525972,2.2226756083581916,-0.4638797878730359,1.0284301965555351,-0.2919341945616425,1.9557873862147088,-0.4392723835334002,3.8661524455798144,-0.2381341156583001,3.6127972589661184,-0.2498315970845698,1.0,0.0
2021-12-23 00:00:00+00:00,5.448056862181104,-0.2471205463153869,2.592586601026279,-0.1264365246670566,5.140531136361029,-0.112802866325375,6.503843455855445,-0.27391357018492,3.91202078758995,-0.3100214344149437,2.325632066432574,-0.4390461873534124,1.0284301965555351,-0.2919341945616425,2.046381326812256,-0.4132989445309653,4.002466881900538,-0.2112719264306704,3.7347853073293895,-0.2245017562836959,1.0,0.0
2021-12-24 00:00:00+00:00,5.4460411196887515,-0.2473991063863997,2.5921069816767575,-0.1265981308196299,5.140531136361029,-0.112802866325375,6.503843455855445,-0.27391357018492,3.910573367577275,-0.3102767216024025,2.3247715990225455,-0.4392537362951733,1.0284301965555351,-0.2919341945616425,2.0456241802001043,-0.4135160197704008,4.000865083548312,-0.2115875775942841,3.733642321380157,-0.2247390881577619,1.0,0.0
2021-12-25 00:00:00+00:00,5.400996079856994,-0.2536239835926479,2.581387124842067,-0.1302101511038808,5.140531136361029,-0.112802866325375,6.503843455855445,-0.27391357018492,3.878228416586969,-0.3159815284273068,2.3055430572292925,-0.4438917544865484,1.0284301965555351,-0.2919341945616425,2.0287045094424245,-0.4183669185553221,3.974102326148655,-0.2168614596050733,3.7116326526832304,-0.2293092195079489,1.0,0.0
2021-12-26 00:00:00+00:00,5.441271279266924,-0.2480582615570949,2.591011819960341,-0.126967141935658,5.140531136361029,-0.112802866325375,6.503843455855445,-0.27391357018492,3.9071483455270823,-0.310880806276182,2.322735479701954,-0.4397448582195632,1.0284301965555351,-0.2919341945616425,2.043832548317761,-0.4140296837208143,3.9991722860075063,-0.2119211611023302,3.731575322266343,-0.2251682839617027,1.0,0.0
2021-12-27 00:00:00+00:00,5.433335833676351,-0.2491548789552076,2.5891224790079637,-0.1276037491169935,5.140531136361029,-0.112802866325375,6.503843455855445,-0.27391357018492,3.901450235376176,-0.3118858044809307,2.319348046862371,-0.4405619235644538,1.0284301965555351,-0.2919341945616425,2.040851862159874,-0.414884251582601,3.994063613859962,-0.2129278785244408,3.726431316296393,-0.2262363955844869,1.0,0.0
2021-12-28 00:00:00+00:00,5.09494614371883,-0.2959177251134852,2.5084968394604137,-0.1547702915407716,5.140531136361029,-0.112802866325375,6.503843455855445,-0.27391357018492,3.658466813046408,-0.3547417508838449,2.174898395578752,-0.4754038849359755,1.0284301965555351,-0.2919341945616425,1.913747031899782,-0.4513254256158755,3.7440073120173314,-0.2622040951817433,3.5381042910029517,-0.2653409933970485,1.0,0.0
2021-12-29 00:00:00+00:00,4.979308322950753,-0.3118979803728429,2.480029697734448,-0.164362200736432,5.140531136361029,-0.112802866325375,6.503843455855445,-0.27391357018492,3.5754321513091933,-0.3693869023055938,2.1255356538024195,-0.4873104193365776,1.0284301965555351,-0.2919341945616425,1.8703115313021763,-0.4637784585435841,3.6631756564156177,-0.2781328206121674,3.4737704901925595,-0.2786993916541437,1.0,0.0
2021-12-30 00:00:00+00:00,5.049629980627867,-0.3021800694637877,2.4975421500794166,-0.1584614378743477,5.140531136361029,-0.112802866325375,6.503843455855445,-0.27391357018492,3.6259271798321744,-0.3604808945819163,2.155554118402864,-0.4800698190668857,1.0284301965555351,-0.2919341945616425,1.8967255227088888,-0.4562055216552239,3.711330067620755,-0.2686434888814177,3.5129756632208493,-0.2705587516102925,1.0,0.0
2021-12-31 00:00:00+00:00,4.952760747850783,-0.3155666505691218,2.473586435221618,-0.1665332367168549,5.140531136361029,-0.112802866325375,6.503843455855445,-0.27391357018492,3.6168623618825944,-0.3620796923454614,2.1142031927983687,-0.4900438642776953,1.0284301965555351,-0.2919341945616425,1.8603398178397412,-0.4666373659899099,3.6438048170506105,-0.2819500476540382,3.45937443140933,-0.2816886179105825,1.0,0.0
2022-01-01 00:00:00+00:00,5.114118737515044,-0.2932682204720759,2.5138804202098237,-0.1529563118236317,5.140531136361029,-0.112802866325375,6.503843455855445,-0.27391357018492,3.6168623618825944,-0.3620796923454614,2.1830826711942803,-0.473429797686085,1.0284301965555351,-0.2919341945616425,1.9209485789694325,-0.4492607296516314,3.7596164271938934,-0.2591281553409905,3.548852218481388,-0.2631092723750233,1.0,0.0
2022-01-02 00:00:00+00:00,5.067345152951673,-0.2997319692331055,2.502384480786835,-0.156829830567649,5.140531136361029,-0.112802866325375,6.503843455855445,-0.27391357018492,3.6168623618825944,-0.3620796923454614,2.1631162591552138,-0.4782457937844566,1.0284301965555351,-0.2919341945616425,1.903379637884585,-0.454297775359046,3.726965526043843,-0.2655623578276712,3.5234924076034746,-0.2683750339057342,1.0,0.0
2022-01-03 00:00:00+00:00,4.977319371294291,-0.3121728381568937,2.4801559654508596,-0.1643196552472564,5.140531136361029,-0.112802866325375,6.503843455855445,-0.27391357018492,3.6168623618825944,-0.3620796923454614,2.1246866226950236,-0.4875152097862896,1.0284301965555351,-0.2919341945616425,1.8695644477763107,-0.4639926486788273,3.6650377940001047,-0.2777658668726186,3.4729765068054044,-0.2788642559426131,1.0,0.0
2022-01-04 00:00:00+00:00,4.911511433647899,-0.321266987758609,2.463760197272006,-0.1698441550751128,5.140531136361029,-0.112802866325375,6.503843455855445,-0.27391357018492,3.6168623618825944,-0.3620796923454614,2.09659494636201,-0.4942910593155791,1.0284301965555351,-0.2919341945616425,1.8448458851470493,-0.4710795032128529,3.620294826666546,-0.2865829378121329,3.4308356547680208,-0.2876144662102731,1.0,0.0
2022-01-05 00:00:00+00:00,4.6563683722341915,-0.356525791685936,2.399766523653055,-0.1914066116209284,5.140531136361029,-0.112802866325375,6.503843455855445,-0.27391357018492,3.6168623618825944,-0.3620796923454614,1.9876810895205932,-0.5205616135133271,1.0284301965555351,-0.2919341945616425,1.7490098816414443,-0.4985558506911893,3.431510100599511,-0.323784947898338,3.2707824094452893,-0.320848240158481,1.0,0.0
2022-01-06 00:00:00+00:00,4.6168443878626135,-0.3619877015950774,2.389581726511373,-0.1948383453123419,5.140531136361029,-0.112802866325375,6.503843455855445,-0.27391357018492,3.6168623618825944,-0.3620796923454614,1.970809340973732,-0.5246311616632604,1.0284301965555351,-0.2919341945616425,1.7341640117055648,-0.5028121872041426,3.4042448639855523,-0.3291578487078828,3.2464514962808164,-0.3259003593231445,1.0,0.0
2022-01-07 00:00:00+00:00,4.454402976794968,-0.3844358521768621,2.347543594520566,-0.209002954766027,5.140531136361029,-0.112802866325375,6.503843455855445,-0.27391357018492,3.6168623618825944,-0.3620796923454614,1.9014673784993843,-0.541356781673329,1.0284301965555351,-0.2919341945616425,1.6731482993664717,-0.5203054971559613,3.2836969998235555,-0.3529130695451483,3.1472881600489435,-0.3464908315352825,1.0,0.0
2022-01-08 00:00:00+00:00,4.466540297086505,-0.3827585680916462,2.3507418781798437,-0.2079253036714047,5.140531136361029,-0.112802866325375,6.503843455855445,-0.27391357018492,3.6168623618825944,-0.3620796923454614,1.9066484810437625,-0.5401070744354854,1.0284301965555351,-0.2919341945616425,1.677707279977441,-0.5189984295526398,3.292644390177514,-0.3511498924432308,3.154501495142204,-0.3449930403007548,1.0,0.0
2022-01-09 00:00:00+00:00,4.486352656043768,-0.380020652837587,2.3559555042537816,-0.2061685896197187,5.140531136361029,-0.112802866325375,6.503843455855445,-0.27391357018492,3.6168623618825944,-0.3620796923454614,1.9151058555661415,-0.5380671143954667,1.0284301965555351,-0.2919341945616425,1.6851491335475988,-0.5168648373002813,3.3072496659027477,-0.3482717696937821,3.166736454360091,-0.3424525490530271,1.0,0.0
2022-01-10 00:00:00+00:00,4.48183786437961,-0.3806445622364052,2.354770059295793,-0.206568021375212,5.140531136361029,-0.112802866325375,6.503843455855445,-0.27391357018492,3.6168623618825944,-0.3620796923454614,1.9131786098466057,-0.5385319754755511,1.0284301965555351,-0.2919341945616425,1.6834533022466969,-0.5173510350587833,3.303921451567481,-0.3489276292320463,3.163862282275111,-0.3430493478568744,1.0,0.0
2022-01-11 00:00:00+00:00,4.579013584319275,-0.3672156269682269,2.3802982558447003,-0.1979663800308425,5.140531136361029,-0.112802866325375,6.503843455855445,-0.27391357018492,3.6168623618825944,-0.3620796923454614,1.9546603667532103,-0.5285263731157018,1.0284301965555351,-0.2919341945616425,1.7199541288229554,-0.5068861851321363,3.3755574534478425,-0.3348110038036611,3.228871614030152,-0.329550681011884,1.0,0.0
2022-01-12 00:00:00+00:00,4.70475583675157,-0.3498390171583216,2.412980410924512,-0.1869542360347311,5.140531136361029,-0.112802866325375,6.503843455855445,-0.27391357018492,3.6168623618825944,-0.3620796923454614,2.0083364244302095,-0.5155794458539282,1.0284301965555351,-0.2919341945616425,1.767185023044156,-0.4933450063072246,3.468252133119611,-0.3165445450708599,3.312673710695376,-0.3121498471122518,1.0,0.0
2022-01-13 00:00:00+00:00,4.5608836898558955,-0.3697210386010793,2.37608575749478,-0.199385767409044,5.140531136361029,-0.112802866325375,6.503843455855445,-0.27391357018492,3.6168623618825944,-0.3620796923454614,1.9469211920361185,-0.5303930998550481,1.0284301965555351,-0.2919341945616425,1.7131442370715535,-0.5088385928412122,3.3621924569788093,-0.3374447165186746,3.2109233429455406,-0.3332774956902391,1.0,0.0
2022-01-14 00:00:00+00:00,4.614449287134062,-0.3623186860494705,2.3900388049126997,-0.1946843342576659,5.140531136361029,-0.112802866325375,6.503843455855445,-0.27391357018492,3.6168623618825944,-0.3620796923454614,1.9697869355184363,-0.5248777708524339,1.0284301965555351,-0.2919341945616425,1.733264371791605,-0.5030701155189423,3.401679946546408,-0.3296632925879531,3.2486342424937633,-0.3254471295615042,1.0,0.0
2022-01-15 00:00:00+00:00,4.617056571282862,-0.3619583794823391,2.3907140220299885,-0.194456822084553,5.140531136361029,-0.112802866325375,6.503843455855445,-0.27391357018492,3.6168623618825944,-0.3620796923454614,1.9708999164905776,-0.5246093144062327,1.0284301965555351,-0.2919341945616425,1.728931210862126,-0.5043124402301449,3.4036019844001233,-0.3292845348721694,3.250469805534692,-0.3250659896036926,1.0,0.0
2022-01-16 00:00:00+00:00,4.615703098253707,-0.3621454190196539,2.3903636075506247,-0.1945748930837161,5.140531136361029,-0.112802866325375,6.503843455855445,-0.27391357018492,3.6168623618825944,-0.3620796923454614,1.9703221544816123,-0.5247486734245441,1.0284301965555351,-0.2919341945616425,1.728931210862126,-0.5043124402301449,3.4026042310876528,-0.3294811526259855,3.24951694235315,-0.3252638440084258,1.0,0.0
2022-01-17 00:00:00+00:00,4.522466702823286,-0.3750299700129552,2.3662211441174374,-0.2027096162406764,5.140531136361029,-0.112802866325375,6.503843455855445,-0.27391357018492,3.6168623618825944,-0.3620796923454614,1.9305219915140095,-0.5343486671135199,1.0284301965555351,-0.2919341945616425,1.728931210862126,-0.5043124402301449,3.3338722206377307,-0.343025516088394,3.1838772683650816,-0.3388933963674225,1.0,0.0
2022-01-18 00:00:00+00:00,4.538594786028976,-0.3728011932618956,2.370440369376914,-0.2012879622525621,5.140531136361029,-0.112802866325375,6.503843455855445,-0.27391357018492,3.6168623618825944,-0.3620796923454614,1.9374066456984425,-0.532688054900069,1.0284301965555351,-0.2919341945616425,1.728931210862126,-0.5043124402301449,3.345761521787922,-0.340682604611804,3.1952316554452205,-0.3365357488684237,1.0,0.0
2022-01-19 00:00:00+00:00,4.464425964318079,-0.3830507525786786,2.3510717346539125,-0.2078141596240912,5.140531136361029,-0.112802866325375,6.503843455855445,-0.27391357018492,3.6168623618825944,-0.3620796923454614,1.90574592804005,-0.5403247746279862,1.0284301965555351,-0.2919341945616425,1.728931210862126,-0.5043124402301449,3.291085746245998,-0.3514570395756765,3.143015809318741,-0.3473779509317602,1.0,0.0
2022-01-20 00:00:00+00:00,4.359502334639069,-0.3975503892362362,2.3234441088396167,-0.2171231967116009,5.140531136361029,-0.112802866325375,6.503843455855445,-0.27391357018492,3.6168623618825944,-0.3620796923454614,1.8609567924122856,-0.5511281328883837,1.0284301965555351,-0.2919341945616425,1.728931210862126,-0.5043124402301449,3.21373813989282,-0.3666991965639119,3.0691481655302737,-0.3627159752923572,1.0,0.0
2022-01-21 00:00:00+00:00,3.9056012766588704,-0.4602760158594116,2.2024883599711536,-0.2578788360029583,5.140531136361029,-0.112802866325375,6.503843455855445,-0.27391357018492,3.6168623618825944,-0.3620796923454614,1.6671983787007565,-0.5978636085780367,1.0284301965555351,-0.2919341945616425,1.728931210862126,-0.5043124402301449,2.879131336226677,-0.4326369762997609,2.74959572754597,-0.4290684785930871,1.0,0.0
2022-01-22 00:00:00+00:00,3.758370630576045,-0.4806221559957121,2.1609744212382855,-0.2718668202731414,5.140531136361029,-0.112802866325375,6.503843455855445,-0.27391357018492,3.6168623618825944,-0.3620796923454614,1.6043494914087242,-0.6130230671424095,1.0284301965555351,-0.2919341945616425,1.728931210862126,-0.5043124402301449,2.789050117006145,-0.4503884252428811,2.656096997461472,-0.4484827407269609,1.0,0.0
2022-01-23 00:00:00+00:00,3.884087163805885,-0.4632491003812901,2.1971164411905324,-0.2596888862583089,5.140531136361029,-0.112802866325375,6.503843455855445,-0.27391357018492,3.6168623618825944,-0.3620796923454614,1.6003386176802024,-0.6139905094745535,1.0284301965555351,-0.2919341945616425,1.728931210862126,-0.5043124402301449,2.863618583817201,-0.4356939268466882,2.7396223676338765,-0.4311393668662633,1.0,0.0
2022-01-24 00:00:00+00:00,3.928645682057883,-0.4570914567062698,2.209719177550164,-0.2554424359493137,5.140531136361029,-0.112802866325375,6.503843455855445,-0.27391357018492,3.6168623618825944,-0.3620796923454614,1.6003386176802024,-0.6139905094745535,1.0284301965555351,-0.2919341945616425,1.728931210862126,-0.5043124402301449,2.8881031949337994,-0.4308689774522489,2.767846394369778,-0.4252788738624645,1.0,0.0
2022-01-25 00:00:00+00:00,3.9605771435382784,-0.4526787749221288,2.218699315810364,-0.2524166080813284,5.140531136361029,-0.112802866325375,6.503843455855445,-0.27391357018492,3.6168623618825944,-0.3620796923454614,1.6003386176802024,-0.6139905094745535,1.0284301965555351,-0.2919341945616425,1.728931210862126,-0.5043124402301449,2.9055676556182655,-0.4274274223218676,2.7879743947051767,-0.4210994558704879,1.0,0.0
2022-01-26 00:00:00+00:00,3.9446119486147992,-0.45488504176846,2.214227496960516,-0.2539233726437875,5.140531136361029,-0.112802866325375,6.503843455855445,-0.27391357018492,3.6168623618825944,-0.3620796923454614,1.6003386176802024,-0.6139905094745535,1.0284301965555351,-0.2919341945616425,1.728931210862126,-0.5043124402301449,2.8965231348886222,-0.4292097399829352,2.777890756410292,-0.4231932425662339,1.0,0.0
2022-01-27 00:00:00+00:00,3.982200563001695,-0.4496905850694457,2.2247772981364387,-0.2503686520509778,5.140531136361029,-0.112802866325375,6.503843455855445,-0.27391357018492,3.6168623618825944,-0.3620796923454614,1.6003386176802024,-0.6139905094745535,1.0284301965555351,-0.2919341945616425,1.728931210862126,-0.5043124402301449,2.9183418439323137,-0.4249101345496907,2.8016480058317472,-0.4182602400812683,1.0,0.0
2022-01-28 00:00:00+00:00,4.041832677158759,-0.4414498866581858,2.2414349440432173,-0.2447559133893527,5.140531136361029,-0.112802866325375,6.503843455855445,-0.27391357018492,3.6168623618825944,-0.3620796923454614,1.6003386176802024,-0.6139905094745535,1.0284301965555351,-0.2919341945616425,1.728931210862126,-0.5043124402301449,2.9533202889084293,-0.4180172651427708,2.8410289868205143,-0.4100830949231033,1.0,0.0
2022-01-29 00:00:00+00:00,4.090086187496686,-0.4347816235653812,2.2548146547936643,-0.2402476641306845,5.140531136361029,-0.112802866325375,6.503843455855445,-0.27391357018492,3.6168623618825944,-0.3620796923454614,1.6003386176802024,-0.6139905094745535,1.0284301965555351,-0.2919341945616425,1.728931210862126,-0.5043124402301449,2.9813653859934184,-0.4124906846488918,2.872928700387844,-0.4034593750005767,1.0,0.0
2022-01-30 00:00:00+00:00,4.059536061514772,-0.439003415433767,2.2463936987780686,-0.2430850773919031,5.140531136361029,-0.112802866325375,6.503843455855445,-0.27391357018492,3.6168623618825944,-0.3620796923454614,1.6003386176802024,-0.6139905094745535,1.0284301965555351,-0.2919341945616425,1.728931210862126,-0.5043124402301449,2.963771503526621,-0.4159577436987478,2.8526711660243143,-0.4076656896955902,1.0,0.0
2022-01-31 00:00:00+00:00,4.122241620365121,-0.4303379906622386,2.2637431409489577,-0.2372392402685105,5.140531136361029,-0.112802866325375,6.503843455855445,-0.27391357018492,3.6168623618825944,-0.3620796923454614,1.6003386176802024,-0.6139905094745535,1.0284301965555351,-0.2919341945616425,1.728931210862126,-0.5043124402301449,2.9998651043616884,-0.408845121135009,2.894368588067493,-0.3990075541131984,1.0,0.0
2022-02-01 00:00:00+00:00,4.14664164206016,-0.4269660957888251,2.27044281879878,-0.2349818059888666,5.140531136361029,-0.112802866325375,6.503843455855445,-0.27391357018492,3.6168623618825944,-0.3620796923454614,1.6003386176802024,-0.6139905094745535,1.0284301965555351,-0.2919341945616425,1.728931210862126,-0.5043124402301449,3.0136289378823773,-0.4061328133963009,2.9108195186658525,-0.3955916501892191,1.0,0.0
2022-02-02 00:00:00+00:00,3.953937302771339,-0.4535963497227642,2.217686368994705,-0.2527579171586276,5.140531136361029,-0.112802866325375,6.503843455855445,-0.27391357018492,3.6168623618825944,-0.3620796923454614,1.6003386176802024,-0.6139905094745535,1.0284301965555351,-0.2919341945616425,1.728931210862126,-0.5043124402301449,2.9046829455363787,-0.4276017637215952,2.7800358958583384,-0.422747821547997,1.0,0.0
2022-02-03 00:00:00+00:00,3.99843688118438,-0.44744685107906,2.2301658421016057,-0.2485529999947138,5.140531136361029,-0.112802866325375,6.503843455855445,-0.27391357018492,3.6168623618825944,-0.3620796923454614,1.6003386176802024,-0.6139905094745535,1.0284301965555351,-0.2919341945616425,1.728931210862126,-0.5043124402301449,2.928663002819515,-0.4228762419513741,2.8090760924964795,-0.4167178574036435,1.0,0.0
2022-02-04 00:00:00+00:00,4.455235635974425,-0.3843207850980863,2.3575577467282884,-0.2056287193203805,5.140531136361029,-0.112802866325375,6.503843455855445,-0.27391357018492,3.6168623618825944,-0.3620796923454614,1.6003386176802024,-0.6139905094745535,1.0284301965555351,-0.2919341945616425,1.728931210862126,-0.5043124402301449,3.1764258673665196,-0.3740519711648072,3.1072681565262528,-0.354800664602383,1.0,0.0
2022-02-05 00:00:00+00:00,4.434696709547831,-0.3871591063745518,2.3521234993547586,-0.2074597709888418,5.140531136361029,-0.112802866325375,6.503843455855445,-0.27391357018492,3.6168623618825944,-0.3620796923454614,1.6003386176802024,-0.6139905094745535,1.0284301965555351,-0.2919341945616425,1.728931210862126,-0.5043124402301449,3.165759561216176,-0.3761538786509389,3.0950793687713776,-0.3573315687157697,1.0,0.0
2022-02-06 00:00:00+00:00,4.54167573215631,-0.3723754302612777,2.3804938580845514,-0.1979004725034491,5.140531136361029,-0.112802866325375,6.503843455855445,-0.27391357018492,3.6168623618825944,-0.3620796923454614,1.6003386176802024,-0.6139905094745535,1.0284301965555351,-0.2919341945616425,1.728931210862126,-0.5043124402301449,3.223593935109002,-0.3647570087573106,3.1517059661764404,-0.3455735094910328,1.0,0.0
2022-02-07 00:00:00+00:00,4.698039910010704,-0.3507671064539287,2.421472561426511,-0.1840928340269293,5.304661824030593,-0.0844757787568395,6.503843455855445,-0.27391357018492,3.6168623618825944,-0.3620796923454614,1.6003386176802024,-0.6139905094745535,1.0284301965555351,-0.2919341945616425,1.728931210862126,-0.5043124402301449,3.3090092121314316,-0.3479250326567858,3.2347735143396767,-0.3283251987021931,1.0,0.0
2022-02-08 00:00:00+00:00,4.719794068753262,-0.3477608494408716,2.4270788461219404,-0.1822038149521927,5.329224930689107,-0.0802364662726816,6.503843455855445,-0.27391357018492,3.6168623618825944,-0.3620796923454614,1.6003386176802024,-0.6139905094745535,1.0284301965555351,-0.2919341945616425,1.728931210862126,-0.5043124402301449,3.3205283420125995,-0.3456550673108004,3.245976101244637,-0.3259990712932556,1.0,0.0
2022-02-09 00:00:00+00:00,4.755129038025103,-0.3428778291210917,2.4361640684005796,-0.1791425793719584,5.369122433933009,-0.0733506115662707,6.503843455855445,-0.27391357018492,3.6168623618825944,-0.3620796923454614,1.6003386176802024,-0.6139905094745535,1.0284301965555351,-0.2919341945616425,1.728931210862126,-0.5043124402301449,3.3393386682595643,-0.3419482952570279,3.2643057273609215,-0.3221930712982199,1.0,0.0
2022-02-10 00:00:00+00:00,4.661116779987312,-0.3558695983448096,2.4120817266608072,-0.1872570447232888,5.262971093000094,-0.0916711241579067,6.503843455855445,-0.27391357018492,3.6168623618825944,-0.3620796923454614,1.6003386176802024,-0.6139905094745535,1.0284301965555351,-0.2919341945616425,1.728931210862126,-0.5043124402301449,3.2888565175472655,-0.3518963324690288,3.2156352702980584,-0.3322991017302903,1.0,0.0
2022-02-11 00:00:00+00:00,4.540910585883297,-0.3724811675769094,2.3809789697555694,-0.1977370157313237,5.127243593640872,-0.1150961448800981,6.503843455855445,-0.27391357018492,3.6168623618825944,-0.3620796923454614,1.6003386176802024,-0.6139905094745535,1.0284301965555351,-0.2919341945616425,1.728931210862126,-0.5043124402301449,3.2260003202216536,-0.3642828053347288,3.1531580824344525,-0.3452719891852872,1.0,0.0
2022-02-12 00:00:00+00:00,4.524208107156129,-0.3747893213604318,2.3766000847456104,-0.1992124665439867,5.11442548465677,-0.1173084045178978,6.503843455855445,-0.27391357018492,3.6168623618825944,-0.3620796923454614,1.6003386176802024,-0.6139905094745535,1.0284301965555351,-0.2919341945616425,1.728931210862126,-0.5043124402301449,3.2173403537197944,-0.3659893425523316,3.1444089742220993,-0.3470886714024547,1.0,0.0
2022-02-13 00:00:00+00:00,4.50661081451024,-0.3772211315284816,2.3719780905531502,-0.2007698321911499,5.11442548465677,-0.1173084045178978,6.503843455855445,-0.27391357018492,3.6168623618825944,-0.3620796923454614,1.6003386176802024,-0.6139905094745535,1.0284301965555351,-0.2919341945616425,1.728931210862126,-0.5043124402301449,3.2084537118707988,-0.3677405485242673,3.1349860435269017,-0.349045267459113,1.0,0.0
2022-02-14 00:00:00+00:00,4.558293551842068,-0.3700789757045546,2.385579256224723,-0.1961869644296893,5.11442548465677,-0.1173084045178978,6.503843455855445,-0.27391357018492,3.6168623618825944,-0.3620796923454614,1.6003386176802024,-0.6139905094745535,1.0376533695360937,-0.2855841151619427,1.728931210862126,-0.5043124402301449,3.2345761460156455,-0.3625928489260077,3.1624919305592933,-0.3433338904105801,1.0,0.0
2022-02-15 00:00:00+00:00,4.77357613598542,-0.3403285824106106,2.4419132396680765,-0.1772054151396312,5.11442548465677,-0.1173084045178978,6.503843455855445,-0.27391357018492,3.6168623618825944,-0.3620796923454614,1.6003386176802024,-0.6139905094745535,1.0866604587676576,-0.2518431337855145,1.728931210862126,-0.5043124402301449,3.3432233696163056,-0.3411827741152166,3.276572296050355,-0.3196460165969998,1.0,0.0
2022-02-16 00:00:00+00:00,4.701637383453994,-0.3502699633606856,2.4235131778226786,-0.1834052550854382,5.024564000170428,-0.1328174733960344,6.503843455855445,-0.27391357018492,3.6168623618825944,-0.3620796923454614,1.6003386176802024,-0.6139905094745535,1.0702842670820012,-0.2631180082444259,1.728931210862126,-0.5043124402301449,3.308531997471165,-0.3480190728102155,3.2397988529671484,-0.3272817274022402,1.0,0.0
2022-02-17 00:00:00+00:00,4.341797878649624,-0.3999970085521331,2.330771467789533,-0.2146542673625228,4.640009328208265,-0.1991872304611641,6.503843455855445,-0.27391357018492,3.6168623618825944,-0.3620796923454614,1.6003386176802024,-0.6139905094745535,0.9883701318018012,-0.3195152225310342,1.728931210862126,-0.5043124402301449,3.1212239876750805,-0.3849300804686775,3.0555577067286683,-0.3655379251675644,1.0,0.0
2022-02-18 00:00:00+00:00,4.2837946473146635,-0.4080126079161097,2.3152027701654543,-0.2199000885040476,4.628409304887745,-0.2011892623850111,6.503843455855445,-0.27391357018492,3.6168623618825944,-0.3620796923454614,1.6003386176802024,-0.6139905094745535,0.9751662326333548,-0.3286059994558522,1.728931210862126,-0.5043124402301449,3.0947404472343885,-0.390148939849511,3.027041431184721,-0.3714591012946802,1.0,0.0
2022-02-19 00:00:00+00:00,4.295017864285639,-0.4064616458620336,2.3182355979689135,-0.2188781872124852,4.628409304887745,-0.2011892623850111,6.503843455855445,-0.27391357018492,3.6168623618825944,-0.3620796923454614,1.6003386176802024,-0.6139905094745535,0.9777210941784742,-0.3268469981120688,1.728931210862126,-0.5043124402301449,3.0997979189377403,-0.3891523120118756,3.0325008694615616,-0.3703254926808038,1.0,0.0
2022-02-20 00:00:00+00:00,4.113667481246936,-0.4315228705815225,2.2692936695590835,-0.2353690080221981,4.628409304887745,-0.2011892623850111,6.503843455855445,-0.27391357018492,3.6168623618825944,-0.3620796923454614,1.6003386176802024,-0.6139905094745535,0.9364383567052096,-0.3552698262802896,1.728931210862126,-0.5043124402301449,2.984688814038437,-0.4118357682993157,2.943670683981612,-0.3887703689347358,1.0,0.0
2022-02-21 00:00:00+00:00,3.965918164581283,-0.4519406869934051,2.228540911768192,-0.2491005148930276,4.450601142828195,-0.2318769262739332,6.503843455855445,-0.27391357018492,3.6168623618825944,-0.3620796923454614,1.6003386176802024,-0.6139905094745535,0.9340972608134464,-0.3568816517145888,1.728931210862126,-0.5043124402301449,2.8927505404058764,-0.4299531692895436,2.859805729991845,-0.4061842546541586,1.0,0.0
2022-02-22 00:00:00+00:00,4.096889988179277,-0.4338413907685382,2.2653389563904556,-0.236701535536675,4.597579301124375,-0.2065101699419299,6.503843455855445,-0.27391357018492,3.6168623618825944,-0.3620796923454614,1.6003386176802024,-0.6139905094745535,0.9340972608134464,-0.3568816517145888,1.728931210862126,-0.5043124402301449,2.9784783197298133,-0.4130596113332467,2.9342567128113397,-0.3907251046178326,1.0,0.0
2022-02-23 00:00:00+00:00,3.991835619221125,-0.4483590945864698,2.2362945159458048,-0.2464879636250893,4.479686022659914,-0.2268572072341146,6.503843455855445,-0.27391357018492,3.6168623618825944,-0.3620796923454614,1.6003386176802024,-0.6139905094745535,0.9078094588757408,-0.3749805890217261,1.728931210862126,-0.5043124402301449,2.9139315070259495,-0.4257792376889768,2.87490606950851,-0.4030487901465436,1.0,0.0
2022-02-24 00:00:00+00:00,4.107271972903312,-0.4324066805250655,2.2686292247495983,-0.2355928905018466,4.609230089456386,-0.2044993765552125,6.503843455855445,-0.27391357018492,3.6168623618825944,-0.3620796923454614,1.6003386176802024,-0.6139905094745535,0.9340615954282128,-0.3569062070415388,1.728931210862126,-0.5043124402301449,2.9849302715582957,-0.411788186562825,2.939766442432512,-0.3895810534092703,1.0,0.0
2022-02-25 00:00:00+00:00,4.2028573888245555,-0.4191975130109452,2.295027265766772,-0.2266981579425503,4.71649719474768,-0.1859862957416648,6.503843455855445,-0.27391357018492,3.6168623618825944,-0.3620796923454614,1.6003386176802024,-0.6139905094745535,0.9557993003291996,-0.3419399744468044,1.728931210862126,-0.5043124402301449,3.040047353962932,-0.4009267874536015,2.9925525470848338,-0.3786204417322977,1.0,0.0
2022-02-26 00:00:00+00:00,4.191878504276896,-0.4207147102079288,2.292029681379114,-0.2277081840817927,4.704176558242576,-0.1881126972948149,6.503843455855445,-0.27391357018492,3.6168623618825944,-0.3620796923454614,1.6003386176802024,-0.6139905094745535,0.9533025203535216,-0.3436589871035721,1.728931210862126,-0.5043124402301449,3.033713379302067,-0.4021749635858994,2.9865155829635683,-0.3798739689602837,1.0,0.0
2022-02-27 00:00:00+00:00,4.039958390279911,-0.441708898654039,2.2504963437448864,-0.2417027047475903,4.533689976090684,-0.2175367398699593,6.503843455855445,-0.27391357018492,3.6168623618825944,-0.3620796923454614,1.6003386176802024,-0.6139905094745535,0.9187533731351666,-0.3674457932808952,1.728931210862126,-0.5043124402301449,2.9476015543797844,-0.4191442017548961,2.903379301478026,-0.3971365516727674,1.0,0.0
2022-02-28 00:00:00+00:00,4.625169908023751,-0.3608371788987985,2.4134950993965076,-0.1867808134573976,4.5223557511504575,-0.2194928980202843,6.503843455855445,-0.27391357018492,3.6168623618825944,-0.3620796923454614,1.6003386176802024,-0.6139905094745535,1.0518401537362536,-0.2758166299063462,1.728931210862126,-0.5043124402301449,3.2718704131848297,-0.3552436224695572,3.220553191724625,-0.3312779347514141,1.0,0.0
2022-03-01 00:00:00+00:00,4.760324316920867,-0.3421598816334409,2.4487580745976065,-0.1748990706623614,4.643199886641694,-0.1986365764096912,6.503843455855445,-0.27391357018492,3.6168623618825944,-0.3620796923454614,1.6003386176802024,-0.6139905094745535,1.0825765022509004,-0.2546549045504122,1.728931210862126,-0.5043124402301449,3.3166192676820856,-0.3464253914026969,3.275869822085841,-0.3197918796870864,1.0,0.0
2022-03-02 00:00:00+00:00,4.703718495585922,-0.3499823697094851,2.434198776445329,-0.1798047779923606,4.587986811710764,-0.2081657243752767,6.503843455855445,-0.27391357018492,3.6168623618825944,-0.3620796923454614,1.6003386176802024,-0.6139905094745535,1.0697034020190526,-0.2635179291044174,1.728931210862126,-0.5043124402301449,3.296824107246133,-0.3503262353615184,3.2525263467928283,-0.3246389652896886,1.0,0.0
2022-03-03 00:00:00+00:00,4.549512587470815,-0.371292437279184,2.394297596856596,-0.193249348406178,4.4375750314599,-0.2341250847545096,6.503843455855445,-0.27391357018492,3.6168623618825944,-0.3620796923454614,1.6003386176802024,-0.6139905094745535,1.0346344274031258,-0.287662632206766,1.728931210862126,-0.5043124402301449,3.242703142873567,-0.3609913389660781,3.188789847393023,-0.3378733386948143,1.0,0.0
2022-03-04 00:00:00+00:00,4.1953013014701845,-0.4202417060256772,2.301091213255593,-0.2246549309041654,4.092078864915272,-0.293753788583537,6.503843455855445,-0.27391357018492,3.6168623618825944,-0.3620796923454614,1.6003386176802024,-0.6139905094745535,0.954080921060434,-0.3431230645632386,1.728931210862126,-0.5043124402301449,3.1059472135495474,-0.3879405290200128,3.042187335347644,-0.368314175653361,1.0,0.0
2022-03-05 00:00:00+00:00,4.222017123019543,-0.4165497854672775,2.3084179268578544,-0.2221862190028438,4.1181373624736395,-0.2892563886596029,6.503843455855445,-0.27391357018492,3.6168623618825944,-0.3620796923454614,1.6003386176802024,-0.6139905094745535,0.9601565408548371,-0.3389400498699034,1.728931210862126,-0.5043124402301449,3.115329116478931,-0.386091726658307,3.053076216527933,-0.3660531867245522,1.0,0.0
2022-03-06 00:00:00+00:00,4.117302461860474,-0.4310205442865324,2.279791183528642,-0.2318319054305341,4.0159991318713155,-0.3068842841095519,6.503843455855445,-0.27391357018492,3.6168623618825944,-0.3620796923454614,1.6003386176802024,-0.6139905094745535,0.9363426945567976,-0.3553356888895284,1.728931210862126,-0.5043124402301449,3.0772554767076588,-0.3935945366594003,3.009890429538391,-0.3750203693623793,1.0,0.0
2022-03-07 00:00:00+00:00,4.07092109513453,-0.4374300915664399,2.2669502722862314,-0.2361586079780678,4.005959134041637,-0.308617073399278,6.503843455855445,-0.27391357018492,3.6168623618825944,-0.3620796923454614,1.6003386176802024,-0.6139905094745535,0.9257948044516404,-0.3625978252289684,1.728931210862126,-0.5043124402301449,3.0598274796643743,-0.397028906246887,2.987741443218076,-0.3796194289007663,1.0,0.0
2022-03-08 00:00:00+00:00,4.150503808962047,-0.4264323741003978,2.2891086549427007,-0.2286924142727234,4.005959134041637,-0.308617073399278,6.503843455855445,-0.27391357018492,3.6168623618825944,-0.3620796923454614,1.6003386176802024,-0.6139905094745535,0.9438932301552816,-0.3501372066902138,1.728931210862126,-0.5043124402301449,3.0902720395300087,-0.3910294864485435,3.024981293946052,-0.3718868722852286,1.0,0.0
2022-03-09 00:00:00+00:00,4.494613878198769,-0.3788790156300167,2.3840013925474515,-0.196718620373978,4.005959134041637,-0.308617073399278,6.503843455855445,-0.27391357018492,3.6168623618825944,-0.3620796923454614,1.6003386176802024,-0.6139905094745535,1.0221495526960465,-0.296258366652208,1.728931210862126,-0.5043124402301449,3.222175959924052,-0.3650364356380307,3.18525081795282,-0.3386081898012357,1.0,0.0
2022-03-10 00:00:00+00:00,4.224593329798711,-0.416193773553022,2.3123901951401957,-0.2208477763508979,4.005959134041637,-0.308617073399278,6.096855872744723,-0.3193494979106841,3.6168623618825944,-0.3620796923454614,1.6003386176802024,-0.6139905094745535,0.9607424128959822,-0.338536681746246,1.728931210862126,-0.5043124402301449,3.128806392884801,-0.3834358880042428,3.0694005731816576,-0.3626635648659896,1.0,0.0
2022-03-11 00:00:00+00:00,4.150390215817875,-0.4264480717971161,2.2920821394502138,-0.2276905085083399,4.005959134041637,-0.308617073399278,6.081613733062862,-0.3210511241659074,3.6168623618825944,-0.3620796923454614,1.6003386176802024,-0.6139905094745535,0.9438673971950649,-0.3501549924727045,1.728931210862126,-0.5043124402301449,3.1034590645685,-0.3884308448703325,3.0376664998958027,-0.3692528909112776,1.0,0.0
2022-03-12 00:00:00+00:00,4.158726452313361,-0.4252960681860535,2.2943840120197754,-0.2269149001638225,4.005959134041637,-0.308617073399278,6.081613733062862,-0.3210511241659074,3.6168623618825944,-0.3620796923454614,1.6003386176802024,-0.6139905094745535,0.9415077287020772,-0.3517796049915227,1.728931210862126,-0.5043124402301449,3.106313166993805,-0.3878684140560113,3.041235817379135,-0.3685117507353864,1.0,0.0
2022-03-13 00:00:00+00:00,4.048346065180306,-0.4405497866520095,2.263935388098171,-0.237174463227804,4.005959134041637,-0.308617073399278,6.081613733062862,-0.3210511241659074,3.6168623618825944,-0.3620796923454614,1.6003386176802024,-0.6139905094745535,0.9415077287020772,-0.3517796049915227,1.728931210862126,-0.5043124402301449,3.0685204396624437,-0.3953158673148479,2.993855562866479,-0.3783498809457867,1.0,0.0
2022-03-14 00:00:00+00:00,4.251316652782119,-0.4125008163542729,2.3206884779546773,-0.2180516974188211,4.005959134041637,-0.308617073399278,6.081613733062862,-0.3210511241659074,3.6168623618825944,-0.3620796923454614,1.6003386176802024,-0.6139905094745535,0.9415077287020772,-0.3517796049915227,1.728931210862126,-0.5043124402301449,3.1395463203828737,-0.3813194726594625,3.08191508883798,-0.3600650259637955,1.0,0.0
2022-03-15 00:00:00+00:00,4.2094114989166505,-0.4182917855285875,2.309250985092452,-0.2219055227876115,4.005959134041637,-0.308617073399278,6.081613733062862,-0.3210511241659074,3.6168623618825944,-0.3620796923454614,1.6003386176802024,-0.6139905094745535,0.929873534171118,-0.3597896530713832,1.728931210862126,-0.5043124402301449,3.118997925725398,-0.3853687493209192,3.0643950565119327,-0.3637029202952418,1.0,0.0
2022-03-16 00:00:00+00:00,4.405913707101217,-0.3911366953949304,2.3631507900818,-0.2037441618719823,4.005959134041637,-0.308617073399278,6.081613733062862,-0.3210511241659074,3.6168623618825944,-0.3620796923454614,1.6003386176802024,-0.6139905094745535,0.9732815504327824,-0.3299035877849512,1.728931210862126,-0.5043124402301449,3.2122042943777154,-0.3670014569083391,3.1463644242527047,-0.3466826378718436,1.0,0.0
2022-03-17 00:00:00+00:00,4.384898975429218,-0.3940407692878394,2.357515071470925,-0.20564309860712,4.005959134041637,-0.308617073399278,6.081613733062862,-0.3210511241659074,3.6168623618825944,-0.3620796923454614,1.6003386176802024,-0.6139905094745535,0.9686393236477492,-0.333099723077926,1.728931210862126,-0.5043124402301449,3.202650682576109,-0.3688840963040539,3.137834111272903,-0.3484538890120909,1.0,0.0
2022-03-18 00:00:00+00:00,4.474874390315128,-0.3816068606635394,2.3817024470346477,-0.1974932424564075,4.005959134041637,-0.308617073399278,6.081613733062862,-0.3210511241659074,3.6168623618825944,-0.3620796923454614,1.6003386176802024,-0.6139905094745535,0.988515203458978,-0.3194153418778511,1.728931210862126,-0.5043124402301449,3.243015841076419,-0.3609297185058916,3.1747103517598307,-0.3407968331496427,1.0,0.0
2022-03-19 00:00:00+00:00,4.522414192784948,-0.3750372264953997,2.3943537143103244,-0.1932304398158588,4.005959134041637,-0.308617073399278,6.081613733062862,-0.3210511241659074,3.6168623618825944,-0.3620796923454614,1.6003386176802024,-0.6139905094745535,0.9990169099677824,-0.3121850025679608,1.728931210862126,-0.5043124402301449,3.266791394918014,-0.3562444962834854,3.1940149942234135,-0.336788378822509,1.0,0.0
2022-03-20 00:00:00+00:00,4.4217856699158,-0.3889433125072266,2.367715256704904,-0.2022061799489324,3.906807387357989,-0.3257295357349963,6.081613733062862,-0.3210511241659074,3.6168623618825944,-0.3620796923454614,1.6003386176802024,-0.6139905094745535,0.9767877218204996,-0.3274896173706599,1.728931210862126,-0.5043124402301449,3.2149980494955384,-0.3664509181638289,3.150940489917605,-0.3457324545027229,1.0,0.0
2022-03-21 00:00:00+00:00,4.393938203458454,-0.3927916176668966,2.360259572947974,-0.2047183479170569,3.882203144684048,-0.3299759478269592,6.081613733062862,-0.3210511241659074,3.6168623618825944,-0.3620796923454614,1.5862591786163664,-0.6173865389397384,0.9706361203296336,-0.3317249448425237,1.728931210862126,-0.5043124402301449,3.2004864598392495,-0.3693105790908916,3.139003550274655,-0.3482110643736272,1.0,0.0
2022-03-22 00:00:00+00:00,4.5398818177851314,-0.3726233353962453,2.3994573036481963,-0.1915108022782357,4.011149600517138,-0.3077212579947325,6.2684090551261,-0.3001973706240771,3.6168623618825944,-0.3620796923454614,1.5822935306698256,-0.6183430725923891,1.0028755686417266,-0.3095283475309649,1.728931210862126,-0.5043124402301449,3.2768441207125965,-0.3542635012411687,3.2016009111965125,-0.3352132239459834,1.0,0.0
2022-03-23 00:00:00+00:00,4.595459942655344,-0.3649428670480591,2.4141446174369023,-0.1865619605031958,4.060254881737742,-0.2992462456678844,6.345148149927765,-0.2916302493903061,3.6168623618825944,-0.3620796923454614,1.5822935306698256,-0.6183430725923891,1.0151529683231235,-0.3010754579491413,1.728931210862126,-0.5043124402301449,3.305135826923991,-0.3486883238327033,3.2253269711240846,-0.3302866977095137,1.0,0.0
2022-03-24 00:00:00+00:00,4.714271941659652,-0.3485239648294562,2.44535252170137,-0.1760465604404422,4.165229575236543,-0.2811288090236941,6.5091969600748945,-0.2733159071581138,3.6168623618825944,-0.3620796923454614,1.6192467504052264,-0.6094297755152904,1.0413989491317246,-0.2830053141484209,1.728931210862126,-0.5043124402301449,3.3783064298017864,-0.3342692891841752,3.276611382924954,-0.319637900520677,1.0,0.0
2022-03-25 00:00:00+00:00,4.748746389282711,-0.3437598619668924,2.454293687853065,-0.1730338640954436,4.195688995186543,-0.2758718600127477,6.5567973048249,-0.2680018240913724,3.6168623618825944,-0.3620796923454614,1.631087950483727,-0.6065736202247698,1.0490144736434293,-0.2777620876122146,1.728931210862126,-0.5043124402301449,3.401931938550526,-0.3296136349208624,3.2914010167571663,-0.3165669515588772,1.0,0.0
2022-03-26 00:00:00+00:00,4.7699765192752634,-0.34082602168681,2.459779869864239,-0.1711853132227001,4.2144465820261265,-0.2726345141359728,6.586110653592147,-0.2647292937949717,3.6168623618825944,-0.3620796923454614,1.6383800243026632,-0.604814736405668,1.0537042826611904,-0.2745331923399493,1.728931210862126,-0.5043124402301449,3.4171408908424916,-0.3266165513730895,3.3005329135889183,-0.3146707863520247,1.0,0.0
2022-03-27 00:00:00+00:00,5.01821933299718,-0.3065207787893883,2.5237867547581296,-0.1496184051815149,4.433778076337516,-0.2347803959688398,6.928870127045492,-0.2264637660260069,3.6168623618825944,-0.3620796923454614,1.7236458669195305,-0.5842481987341157,1.1085419773336145,-0.2367778866549749,1.728931210862126,-0.5043124402301449,3.5949783846328898,-0.291571808212318,3.4082289951042264,-0.2923085579512789,1.0,0.0
2022-03-28 00:00:00+00:00,5.049773579508245,-0.3021602252056709,2.531721460688314,-0.1469448322773839,4.461657393105551,-0.229968743384839,6.972438425185495,-0.2215998189977135,3.6168623618825944,-0.3620796923454614,1.7344840433668862,-0.5816339776421238,1.1155124193369446,-0.2319787941663649,1.728931210862126,-0.5043124402301449,3.6175833818686134,-0.2871172564449075,3.4213420649588273,-0.2895857340657893,1.0,0.0
2022-03-29 00:00:00+00:00,5.083271769071479,-0.2975310336799982,2.5401186773234903,-0.1441154179218348,4.491254253789949,-0.2248606622802953,7.018690808665149,-0.21643622177722,3.6168623618825944,-0.3620796923454614,1.7459899206828284,-0.5788587038396249,1.122912285072455,-0.2268840469392815,1.728931210862126,-0.5043124402301449,3.6415809912621104,-0.282388275847268,3.435335247913019,-0.2866801617471662,1.0,0.0
2022-03-30 00:00:00+00:00,5.043963183020455,-0.3029631772019661,2.5302973970395106,-0.1474246658110647,4.456523697893588,-0.2308547607158102,6.964415762169192,-0.222495465823572,3.5798512615960805,-0.3686074863611333,1.7324883024024589,-0.5821153601098018,1.1142288826909248,-0.2328624986823519,1.728931210862126,-0.5043124402301449,3.613420899443343,-0.2879375172594055,3.418537376630262,-0.2901681051243627,1.0,0.0
2022-03-31 00:00:00+00:00,4.877040200925154,-0.3260306463467364,2.4884290514770746,-0.1615320662896,4.3090412127051625,-0.2563085581261314,6.733938059340946,-0.2482259025314049,3.5709016334420904,-0.3701859676452304,1.7281570816464529,-0.5831600717095272,1.0773550196021564,-0.2582498527828231,1.728931210862126,-0.5043124402301449,3.4938397347490806,-0.3115022398286269,3.32678423628141,-0.3092199095363466,1.0,0.0
2022-04-01 00:00:00+00:00,4.959893539998105,-0.3145809536883862,2.509566324030405,-0.1544099322542557,4.382245131058728,-0.2436743954658484,6.848337209305096,-0.2354544281047615,3.5709016334420904,-0.3701859676452304,1.7281570816464529,-0.5831600717095272,1.0956576082755305,-0.2456486697039677,1.728931210862126,-0.5043124402301449,3.553194645982907,-0.2998057321058435,3.371456407060291,-0.2999440912144657,1.0,0.0
2022-04-02 00:00:00+00:00,4.909259931799724,-0.3215781279548854,2.4967567347746997,-0.1587260809620256,4.33750850895063,-0.2513954269802467,6.778425220212991,-0.2432593740426063,3.5709016334420904,-0.3701859676452304,1.7281570816464529,-0.5831600717095272,1.0844724693991386,-0.2533495466268525,1.728931210862126,-0.5043124402301449,3.5169214751766336,-0.3069537408155866,3.344231080254934,-0.3055972121798725,1.0,0.0
2022-04-03 00:00:00+00:00,4.973166791731373,-0.3127466926359858,2.513007644804855,-0.1532503906079809,4.393972528494248,-0.2416503802202911,6.866664155841422,-0.2334084152709206,3.5709016334420904,-0.3701859676452304,1.7281570816464529,-0.5831600717095272,1.0985897154126762,-0.2436299378457938,1.728931210862126,-0.5043124402301449,3.5627034079377955,-0.2979319308427716,3.379152491173445,-0.2983460610140332,1.0,0.0
2022-04-04 00:00:00+00:00,4.991723196302119,-0.3101823405947004,2.5176960444201573,-0.1516706498733524,4.410367782328696,-0.2388207461179118,6.892285777529053,-0.2305480278794474,3.5709016334420904,-0.3701859676452304,1.7281570816464529,-0.5831600717095272,1.1026888892530455,-0.2408076900776574,1.728931210862126,-0.5043124402301449,3.5759969427360225,-0.2953123003994202,3.389741568142566,-0.2961473240274614,1.0,0.0
2022-04-05 00:00:00+00:00,4.875669581761031,-0.3262200553477067,2.488428823985417,-0.1615321429421611,4.307830221156638,-0.2565175614766132,6.732045586821978,-0.2484371773912854,3.478953741908349,-0.3864031806289337,1.7281570816464529,-0.5831600717095272,1.0770522450963913,-0.2584583105614928,1.728931210862126,-0.5043124402301449,3.4928578433765396,-0.3116957318208332,3.317965401028251,-0.3110510700148423,1.0,0.0
2022-04-06 00:00:00+00:00,4.6262919082308205,-0.360682127120834,2.424790529750673,-0.1829748555805576,4.087496037204993,-0.2945447324570066,6.387719163878728,-0.2868776387619809,3.30101440948891,-0.4177870438572179,1.7281570816464529,-0.5831600717095272,1.021963855973924,-0.296386217331386,1.728931210862126,-0.5043124402301449,3.3142073527421063,-0.3469006845357457,3.1630891885662304,-0.3432098745710308,1.0,0.0
2022-04-07 00:00:00+00:00,4.6556246586299,-0.3566285671719966,2.432477655508203,-0.180384703996263,4.113412581901025,-0.2900718319805497,6.428220147294867,-0.2823561254979818,3.3219443105107267,-0.4140955545045329,1.7281570816464529,-0.5831600717095272,1.0284435618158383,-0.2919249926888918,1.728931210862126,-0.5043124402301449,3.3352209028978628,-0.342759744105195,3.179959514468645,-0.3397068865726124,1.0,0.0
2022-04-08 00:00:00+00:00,4.527866663705254,-0.3742837370529148,2.3991020624617705,-0.1916304996203699,4.000533777810288,-0.3095534281007542,6.251819217844876,-0.3020494532894268,3.230784697036412,-0.4301737357718275,1.7281570816464529,-0.5831600717095272,1.0002213796201156,-0.3113557350324861,1.728931210862126,-0.5043124402301449,3.243696957900459,-0.3607954972927367,3.104450082501962,-0.3553858150934196,1.0,0.0
2022-04-09 00:00:00+00:00,4.581658375638331,-0.3668501371993475,2.4133529024960474,-0.1868287262324225,4.048060698662329,-0.3013508227991238,6.236189669800264,-0.3037943296562032,3.269166887292554,-0.4234041172000252,1.7281570816464529,-0.5831600717095272,1.012104154515656,-0.3031745413983111,1.728931210862126,-0.5043124402301449,3.282232547686311,-0.3532016551967289,3.1395078055262218,-0.3481063598110364,1.0,0.0
2022-04-10 00:00:00+00:00,4.517883326619261,-0.3756633572663944,2.396556397056512,-0.1924882531540694,3.99171313882197,-0.3110757699405421,6.236189669800264,-0.3037943296562032,3.22366125125535,-0.4314301260542186,1.7281570816464529,-0.5831600717095272,0.9980160259878174,-0.3128741030278635,1.728931210862126,-0.5043124402301449,3.2365450423206323,-0.3622048572609893,3.0955979144298755,-0.357223896864683,1.0,0.0
2022-04-11 00:00:00+00:00,4.236215194407731,-0.4145877214689523,2.3218495581125733,-0.2176604753020863,3.742849168052377,-0.3540268572279865,6.236189669800264,-0.3037943296562032,3.022681593774191,-0.4668777024629463,1.7281570816464529,-0.5831600717095272,0.9357945630516514,-0.3557130729618528,1.728931210862126,-0.5043124402301449,3.0347621429000946,-0.4019682937203617,2.9026023854178775,-0.3972978720675375,1.0,0.0
2022-04-12 00:00:00+00:00,4.29456456334239,-0.4065242885574278,2.337840064998995,-0.2122725269255466,3.794402943521992,-0.3451292626772557,6.236189669800264,-0.3037943296562032,3.015124889789756,-0.468210508206789,1.7281570816464529,-0.5831600717095272,0.9486841401153072,-0.346838704243485,1.728931210862126,-0.5043124402301449,3.0765627710029286,-0.3937310415830295,2.9410177949175096,-0.3893212200923508,1.0,0.0
2022-04-13 00:00:00+00:00,4.4095347564800935,-0.3906362942891603,2.369133333482169,-0.2017283636718034,3.895983262742871,-0.3275976563782393,6.236189669800264,-0.3037943296562032,3.015124889789756,-0.468210508206789,1.7281570816464529,-0.5831600717095272,0.9740814527431668,-0.329352861565932,1.728931210862126,-0.5043124402301449,3.1589257232336863,-0.3775005580929071,3.018219529454174,-0.3732908985026351,1.0,0.0
2022-04-14 00:00:00+00:00,4.280358990520155,-0.408487389196102,2.334431870639174,-0.2134209067360405,3.781851806721955,-0.3472954459563699,6.236189669800264,-0.3037943296562032,3.015124889789756,-0.468210508206789,1.7281570816464529,-0.5831600717095272,0.945546080030534,-0.3489992330269463,1.728931210862126,-0.5043124402301449,3.069352356228218,-0.3951519294311241,2.929665600870581,-0.3916784122255755,1.0,0.0
2022-04-15 00:00:00+00:00,4.345677191686482,-0.3994609174000499,2.352243564807023,-0.2074193153320449,3.8395627972346182,-0.337335186207685,6.236189669800264,-0.3037943296562032,3.015124889789756,-0.468210508206789,1.7281570816464529,-0.5831600717095272,0.9599750961958256,-0.3390649730382972,1.728931210862126,-0.5043124402301449,3.114885783038503,-0.3861790901620499,2.9743722452178294,-0.3823954357434462,1.0,0.0
2022-04-16 00:00:00+00:00,4.327117572215429,-0.402025713715771,2.347220556477094,-0.2091118013657158,3.829963890241532,-0.3389918482421657,6.236189669800264,-0.3037943296562032,3.015124889789756,-0.468210508206789,1.7281570816464529,-0.5831600717095272,0.9558752121728782,-0.3418877097613484,1.728931210862126,-0.5043124402301449,3.1018389624556835,-0.388750102981925,2.961669226884551,-0.3850331157161132,1.0,0.0
2022-04-17 00:00:00+00:00,4.252040005351149,-0.4124008546063012,2.3268578548248833,-0.2159729462992857,3.829963890241532,-0.3389918482421657,6.236189669800264,-0.3037943296562032,3.015124889789756,-0.468210508206789,1.7281570816464529,-0.5831600717095272,0.9392903184282244,-0.3533062738863116,1.728931210862126,-0.5043124402301449,3.049246352869957,-0.3991140282476444,2.910282844217471,-0.3957030863382664,1.0,0.0
2022-04-18 00:00:00+00:00,4.372385511801792,-0.3957700334819997,2.359786388731566,-0.204877785772824,3.829963890241532,-0.3389918482421657,6.236189669800264,-0.3037943296562032,3.015124889789756,-0.468210508206789,1.7281570816464529,-0.5831600717095272,0.965875056326544,-0.335002898591239,1.728931210862126,-0.5043124402301449,3.135374458748532,-0.3821415817454694,2.992652591999993,-0.3785996682072849,1.0,0.0
2022-04-19 00:00:00+00:00,4.446547903712076,-0.3855213627140874,2.379799194385744,-0.1981345371378483,3.829963890241532,-0.3389918482421657,6.326374576380789,-0.2937261234813904,3.015124889789756,-0.468210508206789,1.7281570816464529,-0.5831600717095272,0.9822577847639864,-0.3237235236320176,1.728931210862126,-0.5043124402301449,3.1847074799515864,-0.3724199925543644,3.0434125887523775,-0.3680597616013368,1.0,0.0
2022-04-20 00:00:00+00:00,4.432081923964993,-0.3875204495820311,2.375928087215239,-0.1994388938879426,3.807928937069182,-0.3427948302252693,6.305792945759428,-0.2960238483265636,3.015124889789756,-0.468210508206789,1.7281570816464529,-0.5831600717095272,0.979062199890393,-0.3259236577635763,1.728931210862126,-0.5043124402301449,3.1750387861699285,-0.3743253100611311,3.0335114371569665,-0.3701156563961303,1.0,0.0
2022-04-21 00:00:00+00:00,4.337973218917997,-0.4005255470388118,2.3507034276299104,-0.2079382594569568,3.7270731976387226,-0.3567496100643478,6.171898758196892,-0.3109717407966301,2.9435653596004583,-0.4808317453307281,1.7281570816464529,-0.5831600717095272,0.958273262011348,-0.3402366719990926,1.728931210862126,-0.5043124402301449,3.106992632090816,-0.3877345183329895,2.9690993080506756,-0.3834903188962554,1.0,0.0
2022-04-22 00:00:00+00:00,4.255368498802103,-0.4119408824741557,2.3283221001164045,-0.2154795736940679,3.717755514644626,-0.3583577360391868,6.054371990792908,-0.3240923811581748,2.887513286339092,-0.4907178709948946,1.7281570816464529,-0.5831600717095272,0.9400255941240075,-0.3528000425645381,1.728931210862126,-0.5043124402301449,3.0478285377490764,-0.3993934235860609,2.912561011256166,-0.3952300432067287,1.0,0.0
2022-04-23 00:00:00+00:00,4.226693731332479,-0.415903514255209,2.3204774099522014,-0.2181228160837488,3.717755514644626,-0.3583577360391868,6.013574652311067,-0.3286469793807948,2.8680558005597683,-0.4941496646526631,1.7281570816464529,-0.5831600717095272,0.9336912389830628,-0.3571611944344729,1.728931210862126,-0.5043124402301449,3.027290768897368,-0.4034406063210567,2.8929347415776707,-0.3993052808479679,1.0,0.0
2022-04-24 00:00:00+00:00,4.227607834653041,-0.4157771922240691,2.3207283337522866,-0.2180382681397151,3.717755514644626,-0.3583577360391868,6.014875202790362,-0.3285017864559165,2.8686760724548934,-0.4940402648473684,1.7281570816464529,-0.5831600717095272,0.9313570108856052,-0.3587682914483867,1.728931210862126,-0.5043124402301449,3.0279454783984705,-0.4033115889478244,2.8935603940193984,-0.3991753691315475,1.0,0.0
2022-04-25 00:00:00+00:00,4.332193899799838,-0.4013242043822315,2.349434383863218,-0.2083658595543817,3.717755514644626,-0.3583577360391868,6.163676168824271,-0.3118897073193371,2.939643757806307,-0.481523413736302,1.7281570816464529,-0.5831600717095272,0.9313570108856052,-0.3587682914483867,1.728931210862126,-0.5043124402301449,3.1028533022673144,-0.3885502166845043,2.9651436883341,-0.3843116716355933,1.0,0.0
2022-04-26 00:00:00+00:00,4.084279005909212,-0.4355841312872397,2.28220981018874,-0.2310169571815955,3.717755514644626,-0.3583577360391868,5.81095254686431,-0.3512676285621641,2.7714191844956657,-0.5111938465103931,1.7281570816464529,-0.5831600717095272,0.8757306174220382,-0.3970666098207263,1.728931210862126,-0.5043124402301449,2.925288870715596,-0.4235411500674978,2.7954598514915774,-0.4195451607467827,1.0,0.0
2022-04-27 00:00:00+00:00,4.204630942160469,-0.4189524216140672,2.315834884429558,-0.2196870996946709,3.717755514644626,-0.3583577360391868,5.7964251654971495,-0.3528894594907587,2.8530849239163447,-0.4967901373272329,1.7281570816464529,-0.5831600717095272,0.8735412908784831,-0.3985739432961744,1.728931210862126,-0.5043124402301449,3.011488706519051,-0.4065545684313825,2.877834000111908,-0.4024408288170924,1.0,0.0
2022-04-28 00:00:00+00:00,4.258893101171771,-0.4114538096014493,2.3307781936606737,-0.2146520011025003,3.717755514644626,-0.3583577360391868,5.85673889481226,-0.3461560593582855,2.8899049326029456,-0.4902960468921815,1.7281570816464529,-0.5831600717095272,0.8735412908784831,-0.3985739432961744,1.728931210862126,-0.5043124402301449,3.050352968639025,-0.3988959580050983,2.91497340384801,-0.3947291292145756,1.0,0.0
2022-04-29 00:00:00+00:00,4.1360881959864395,-0.4284245006688527,2.297174274956799,-0.2259747303012635,3.717755514644626,-0.3583577360391868,5.687860210236971,-0.3650096068010277,2.8065747120944096,-0.5049933271823988,1.7281570816464529,-0.5831600717095272,0.8735412908784831,-0.3985739432961744,1.728931210862126,-0.5043124402301449,2.962396239461567,-0.4162287539053743,2.830920335603863,-0.4121820753516355,1.0,0.0
2022-04-30 00:00:00+00:00,4.032642348815115,-0.4427199191775922,2.2684474771090555,-0.2356541297678535,3.717755514644626,-0.3583577360391868,5.673640559711378,-0.366597082784025,2.736380730490257,-0.5173737171060868,1.7281570816464529,-0.5831600717095272,0.8735412908784831,-0.3985739432961744,1.728931210862126,-0.5043124402301449,2.8883050755096913,-0.4308291947676166,2.760117456527144,-0.4268837258765798,1.0,0.0
2022-05-01 00:00:00+00:00,4.122397007213291,-0.4303165173978585,2.293691933570952,-0.2271480937067953,3.717755514644626,-0.3583577360391868,5.673640559711378,-0.366597082784025,2.729539778664032,-0.5185802828133216,1.7281570816464529,-0.5831600717095272,0.8735412908784831,-0.3985739432961744,1.728931210862126,-0.5043124402301449,2.952590180157829,-0.4181611407288403,2.8215494849643363,-0.4141278574020306,1.0,0.0
2022-05-02 00:00:00+00:00,4.1284849567609,-0.4294752097086379,2.2953855939274033,-0.2265774204546735,3.717755514644626,-0.3583577360391868,5.673640559711378,-0.366597082784025,2.726746909356262,-0.5190728722098181,1.7281570816464529,-0.5831600717095272,0.8735412908784831,-0.3985739432961744,1.728931210862126,-0.5043124402301449,2.956950560785924,-0.4173018819980864,2.825716344895704,-0.413262642324675,1.0,0.0
2022-05-03 00:00:00+00:00,4.043160430985469,-0.4412664013163532,2.271665913545272,-0.2345696882617349,3.717755514644626,-0.3583577360391868,5.673640559711378,-0.366597082784025,2.719930042082872,-0.5202751900292937,1.7281570816464529,-0.5831600717095272,0.8735412908784831,-0.3985739432961744,1.728931210862126,-0.5043124402301449,2.8958384562287103,-0.4293446630932022,2.7673164937083388,-0.4253889034889291,1.0,0.0
2022-05-04 00:00:00+00:00,4.253313105872633,-0.4122249219298723,2.3307034754143134,-0.2146771771683395,3.717755514644626,-0.3583577360391868,5.673640559711378,-0.366597082784025,2.854504912245533,-0.4965396883741934,1.7281570816464529,-0.5831600717095272,0.8735412908784831,-0.3985739432961744,1.728931210862126,-0.5043124402301449,3.0463564007934893,-0.3996835236116879,2.9111542101034877,-0.3955221541939437,1.0,0.0
2022-05-05 00:00:00+00:00,3.917138482226485,-0.4586816630021406,2.2385960588927847,-0.24571246634581,3.717755514644626,-0.3583577360391868,5.21102157181597,-0.4182436778420947,2.628889705773837,-0.5363323339115958,1.7281570816464529,-0.5831600717095272,0.8735412908784831,-0.3985739432961744,1.728931210862126,-0.5043124402301449,2.8267630135404755,-0.4429567034797973,2.6907729376833416,-0.4412825595844201,1.0,0.0
2022-05-06 00:00:00+00:00,3.859356007379255,-0.4666667555215514,2.2220850750390104,-0.2512757877140372,3.717755514644626,-0.3583577360391868,5.197994017886431,-0.4196980686474895,2.622317481509403,-0.5374915030768168,1.7281570816464529,-0.5831600717095272,0.8735412908784831,-0.3985739432961744,1.728931210862126,-0.5043124402301449,2.7945320869444648,-0.4493081455762664,2.6559404246305127,-0.4485152518207537,1.0,0.0
2022-05-07 00:00:00+00:00,3.8013399164430672,-0.4746841319832698,2.2053832354659164,-0.2569034172852731,3.717755514644626,-0.3583577360391868,5.197994017886431,-0.4196980686474895,2.622317481509403,-0.5374915030768168,1.7281570816464529,-0.5831600717095272,0.8735412908784831,-0.3985739432961744,1.728931210862126,-0.5043124402301449,2.763126504830036,-0.455496944887124,2.6200019627004427,-0.4559775854799175,1.0,0.0
2022-05-08 00:00:00+00:00,3.6476687534123218,-0.4959203019052094,2.1608063475563934,-0.2719234521440336,3.717755514644626,-0.3583577360391868,5.197994017886431,-0.4196980686474895,2.622317481509403,-0.5374915030768168,1.7281570816464529,-0.5831600717095272,0.8735412908784831,-0.3985739432961744,1.728931210862126,-0.5043124402301449,2.679829668402993,-0.4719114600519127,2.525107982833814,-0.4756815600514685,1.0,0.0
2022-05-09 00:00:00+00:00,3.223077941529054,-0.5545954785005955,2.035046775696528,-0.3142977236946153,3.717755514644626,-0.3583577360391868,5.197994017886431,-0.4196980686474895,2.622317481509403,-0.5374915030768168,1.7281570816464529,-0.5831600717095272,0.8735412908784831,-0.3985739432961744,1.728931210862126,-0.5043124402301449,2.453711222517232,-0.5164704711529069,2.265416843753535,-0.5296043442795797,1.0,0.0
2022-05-10 00:00:00+00:00,3.3238961435163024,-0.5406631802970785,2.0668750095474806,-0.3035733056306086,3.717755514644626,-0.3583577360391868,5.197994017886431,-0.4196980686474895,2.622317481509403,-0.5374915030768168,1.7281570816464529,-0.5831600717095272,0.8735412908784831,-0.3985739432961744,1.728931210862126,-0.5043124402301449,2.4980602772585354,-0.507731024820719,2.3167988106082027,-0.5189352905654918,1.0,0.0
2022-05-11 00:00:00+00:00,3.1188755211521983,-0.5689954495931391,2.0031317422325823,-0.325051388600966,3.717755514644626,-0.3583577360391868,5.197994017886431,-0.4196980686474895,2.622317481509403,-0.5374915030768168,1.7281570816464529,-0.5831600717095272,0.8735412908784831,-0.3985739432961744,1.728931210862126,-0.5043124402301449,2.4084783416375837,-0.5253840846944773,2.213793741637505,-0.5403234677985687,1.0,0.0
2022-05-12 00:00:00+00:00,3.1109250726935267,-0.5700941402719504,2.0005786112139603,-0.3259116576483818,3.717755514644626,-0.3583577360391868,5.197994017886431,-0.4196980686474895,2.622317481509403,-0.5374915030768168,1.7281570816464529,-0.5831600717095272,0.8735412908784831,-0.3985739432961744,1.728931210862126,-0.5043124402301449,2.4048917098103586,-0.5260908681095962,2.209722494175272,-0.5411688297128132,1.0,0.0
2022-05-13 00:00:00+00:00,3.1384982009913607,-0.5662837465307702,2.0094444966705236,-0.3229243268844746,3.717755514644626,-0.3583577360391868,5.197994017886431,-0.4196980686474895,2.622317481509403,-0.5374915030768168,1.7281570816464529,-0.5831600717095272,0.8735412908784831,-0.3985739432961744,1.728931210862126,-0.5043124402301449,2.417450154947235,-0.5236160947930131,2.2239067304247526,-0.5382235867082574,1.0,0.0
2022-05-14 00:00:00+00:00,3.224195655202378,-0.5544410190885454,2.0368786812255135,-0.3136804691891153,3.717755514644626,-0.3583577360391868,5.197994017886431,-0.4196980686474895,2.622317481509403,-0.5374915030768168,1.7281570816464529,-0.5831600717095272,0.8735412908784831,-0.3985739432961744,1.728931210862126,-0.5043124402301449,2.4558972819777547,-0.5160396852106663,2.2685123319664484,-0.5289615909550853,1.0,0.0
2022-05-15 00:00:00+00:00,3.357308602404688,-0.536045836089684,2.078925590493255,-0.2995129022610144,3.717755514644626,-0.3583577360391868,5.197994017886431,-0.4196980686474895,2.622317481509403,-0.5374915030768168,1.7281570816464529,-0.5831600717095272,0.8735412908784831,-0.3985739432961744,1.728931210862126,-0.5043124402301449,2.51291098524049,-0.5048045370711974,2.3364336037923548,-0.5148582830865984,1.0,0.0
2022-05-16 00:00:00+00:00,3.2013987971269864,-0.5575913691101594,2.0306540548101073,-0.3157778364600635,3.717755514644626,-0.3583577360391868,5.197994017886431,-0.4196980686474895,2.622317481509403,-0.5374915030768168,1.7281570816464529,-0.5831600717095272,0.8735412908784831,-0.3985739432961744,1.728931210862126,-0.5043124402301449,2.4490045814396617,-0.517397964136517,2.259496704308739,-0.5308336137995667,1.0,0.0
2022-05-17 00:00:00+00:00,3.26258049323192,-0.5491365304210236,2.0500578946858417,-0.3092397768288286,3.717755514644626,-0.3583577360391868,5.197994017886431,-0.4196980686474895,2.622317481509403,-0.5374915030768168,1.7281570816464529,-0.5831600717095272,0.8735412908784831,-0.3985739432961744,1.728931210862126,-0.5043124402301449,2.4742581803305885,-0.5124214776366522,2.2894734984491114,-0.5246091726884585,1.0,0.0
2022-05-18 00:00:00+00:00,3.0772297025781445,-0.5747505806296623,1.9918248714003952,-0.3288612013090144,3.717755514644626,-0.3583577360391868,5.197994017886431,-0.4196980686474895,2.622317481509403,-0.5374915030768168,1.7281570816464529,-0.5831600717095272,0.8735412908784831,-0.3985739432961744,1.728931210862126,-0.5043124402301449,2.399648251886229,-0.5271241464825022,2.199695567766621,-0.5432508406397925,1.0,0.0
2022-05-19 00:00:00+00:00,3.2491100609465033,-0.5509980403054634,2.0474521085248254,-0.3101177878522176,3.717755514644626,-0.3583577360391868,5.197994017886431,-0.4196980686474895,2.622317481509403,-0.5374915030768168,1.7281570816464529,-0.5831600717095272,0.8735412908784831,-0.3985739432961744,1.728931210862126,-0.5043124402301449,2.474666990758249,-0.5123409172546234,2.283622359921444,-0.5258241147208805,1.0,0.0
2022-05-20 00:00:00+00:00,3.1292778669115098,-0.5675579256115753,2.0096955115269033,-0.3228397482593238,3.717755514644626,-0.3583577360391868,5.197994017886431,-0.4196980686474895,2.622317481509403,-0.5374915030768168,1.7281570816464529,-0.5831600717095272,0.8735412908784831,-0.3985739432961744,1.728931210862126,-0.5043124402301449,2.424641050380566,-0.5221990534358398,2.2282189813163717,-0.5373281823629656,1.0,0.0
2022-05-21 00:00:00+00:00,3.155431080907182,-0.5639437530793753,2.018093614701898,-0.3200100351871164,3.717755514644626,-0.3583577360391868,5.197994017886431,-0.4196980686474895,2.622317481509403,-0.5374915030768168,1.7281570816464529,-0.5831600717095272,0.8735412908784831,-0.3985739432961744,1.728931210862126,-0.5043124402301449,2.4355931271998053,-0.5200408318424808,2.2403213708902574,-0.5348152181395871,1.0,0.0
2022-05-22 00:00:00+00:00,3.246399899987886,-0.5513725636545286,2.0471837117784224,-0.3102082232476884,3.717755514644626,-0.3583577360391868,5.197994017886431,-0.4196980686474895,2.622317481509403,-0.5374915030768168,1.7281570816464529,-0.5831600717095272,0.8735412908784831,-0.3985739432961744,1.728931210862126,-0.5043124402301449,2.4733486999518157,-0.5126007002831512,2.282275904194646,-0.5261036954639354,1.0,0.0
2022-05-23 00:00:00+00:00,3.1194338421721435,-0.5689182939328532,2.0071512368035935,-0.3236970332073431,3.717755514644626,-0.3583577360391868,5.197994017886431,-0.4196980686474895,2.622317481509403,-0.5374915030768168,1.7281570816464529,-0.5831600717095272,0.8735412908784831,-0.3985739432961744,1.728931210862126,-0.5043124402301449,2.421714836991435,-0.5227756944718216,2.225031248205936,-0.537990089601309,1.0,0.0
2022-05-24 00:00:00+00:00,3.1778839446497473,-0.560840940422352,2.025955641932046,-0.3173609511304408,3.717755514644626,-0.3583577360391868,5.197994017886431,-0.4196980686474895,2.622317481509403,-0.5374915030768168,1.7281570816464529,-0.5831600717095272,0.8735412908784831,-0.3985739432961744,1.728931210862126,-0.5043124402301449,2.4512204665561703,-0.516961300735978,2.2514609416375895,-0.5325021755308577,1.0,0.0
2022-05-25 00:00:00+00:00,3.165835569933364,-0.5625059329148545,2.022115118936569,-0.3186550026439744,3.717755514644626,-0.3583577360391868,5.197994017886431,-0.4196980686474895,2.622317481509403,-0.5374915030768168,1.7281570816464529,-0.5831600717095272,0.8735412908784831,-0.3985739432961744,1.728931210862126,-0.5043124402301449,2.444830457805193,-0.5182205189733707,2.2460554178572036,-0.5336245892315405,1.0,0.0
2022-05-26 00:00:00+00:00,3.12931430244832,-0.567552890501307,2.010451498778022,-0.3225850208569165,3.717755514644626,-0.3583577360391868,5.197994017886431,-0.4196980686474895,2.622317481509403,-0.5374915030768168,1.7281570816464529,-0.5831600717095272,0.8735412908784831,-0.3985739432961744,1.728931210862126,-0.5043124402301449,2.4229967356807136,-0.522523082891629,2.2294957017284407,-0.537063081599253,1.0,0.0
2022-05-27 00:00:00+00:00,3.0680650934369447,-0.5760170589535867,1.9907764913874983,-0.3292144494848605,3.717755514644626,-0.3583577360391868,5.197994017886431,-0.4196980686474895,2.622317481509403,-0.5374915030768168,1.7281570816464529,-0.5831600717095272,0.8735412908784831,-0.3985739432961744,1.728931210862126,-0.5043124402301449,2.387229720098085,-0.5295713484064244,2.200896026851163,-0.543001574929689,1.0,0.0
2022-05-28 00:00:00+00:00,3.111094390776351,-0.5700707418183512,2.0047367091428936,-0.3245106003119997,3.717755514644626,-0.3583577360391868,5.197994017886431,-0.4196980686474895,2.622317481509403,-0.5374915030768168,1.7281570816464529,-0.5831600717095272,0.8735412908784831,-0.3985739432961744,1.728931210862126,-0.5043124402301449,2.412181766561718,-0.5246542859747851,2.221310520213361,-0.5387626689562521,1.0,0.0
2022-05-29 00:00:00+00:00,3.1579001243427904,-0.5636025503129671,2.019817121450086,-0.3194293052920725,3.717755514644626,-0.3583577360391868,5.197994017886431,-0.4196980686474895,2.622317481509403,-0.5374915030768168,1.7281570816464529,-0.5831600717095272,0.8735412908784831,-0.3985739432961744,1.728931210862126,-0.5043124402301449,2.43970302613191,-0.5192309331567622,2.2434557787186895,-0.5341643834687776,1.0,0.0
2022-05-30 00:00:00+00:00,3.4007451204496206,-0.5300432441926277,2.0974798817783813,-0.2932610952158964,3.717755514644626,-0.3583577360391868,5.197994017886431,-0.4196980686474895,2.622317481509403,-0.5374915030768168,1.7281570816464529,-0.5831600717095272,0.8735412908784831,-0.3985739432961744,1.728931210862126,-0.5043124402301449,2.5903856443788738,-0.489537342999215,2.3575598910498554,-0.5104715788141236,1.0,0.0
2022-05-31 00:00:00+00:00,3.40790577506626,-0.5290536969334529,2.0996881226883586,-0.2925170357492123,3.717755514644626,-0.3583577360391868,5.197994017886431,-0.4196980686474895,2.622317481509403,-0.5374915030768168,1.7281570816464529,-0.5831600717095272,0.8735412908784831,-0.3985739432961744,1.728931210862126,-0.5043124402301449,2.593714517608284,-0.4888813536189499,2.36037152886171,-0.5098877647510286,1.0,0.0
2022-06-01 00:00:00+00:00,3.194092400363107,-0.5586010568104067,2.033820485352142,-0.3147109181678817,3.717755514644626,-0.3583577360391868,5.197994017886431,-0.4196980686474895,2.622317481509403,-0.5374915030768168,1.7281570816464529,-0.5831600717095272,0.8735412908784831,-0.3985739432961744,1.728931210862126,-0.5043124402301449,2.4764874767430363,-0.5119821713996022,2.268210564457587,-0.5290242505603573,1.0,0.0
2022-06-02 00:00:00+00:00,3.2634045793438915,-0.5490226480740759,2.055887556655321,-0.3072754915208435,3.717755514644626,-0.3583577360391868,5.197994017886431,-0.4196980686474895,2.622317481509403,-0.5374915030768168,1.7281570816464529,-0.5831600717095272,0.8735412908784831,-0.3985739432961744,1.728931210862126,-0.5043124402301449,2.514277284287397,-0.5045352935154144,2.2978475870867148,-0.5228703602811049,1.0,0.0
2022-06-03 00:00:00+00:00,3.1827738080163623,-0.5601651990060674,2.030489571908803,-0.3158332584293196,3.717755514644626,-0.3583577360391868,5.197994017886431,-0.4196980686474895,2.622317481509403,-0.5374915030768168,1.7281570816464529,-0.5831600717095272,0.8735412908784831,-0.3985739432961744,1.728931210862126,-0.5043124402301449,2.46671002677304,-0.513908920453824,2.2637209058760104,-0.5299564921909714,0.9728240527669122,-0.0271759472330878
2022-06-04 00:00:00+00:00,3.200330378591699,-0.5577390163141998,2.036089786630615,-0.3139462846121056,3.717755514644626,-0.3583577360391868,5.197994017886431,-0.4196980686474895,2.622317481509403,-0.5374915030768168,1.7281570816464529,-0.5831600717095272,0.8735412908784831,-0.3985739432961744,1.728931210862126,-0.5043124402301449,2.477201909751719,-0.5118413848828716,2.2713485196951524,-0.5283726792984653,0.9781826285153196,-0.0218173714846803
2022-06-05 00:00:00+00:00,3.206242580255871,-0.5569219956274492,2.0379704945577473,-0.3133125863000563,3.717755514644626,-0.3583577360391868,5.197994017886431,-0.4196980686474895,2.622317481509403,-0.5374915030768168,1.7281570816464529,-0.5831600717095272,0.8735412908784831,-0.3985739432961744,1.728931210862126,-0.5043124402301449,2.4807708833378976,-0.5111380812093357,2.27389922176338,-0.52784304645176,0.9799868369736328,-0.0200131630263671
2022-06-06 00:00:00+00:00,3.362046293823449,-0.535391123663343,2.0874869243420324,-0.2966281891534704,3.717755514644626,-0.3583577360391868,5.197994017886431,-0.4196980686474895,2.622317481509403,-0.5374915030768168,1.7281570816464529,-0.5831600717095272,0.8735412908784831,-0.3985739432961744,1.728931210862126,-0.5043124402301449,2.577459899354338,-0.4920844966105921,2.345885899317967,-0.5128955896581932,1.0275743226848644,0.0
2022-06-07 00:00:00+00:00,3.3354944321897357,-0.5390603862255359,2.0792439289854334,-0.2994056391595815,3.717755514644626,-0.3583577360391868,5.197994017886431,-0.4196980686474895,2.622317481509403,-0.5374915030768168,1.7281570816464529,-0.5831600717095272,0.8735412908784831,-0.3985739432961744,1.728931210862126,-0.5043124402301449,2.5612500767458855,-0.4952788121505109,2.334042746698759,-0.5153547254050956,1.019463151497945,-0.0078935129146924
2022-06-08 00:00:00+00:00,3.2368441446426934,-0.5526930953680966,2.048496161953456,-0.3097659975046216,3.717755514644626,-0.3583577360391868,5.197994017886431,-0.4196980686474895,2.622317481509403,-0.5374915030768168,1.7281570816464529,-0.5831600717095272,0.8735412908784831,-0.3985739432961744,1.728931210862126,-0.5043124402301449,2.501105922058182,-0.5071308485727993,2.2896222140348157,-0.5245782930886859,0.9893522051908744,-0.0371964505634226
2022-06-09 00:00:00+00:00,3.22668077313952,-0.5540975949499602,2.045280123956814,-0.3108496308644628,3.6967877400646816,-0.3619765351502901,5.197994017886431,-0.4196980686474895,2.622317481509403,-0.5374915030768168,1.7281570816464529,-0.5831600717095272,0.8735412908784831,-0.3985739432961744,1.728931210862126,-0.5043124402301449,2.494914624705497,-0.5083509086452414,2.2836465845053326,-0.525819084680138,0.9862512189359314,-0.0402142237662802
2022-06-10 00:00:00+00:00,3.117583131228872,-0.5691740479161808,2.010703533606152,-0.3225000985556602,3.68754577071452,-0.3635715938124144,5.197994017886431,-0.4196980686474895,2.622317481509403,-0.5374915030768168,1.7281570816464529,-0.5831600717095272,0.8735412908784831,-0.3985739432961744,1.728931210862126,-0.5043124402301449,2.4298535356631263,-0.5211718785467698,2.225066369282683,-0.5379827969911336,0.953149549424031,-0.0724276304086453
2022-06-11 00:00:00+00:00,3.046085891672911,-0.5790544151771237,1.9876472515172776,-0.330268836503253,3.68754577071452,-0.3635715938124144,5.197994017886431,-0.4196980686474895,2.622317481509403,-0.5374915030768168,1.7281570816464529,-0.5831600717095272,0.8735412908784831,-0.3985739432961744,1.728931210862126,-0.5043124402301449,2.387901821515027,-0.5294389037737843,2.184635821430286,-0.546377876298769,0.931373149747216,-0.0936196738414912
2022-06-12 00:00:00+00:00,2.847815488319614,-0.6064538562502657,1.9229590522515032,-0.3520653111673089,3.68754577071452,-0.3635715938124144,5.197994017886431,-0.4196980686474895,2.622317481509403,-0.5374915030768168,1.7281570816464529,-0.5831600717095272,0.8735412908784831,-0.3985739432961744,1.728931210862126,-0.5043124402301449,2.2724828400724792,-0.552183424483794,2.0733304135386557,-0.56948955240146,0.8710818002209612,-0.1522931422177004
2022-06-13 00:00:00+00:00,2.409826043591114,-0.6669806206010338,1.7750850465468273,-0.4018909680165903,3.68754577071452,-0.3635715938124144,5.197994017886431,-0.4196980686474895,2.622317481509403,-0.5374915030768168,1.7281570816464529,-0.5831600717095272,0.8735412908784831,-0.3985739432961744,1.728931210862126,-0.5043124402301449,2.0363065312014856,-0.598724442964397,1.837521527744412,-0.618453378093732,0.7372086446599473,-0.2825738942816754
2022-06-14 00:00:00+00:00,2.372211710001764,-0.6721786314955315,1.7612316314283691,-0.406558830394387,3.68754577071452,-0.3635715938124144,5.197994017886431,-0.4196980686474895,2.622317481509403,-0.5374915030768168,1.7281570816464529,-0.5831600717095272,0.8735412908784831,-0.3985739432961744,1.728931210862126,-0.5043124402301449,2.0184324588360054,-0.6022467163721833,1.8199400503377656,-0.6221040310038297,0.7305351608622104,-0.2890682992608698
2022-06-15 00:00:00+00:00,2.42014694520932,-0.6655543515718341,1.7790262178372365,-0.4005630033931638,3.68754577071452,-0.3635715938124144,5.197994017886431,-0.4196980686474895,2.622317481509403,-0.5374915030768168,1.7281570816464529,-0.5831600717095272,0.8735412908784831,-0.3985739432961744,1.728931210862126,-0.5043124402301449,2.040690020696062,-0.5978606303891566,1.8420390278875036,-0.6175153553859527,0.7379161284794976,-0.2818853953537323
2022-06-16 00:00:00+00:00,2.1862725925918474,-0.6978739839258534,1.6930668495828,-0.4295267280533333,3.68754577071452,-0.3635715938124144,5.197994017886431,-0.4196980686474895,2.622317481509403,-0.5374915030768168,1.7281570816464529,-0.5831600717095272,0.8735412908784831,-0.3985739432961744,1.728931210862126,-0.5043124402301449,1.9329913378105363,-0.619083785304537,1.734276863247033,-0.6398913054181407,0.7022613077506933,-0.3165834409760137
2022-06-17 00:00:00+00:00,2.193506118282107,-0.6968743664461423,1.6958676994386876,-0.4285829909634994,3.68754577071452,-0.3635715938124144,5.197994017886431,-0.4196980686474895,2.622317481509403,-0.5374915030768168,1.7281570816464529,-0.5831600717095272,0.8735412908784831,-0.3985739432961744,1.728931210862126,-0.5043124402301449,1.936153937025463,-0.6184605619625674,1.7374099234710167,-0.639240750566597,0.7034230617559022,-0.3154528619224486
2022-06-18 00:00:00+00:00,2.032973286363253,-0.7190587661047619,1.633811240584628,-0.4494927094052861,3.68754577071452,-0.3635715938124144,5.197994017886431,-0.4196980686474895,2.622317481509403,-0.5374915030768168,1.7281570816464529,-0.5831600717095272,0.8735412908784831,-0.3985739432961744,1.728931210862126,-0.5043124402301449,1.863823692235228,-0.632713995236976,1.6635542585526504,-0.6545762876107994,0.677682879073663,-0.3405023226903907
2022-06-19 00:00:00+00:00,2.2047786303911203,-0.6953165921840563,1.7028474409489165,-0.4262311901603218,3.68754577071452,-0.3635715938124144,5.197994017886431,-0.4196980686474895,2.622317481509403,-0.5374915030768168,1.7281570816464529,-0.5831600717095272,0.8735412908784831,-0.3985739432961744,1.728931210862126,-0.5043124402301449,1.9430539783233791,-0.61710083646301,1.7458147876239951,-0.6374955478700679,0.7063181643875316,-0.3126354475829535
2022-06-20 00:00:00+00:00,2.2047668424233287,-0.6953182211903195,1.7028428887661002,-0.4262327240032568,3.68754577071452,-0.3635715938124144,5.197994017886431,-0.4196980686474895,2.622317481509403,-0.5374915030768168,1.7281570816464529,-0.5831600717095272,0.8735412908784831,-0.3985739432961744,1.728931210862126,-0.5043124402301449,1.9427223890725456,-0.6171661796023146,1.7456353021840283,-0.6375328165835314,0.706316276203441,-0.3126372850987894
2022-06-21 00:00:00+00:00,2.220801693520122,-0.6931023283978872,1.7090351154535686,-0.4241462737134138,3.68754577071452,-0.3635715938124144,5.197994017886431,-0.4196980686474895,2.622317481509403,-0.5374915030768168,1.7281570816464529,-0.5831600717095272,0.8735412908784831,-0.3985739432961744,1.728931210862126,-0.5043124402301449,1.9491119229023444,-0.6159070549531207,1.7525667868428787,-0.6360935493333535,0.7088847283633708,-0.3101377557672089
2022-06-22 00:00:00+00:00,2.141979839431876,-0.7039949009142117,1.6787061318043248,-0.4343655243835599,3.68754577071452,-0.3635715938124144,5.197994017886431,-0.4196980686474895,2.622317481509403,-0.5374915030768168,1.7281570816464529,-0.5831600717095272,0.8735412908784831,-0.3985739432961744,1.728931210862126,-0.5043124402301449,1.9175235208358383,-0.6221318808527964,1.7182358033106704,-0.643222102983287,0.6963046747708076,-0.3223802313865819
2022-06-23 00:00:00+00:00,2.2622321137736225,-0.6873769637485374,1.725828010961331,-0.4184879631463311,3.68754577071452,-0.3635715938124144,5.197994017886431,-0.4196980686474895,2.622317481509403,-0.5374915030768168,1.7281570816464529,-0.5831600717095272,0.8735412908784831,-0.3985739432961744,1.728931210862126,-0.5043124402301449,1.9666076233601195,-0.6124593436977923,1.7715130938870167,-0.6321595004848682,0.7158501950641004,-0.3033592030659988
2022-06-24 00:00:00+00:00,2.2759018698780595,-0.6854879088491013,1.731042252206606,-0.416731041814699,3.68754577071452,-0.3635715938124144,5.197994017886431,-0.4196980686474895,2.622317481509403,-0.5374915030768168,1.7281570816464529,-0.5831600717095272,0.8735412908784831,-0.3985739432961744,1.728931210862126,-0.5043124402301449,1.971529303157326,-0.6114894750793336,1.777203670092138,-0.6309778979322007,0.7180129920448419,-0.3012544434072614
2022-06-25 00:00:00+00:00,2.3030677774703676,-0.6817337898697418,1.741373394881124,-0.4132499974803112,3.68754577071452,-0.3635715938124144,5.197994017886431,-0.4196980686474895,2.622317481509403,-0.5374915030768168,1.7281570816464529,-0.5831600717095272,0.8735412908784831,-0.3985739432961744,1.728931210862126,-0.5043124402301449,1.9814862319057351,-0.6095273578496039,1.7885877435702229,-0.6286140862905338,0.7222982107641291,-0.2970842158872795
2022-06-26 00:00:00+00:00,2.254509923236732,-0.6884441109424335,1.7230158466790808,-0.4194355125946841,3.68754577071452,-0.3635715938124144,5.197994017886431,-0.4196980686474895,2.622317481509403,-0.5374915030768168,1.7281570816464529,-0.5831600717095272,0.8735412908784831,-0.3985739432961744,1.728931210862126,-0.5043124402301449,1.9639333627598423,-0.6129863347944626,1.768401544681551,-0.6328055887457757,0.7146837472266664,-0.3044943499956986
2022-06-27 00:00:00+00:00,2.2228420835814937,-0.6928203622228695,1.7109147268317724,-0.4235129448798971,3.68754577071452,-0.3635715938124144,5.197994017886431,-0.4196980686474895,2.622317481509403,-0.5374915030768168,1.7281570816464529,-0.5831600717095272,0.8735412908784831,-0.3985739432961744,1.728931210862126,-0.5043124402301449,1.952026695704483,-0.6153326684047848,1.7551128221264636,-0.6355648855070861,0.7096643658337355,-0.3093790393871346
2022-06-28 00:00:00+00:00,2.173410848097849,-0.6996513778505189,1.6918911917414632,-0.4299228620722602,3.68754577071452,-0.3635715938124144,5.197994017886431,-0.4196980686474895,2.622317481509403,-0.5374915030768168,1.7281570816464529,-0.5831600717095272,0.8735412908784831,-0.3985739432961744,1.728931210862126,-0.5043124402301449,1.92663046548128,-0.6203372619044714,1.7341440472083212,-0.639918883604377,0.7017736599101062,-0.3170580030877965
2022-06-29 00:00:00+00:00,2.156449034079267,-0.7019953697718325,1.685289231564649,-0.43214737070537,3.68754577071452,-0.3635715938124144,5.197994017886431,-0.4196980686474895,2.622317481509403,-0.5374915030768168,1.7281570816464529,-0.5831600717095272,0.8735412908784831,-0.3985739432961744,1.728931210862126,-0.5043124402301449,1.9180891119375392,-0.6220204251947645,1.7268397823264283,-0.6414355556809299,0.6990352558213501,-0.3197229237930952
2022-06-30 00:00:00+00:00,2.1370739015637272,-0.7046728637026736,1.6777182893182632,-0.4346983746400813,3.68754577071452,-0.3635715938124144,5.197994017886431,-0.4196980686474895,2.622317481509403,-0.5374915030768168,1.7281570816464529,-0.5831600717095272,0.8735412908784831,-0.3985739432961744,1.728931210862126,-0.5043124402301449,1.9081493584108689,-0.6239791578669316,1.717790778162718,-0.6433145088894496,0.6958949310313347,-0.322778979905718
2022-07-01 00:00:00+00:00,2.0660878311565445,-0.7144825913283837,1.6498543421422154,-0.4440870394283535,3.68754577071452,-0.3635715938124144,5.197994017886431,-0.4196980686474895,2.622317481509403,-0.5374915030768168,1.7281570816464529,-0.5831600717095272,0.8735412908784831,-0.3985739432961744,1.728931210862126,-0.5043124402301449,1.863503263327048,-0.6327771391137206,1.6849909181123304,-0.6501251370166672,0.6843373413393617,-0.3340264288121631
2022-07-02 00:00:00+00:00,2.0631954925138767,-0.7148822902287895,1.6486995176965673,-0.444476153703549,3.68754577071452,-0.3635715938124144,5.197994017886431,-0.4196980686474895,2.622317481509403,-0.5374915030768168,1.7281570816464529,-0.5831600717095272,0.8735412908784831,-0.3985739432961744,1.728931210862126,-0.5043124402301449,1.8616548141555755,-0.6331413954079324,1.6835703280501062,-0.6504201111604643,0.6838583357258876,-0.3344925806056632
2022-07-03 00:00:00+00:00,2.06994892642499,-0.7139490177314355,1.651397852215145,-0.4435669588173583,3.68754577071452,-0.3635715938124144,5.197994017886431,-0.4196980686474895,2.622317481509403,-0.5374915030768168,1.7281570816464529,-0.5831600717095272,0.8735412908784831,-0.3985739432961744,1.728931210862126,-0.5043124402301449,1.865955107922942,-0.6322939774232252,1.6867994185364363,-0.6497496163943968,0.6830035128145912,-0.3353244648717696
2022-07-04 00:00:00+00:00,2.1686335062419713,-0.7003115696615636,1.6907629546763874,-0.43030301781756,3.68754577071452,-0.3635715938124144,5.197994017886431,-0.4196980686474895,2.622317481509403,-0.5374915030768168,1.7281570816464529,-0.5831600717095272,0.8735412908784831,-0.3985739432961744,1.728931210862126,-0.5043124402301449,1.9539518510807523,-0.614953296348488,1.7341942186941774,-0.6399084658973431,0.6864655917514705,-0.3319552886862129
2022-07-05 00:00:00+00:00,2.1621094018860756,-0.7012131505825236,1.688219713984578,-0.4311599543520872,3.68754577071452,-0.3635715938124144,5.197994017886431,-0.4196980686474895,2.622317481509403,-0.5374915030768168,1.7281570816464529,-0.5831600717095272,0.8735412908784831,-0.3985739432961744,1.728931210862126,-0.5043124402301449,1.94809497329599,-0.616107455537961,1.7311336061573492,-0.6405439775671433,0.6862408975050643,-0.332173953401208
2022-07-06 00:00:00+00:00,2.2037616502607436,-0.6954571309971294,1.7044811822471355,-0.4256807064365757,3.68754577071452,-0.3635715938124144,5.197994017886431,-0.4196980686474895,2.622317481509403,-0.5374915030768168,1.7281570816464529,-0.5831600717095272,0.8735412908784831,-0.3985739432961744,1.728931210862126,-0.5043124402301449,1.9849356547303785,-0.6088476129073759,1.750261311118868,-0.6365722628945834,0.6879121528972498,-0.330547545115899
2022-07-07 00:00:00+00:00,2.317405161205182,-0.6797524739792149,1.7484294980430777,-0.4108724668712955,3.68754577071452,-0.3635715938124144,5.197994017886431,-0.4196980686474895,2.622317481509403,-0.5374915030768168,1.7281570816464529,-0.5831600717095272,0.8735412908784831,-0.3985739432961744,1.728931210862126,-0.5043124402301449,2.0872060430292145,-0.5886941603676696,1.8031846450515632,-0.6255831566571048,0.7196551413295551,-0.2996563601849962
2022-07-08 00:00:00+00:00,2.3141656133293815,-0.6802001545186469,1.7472074154393975,-0.4112842435602561,3.68754577071452,-0.3635715938124144,5.197994017886431,-0.4196980686474895,2.622317481509403,-0.5374915030768168,1.7281570816464529,-0.5831600717095272,0.8735412908784831,-0.3985739432961744,1.728931210862126,-0.5043124402301449,2.0842882951894124,-0.5892691331783768,1.8016662786945803,-0.6258984332650661,0.7185406511910966,-0.3007409436685019
2022-07-09 00:00:00+00:00,2.3138526963661885,-0.6802433972303618,1.74708928844897,-0.4113240460587524,3.68754577071452,-0.3635715938124144,5.197994017886431,-0.4196980686474895,2.622317481509403,-0.5374915030768168,1.7281570816464529,-0.5831600717095272,0.8735412908784831,-0.3985739432961744,1.728931210862126,-0.5043124402301449,2.0840064617890746,-0.5893246714055439,1.801521886210899,-0.6259284152073429,0.7184427010694617,-0.3008362653590818
2022-07-10 00:00:00+00:00,2.2356920401077036,-0.6910445973044668,1.7175814365572326,-0.4212666191006528,3.68754577071452,-0.3635715938124144,5.197994017886431,-0.4196980686474895,2.622317481509403,-0.5374915030768168,1.7281570816464529,-0.5831600717095272,0.8735412908784831,-0.3985739432961744,1.728931210862126,-0.5043124402301449,2.0136098834087113,-0.603197055435228,1.7669190557426264,-0.6331134156953486,0.6999359695761593,-0.3188463801359358
2022-07-11 00:00:00+00:00,2.1393671971159,-0.7043559479387352,1.680580418699236,-0.4337339896170677,3.68754577071452,-0.3635715938124144,5.197994017886431,-0.4196980686474895,2.622317481509403,-0.5374915030768168,1.7281570816464529,-0.5831600717095272,0.8735412908784831,-0.3985739432961744,1.728931210862126,-0.5043124402301449,1.926853455248443,-0.6202933194323237,1.7236322978453789,-0.6421015641331211,0.6825833201642442,-0.335733381911706
2022-07-12 00:00:00+00:00,2.0713334768237783,-0.7137576835412448,1.6538584659908984,-0.4427378631487514,3.68754577071452,-0.3635715938124144,5.197994017886431,-0.4196980686474895,2.622317481509403,-0.5374915030768168,1.7281570816464529,-0.5831600717095272,0.8735412908784831,-0.3985739432961744,1.728931210862126,-0.5043124402301449,1.8687206137656671,-0.6317490054946275,1.6926769096529877,-0.6485292024580458,0.6700190986827861,-0.3479604502649032
2022-07-13 00:00:00+00:00,2.168436325689823,-0.700338818493603,1.6926244036020648,-0.4296758087623153,3.68754577071452,-0.3635715938124144,5.197994017886431,-0.4196980686474895,2.622317481509403,-0.5374915030768168,1.7281570816464529,-0.5831600717095272,0.8735412908784831,-0.3985739432961744,1.728931210862126,-0.5043124402301449,1.9494885880990616,-0.6158328291259612,1.7383605552926575,-0.6390433594858684,0.6874287094396777,-0.3310180156666898
2022-07-14 00:00:00+00:00,2.2063689344095447,-0.6950968244299979,1.7074290023008214,-0.4246874482249755,3.68754577071452,-0.3635715938124144,5.197994017886431,-0.4196980686474895,2.622317481509403,-0.5374915030768168,1.7281570816464529,-0.5831600717095272,0.8735412908784831,-0.3985739432961744,1.728931210862126,-0.5043124402301449,1.9776160025625444,-0.6102900271293749,1.7590467869452096,-0.6347480292337705,0.6942045130492502,-0.3244240365646541
2022-07-15 00:00:00+00:00,2.2322167328760725,-0.6915248579691635,1.7174303398058717,-0.4213175306509855,3.68754577071452,-0.3635715938124144,5.197994017886431,-0.4196980686474895,2.622317481509403,-0.5374915030768168,1.7281570816464529,-0.5831600717095272,0.8735412908784831,-0.3985739432961744,1.728931210862126,-0.5043124402301449,1.9968896671328829,-0.6064919493998807,1.773376897455437,-0.6317724966078031,0.698469634140823,-0.3202733673649521
2022-07-16 00:00:00+00:00,2.271391364747647,-0.6861112258820051,1.7325004941363344,-0.4162396920223697,3.68754577071452,-0.3635715938124144,5.197994017886431,-0.4196980686474895,2.622317481509403,-0.5374915030768168,1.7281570816464529,-0.5831600717095272,0.8735412908784831,-0.3985739432961744,1.728931210862126,-0.5043124402301449,2.0275127039704772,-0.6004573588424968,1.7950997827302313,-0.6272619135373403,0.7047741890910054,-0.3141379912554072
2022-07-17 00:00:00+00:00,2.2288003654833988,-0.6919969736025441,1.7162573824435885,-0.4217127547524324,3.609181508605537,-0.3770963730387947,5.197994017886431,-0.4196980686474895,2.622317481509403,-0.5374915030768168,1.7281570816464529,-0.5831600717095272,0.8735412908784831,-0.3985739432961744,1.728931210862126,-0.5043124402301449,1.994101780074499,-0.6070413317817391,1.768046982640826,-0.6328792107125676,0.697996344165318,-0.3207339568960999
2022-07-18 00:00:00+00:00,2.4039502774637556,-0.6677926061775157,1.7836932852112717,-0.3989904504866336,3.892808446820027,-0.3281455934516613,5.197994017886431,-0.4196980686474895,2.622317481509403,-0.5374915030768168,1.7281570816464529,-0.5831600717095272,0.8735412908784831,-0.3985739432961744,1.728931210862126,-0.5043124402301449,2.128059681415143,-0.5806435224852818,1.8772781656534625,-0.6101982307860598,0.7259405200009916,-0.2935396457705936
2022-07-19 00:00:00+00:00,2.50726002718876,-0.6535159952865426,1.8220203896877751,-0.3860762594726518,4.060101868043638,-0.299272654088964,5.197994017886431,-0.4196980686474895,2.622317481509403,-0.5374915030768168,1.7281570816464529,-0.5831600717095272,0.8735412908784831,-0.3985739432961744,1.728931210862126,-0.5043124402301449,2.196515871824621,-0.5671535122544102,1.94096945423368,-0.5969732450453652,0.7558617147285973,-0.2644213678348166
2022-07-20 00:00:00+00:00,2.488686476483045,-0.6560827167914836,1.8152717103071496,-0.3883502046559346,4.03002500840454,-0.3044635775468522,5.197994017886431,-0.4196980686474895,2.622317481509403,-0.5374915030768168,1.7281570816464529,-0.5831600717095272,0.8735412908784831,-0.3985739432961744,1.728931210862126,-0.5043124402301449,2.1844781325184965,-0.5695256750263209,1.928309656762266,-0.5996019505523776,0.7502416098698304,-0.2698906606486762
2022-07-21 00:00:00+00:00,2.481066091122536,-0.6571357952949244,1.8124925193368753,-0.3892866438559388,4.017685027508301,-0.3065933177216182,5.197994017886431,-0.4196980686474895,2.622317481509403,-0.5374915030768168,1.7281570816464529,-0.5831600717095272,0.8735412908784831,-0.3985739432961744,1.728931210862126,-0.5043124402301449,2.1795856937973337,-0.5704897813840895,1.9232483344072355,-0.6006528935850348,0.7479458717182821,-0.2721247940839589
2022-07-22 00:00:00+00:00,2.430982230876615,-0.6640569986329656,1.794198645110781,-0.3954507042348378,3.936582320833198,-0.3205907212946547,5.197994017886431,-0.4196980686474895,2.622317481509403,-0.5374915030768168,1.7281570816464529,-0.5831600717095272,0.8735412908784831,-0.3985739432961744,1.728931210862126,-0.5043124402301449,2.1454361730746765,-0.5772193025738083,1.8900552380369728,-0.6075451740832281,0.7328840568181961,-0.2867824344780203
2022-07-23 00:00:00+00:00,2.40593172768617,-0.667518785033814,1.7849543202628295,-0.3985655488992693,3.89601708480022,-0.3275918190763071,5.197994017886431,-0.4196980686474895,2.622317481509403,-0.5374915030768168,1.7281570816464529,-0.5831600717095272,0.8735412908784831,-0.3985739432961744,1.728931210862126,-0.5043124402301449,2.1286400437154462,-0.5805291560076576,1.87301892607218,-0.6110826277575189,0.7253467854085531,-0.2941174478617233
2022-07-24 00:00:00+00:00,2.4197140053013437,-0.6656141805291378,1.7900668377314624,-0.396842903057533,3.918335253033456,-0.323739957398953,5.197994017886431,-0.4196980686474895,2.622317481509403,-0.5374915030768168,1.7281570816464529,-0.5831600717095272,0.8735412908784831,-0.3985739432961744,1.728931210862126,-0.5043124402301449,2.137784349631638,-0.5787271746291178,1.8826421691896504,-0.6090844384313994,0.7294940745698391,-0.2900814486451899
2022-07-25 00:00:00+00:00,2.283747298260047,-0.68440373113518,1.7397738087253622,-0.413788972741839,3.698159174260693,-0.361739841225976,5.197994017886431,-0.4196980686474895,2.622317481509403,-0.5374915030768168,1.7281570816464529,-0.5831600717095272,0.8735412908784831,-0.3985739432961744,1.728931210862126,-0.5043124402301449,2.0426882587675763,-0.5974668566213321,1.7856226824035724,-0.6292297574839318,0.6886338478340429,-0.3298452164172727
2022-07-26 00:00:00+00:00,2.2777215034517013,-0.6852364495186489,1.7374785635394567,-0.414562348011366,3.6889137763250415,-0.363335491622911,5.197994017886431,-0.4196980686474895,2.622317481509403,-0.5374915030768168,1.7281570816464529,-0.5831600717095272,0.8735412908784831,-0.3985739432961744,1.728931210862126,-0.5043124402301449,2.03844120243614,-0.59830378361098,1.7813156821856375,-0.6301240715689046,0.6868144782219339,-0.3316157643688362
2022-07-27 00:00:00+00:00,2.459661284879982,-0.6600937744859984,1.806871698215413,-0.3911805609313205,3.9743544544787617,-0.3140716811771696,5.197994017886431,-0.4196980686474895,2.622317481509403,-0.5374915030768168,1.7281570816464529,-0.5831600717095272,0.8735412908784831,-0.3985739432961744,1.728931210862126,-0.5043124402301449,2.166526069870402,-0.5730633172371926,1.904814795090799,-0.604480470323467,0.7416358758677195,-0.2782654650906806
2022-07-28 00:00:00+00:00,2.5550880990527576,-0.6469065245106925,1.8419220547095312,-0.379370459305963,4.1285464102231035,-0.2874599055564689,5.197994017886431,-0.4196980686474895,2.622317481509403,-0.5374915030768168,1.7281570816464529,-0.5831600717095272,0.8735412908784831,-0.3985739432961744,1.728931210862126,-0.5043124402301449,2.225236112396059,-0.5614938876561921,1.9625627120017093,-0.5924895780880284,0.7703529585526947,-0.2503189875941013
2022-07-29 00:00:00+00:00,2.547674538945318,-0.6479310213587877,1.8392498963853487,-0.3802708342100794,4.116567478075954,-0.2895273328287716,5.197994017886431,-0.4196980686474895,2.622317481509403,-0.5374915030768168,1.7281570816464529,-0.5831600717095272,0.8735412908784831,-0.3985739432961744,1.728931210862126,-0.5043124402301449,2.2207043010654353,-0.5623869286046996,1.958087000719668,-0.593418923673648,0.7681198412299316,-0.252492180591887
2022-07-30 00:00:00+00:00,2.5337175850801414,-0.6498597647744554,1.8342119047663312,-0.3819683688134231,4.094015640509537,-0.2934195231720023,5.197994017886431,-0.4196980686474895,2.622317481509403,-0.5374915030768168,1.7281570816464529,-0.5831600717095272,0.8735412908784831,-0.3985739432961744,1.728931210862126,-0.5043124402301449,2.212337545744702,-0.5640356854841105,1.9496806208458697,-0.5951644410974608,0.7639169073582904,-0.2565823313273196
2022-07-31 00:00:00+00:00,2.496190053799075,-0.6550457802591966,1.8206284168043048,-0.3865452801291547,4.033378140529625,-0.3038848651275917,5.197994017886431,-0.4196980686474895,2.622317481509403,-0.5374915030768168,1.7281570816464529,-0.5831600717095272,0.8735412908784831,-0.3985739432961744,1.728931210862126,-0.5043124402301449,2.1899267400986635,-0.5684519697622563,1.9270298850828225,-0.5998676848873121,0.7526105169833115,-0.2675853216953909
2022-08-01 00:00:00+00:00,2.4934777495735867,-0.6554205997912186,1.819639289766396,-0.3868785632111698,4.028995562145059,-0.3046412482478862,5.197994017886431,-0.4196980686474895,2.622317481509403,-0.5374915030768168,1.7281570816464529,-0.5831600717095272,0.8735412908784831,-0.3985739432961744,1.728931210862126,-0.5043124402301449,2.1882719637914967,-0.5687780607874793,1.9252910374656331,-0.6002287426623265,0.7517931704773183,-0.2683807352123982
2022-08-02 00:00:00+00:00,2.4634484374413717,-0.6595704192010652,1.8086822005744467,-0.3905705181531044,3.980473787553064,-0.3130155539756203,5.197994017886431,-0.4196980686474895,2.622317481509403,-0.5374915030768168,1.7281570816464529,-0.5831600717095272,0.8735412908784831,-0.3985739432961744,1.728931210862126,-0.5043124402301449,2.1663112424214632,-0.5731056512389348,1.9067816335978345,-0.6040720720669764,0.7427487246176478,-0.277182478950057
2022-08-03 00:00:00+00:00,2.445292823775538,-0.6620793850294007,1.8020172071492129,-0.3928162656306675,3.951137697868616,-0.3180786289752376,5.197994017886431,-0.4196980686474895,2.622317481509403,-0.5374915030768168,1.7281570816464529,-0.5831600717095272,0.8735412908784831,-0.3985739432961744,1.728931210862126,-0.5043124402301449,2.152312239481682,-0.5758643015779332,1.89560324106458,-0.6063931757084892,0.7372840492856982,-0.2825005130925134
2022-08-04 00:00:00+00:00,2.4243541780774667,-0.6649729444273378,1.7943020166666128,-0.3954158735311972,3.917304746838962,-0.3239178110326994,5.197994017886431,-0.4196980686474895,2.622317481509403,-0.5374915030768168,1.7281570816464529,-0.5831600717095272,0.8735412908784831,-0.3985739432961744,1.728931210862126,-0.5043124402301449,2.13647261295407,-0.5789856660978187,1.882269326648166,-0.6091618561976995,0.7309835743676689,-0.2886319186550495
2022-08-05 00:00:00+00:00,2.4982368736610603,-0.6547629255353078,1.8216428794170247,-0.386203460309052,4.0366854201481654,-0.3033140663287916,5.197994017886431,-0.4196980686474895,2.622317481509403,-0.5374915030768168,1.7281570816464529,-0.5831600717095272,0.8735412908784831,-0.3985739432961744,1.728931210862126,-0.5043124402301449,2.1922990551061896,-0.567984480211188,1.9289392958433773,-0.5994712110422327,0.7532171010788185,-0.2669950149096763
2022-08-06 00:00:00+00:00,2.4598498923646472,-0.6600677103857866,1.8076475349646692,-0.3909191453062057,3.9746592090404698,-0.3140190840103691,5.197994017886431,-0.4196980686474895,2.622317481509403,-0.5374915030768168,1.7281570816464529,-0.5831600717095272,0.8735412908784831,-0.3985739432961744,1.728931210862126,-0.5043124402301449,2.1638595189819636,-0.573588789054292,1.904973049282299,-0.6044476101086299,0.7416483863054165,-0.2782532903628572
2022-08-07 00:00:00+00:00,2.483445117349556,-0.6568070322127082,1.816317139238755,-0.3879979508371632,4.012784697334187,-0.3074390589046218,5.197994017886431,-0.4196980686474895,2.622317481509403,-0.5374915030768168,1.7281570816464529,-0.5831600717095272,0.8735412908784831,-0.3985739432961744,1.728931210862126,-0.5043124402301449,2.18119689532086,-0.5701722772269584,1.9200961347352752,-0.6013074225895938,0.7487493245216664,-0.2713429014406268
2022-08-08 00:00:00+00:00,2.551559210149347,-0.647394189749313,1.8412254396702128,-0.3796051814380898,4.122844383111141,-0.2884440105012061,5.197994017886431,-0.4196980686474895,2.622317481509403,-0.5374915030768168,1.7281570816464529,-0.5831600717095272,0.8735412908784831,-0.3985739432961744,1.728931210862126,-0.5043124402301449,2.2311556022342307,-0.5603273901049726,1.964026515023876,-0.5921856311193474,0.7685966956214013,-0.2520281222936767
2022-08-09 00:00:00+00:00,2.4808260452329645,-0.6571689677861028,1.8157046322058212,-0.388204333054885,4.008552764670465,-0.3081694422890548,5.197994017886431,-0.4196980686474895,2.622317481509403,-0.5374915030768168,1.7281570816464529,-0.5831600717095272,0.8735412908784831,-0.3985739432961744,1.728931210862126,-0.5043124402301449,2.170443926462835,-0.5722912625084839,1.91901401524436,-0.601532116031289,0.7496947857544337,-0.2704228110764602
2022-08-10 00:00:00+00:00,2.566996089789079,-0.6452609320018703,1.847238352467781,-0.377579150370029,4.147787505050963,-0.2841391117071153,5.197994017886431,-0.4196980686474895,2.622317481509403,-0.5374915030768168,1.7281570816464529,-0.5831600717095272,0.8735412908784831,-0.3985739432961744,1.728931210862126,-0.5043124402301449,2.239232547473645,-0.5587357433413688,1.974443353414984,-0.5900226580934207,0.7690091961913458,-0.2516266909219131
2022-08-11 00:00:00+00:00,2.5648892584547016,-0.6455520798485535,1.8464803030771868,-0.3778345726035077,4.144383258071881,-0.2847266459680789,5.197994017886431,-0.4196980686474895,2.622317481509403,-0.5374915030768168,1.7281570816464529,-0.5831600717095272,0.8735412908784831,-0.3985739432961744,1.728931210862126,-0.5043124402301449,2.236926032955016,-0.55919026621604,1.9729501957716504,-0.59033270031398,0.7683288335059512,-0.2522887964945951
2022-08-12 00:00:00+00:00,2.615179943953694,-0.6386022948551664,1.864582597337268,-0.3717350644601438,4.225643637767397,-0.2707020298273023,5.197994017886431,-0.4196980686474895,2.622317481509403,-0.5374915030768168,1.7281570816464529,-0.5831600717095272,0.8735412908784831,-0.3985739432961744,1.728931210862126,-0.5043124402301449,2.280786228180608,-0.5505471547781686,2.006789069572595,-0.5833063293066636,0.7793198246809854,-0.2415927417836164
2022-08-13 00:00:00+00:00,2.619220002005883,-0.638043989981313,1.86602284659311,-0.3712497772397358,4.23217161900399,-0.2695753746066343,5.193029148565012,-0.4202523446328442,2.622317481509403,-0.5374915030768168,1.7281570816464529,-0.5831600717095272,0.8735412908784831,-0.3985739432961744,1.728931210862126,-0.5043124402301449,2.284309698444208,-0.5498528180115472,2.009461765569324,-0.5827513653981939,0.7801187995813672,-0.2408152068815237
2022-08-14 00:00:00+00:00,2.6046307844137058,-0.6400601073692814,1.860825915193672,-0.3730008660760981,4.208598161031846,-0.2736438849976619,5.164103654657318,-0.4234815749709709,2.622317481509403,-0.5374915030768168,1.7281570816464529,-0.5831600717095272,0.8735412908784831,-0.3985739432961744,1.728931210862126,-0.5043124402301449,2.2715859519803754,-0.5523601656881476,1.9993237746921817,-0.58485643797214,0.7771895344675559,-0.243665866974078
2022-08-15 00:00:00+00:00,2.5820814736619364,-0.6431762482593675,1.8527709651278623,-0.3757149548437932,4.172162675307602,-0.2799322349056978,5.11939598293661,-0.4284727212009448,2.622317481509403,-0.5374915030768168,1.7281570816464529,-0.5831600717095272,0.8735412908784831,-0.3985739432961744,1.728931210862126,-0.5043124402301449,2.2519199410290036,-0.5562355593866217,1.9836823873071627,-0.5881042467344172,0.7735326043820858,-0.2472246655979236
2022-08-16 00:00:00+00:00,2.5563536981401955,-0.6467316284746125,1.8435404904177817,-0.3788251327501046,4.130591382594569,-0.2871069666133362,5.068386488465043,-0.4341674003516533,2.622317481509403,-0.5374915030768168,1.7281570816464529,-0.5831600717095272,0.8735412908784831,-0.3985739432961744,1.728931210862126,-0.5043124402301449,2.229481884241601,-0.5606572137879603,1.965841046128288,-0.591808858274633,0.7696709377409321,-0.2509827067983537
2022-08-17 00:00:00+00:00,2.501477493170297,-0.6543150969043972,1.8237532235196068,-0.385492386847641,4.041921657617519,-0.3024103513719479,4.959585497424555,-0.4463138986001326,2.622317481509403,-0.5374915030768168,1.7281570816464529,-0.5831600717095272,0.8735412908784831,-0.3985739432961744,1.728931210862126,-0.5043124402301449,2.181622503536448,-0.5700884066646574,1.9274588654127465,-0.5997786105590523,0.7614090133628476,-0.259022927535378
2022-08-18 00:00:00+00:00,2.4852465331547906,-0.6565580904373903,1.817836467176622,-0.3874860183165493,4.015695449710505,-0.3069366961921699,4.927404982460112,-0.4499065181609718,2.622317481509403,-0.5374915030768168,1.7281570816464529,-0.5831600717095272,0.8735412908784831,-0.3985739432961744,1.728931210862126,-0.5043124402301449,2.167466938387248,-0.572877909228914,1.9145129839109696,-0.6024667191226918,0.75893879293398,-0.2614268611237663
2022-08-19 00:00:00+00:00,2.2326828934205576,-0.6914604381760263,1.7254674831609924,-0.4186094417955278,4.0056562110862295,-0.3086693544516893,4.426656537502032,-0.5058098702485327,2.622317481509403,-0.5374915030768168,1.7281570816464529,-0.5831600717095272,0.8735412908784831,-0.3985739432961744,1.728931210862126,-0.5043124402301449,1.94719770889242,-0.6162842708984353,1.719950246941291,-0.6428661125005442,0.7203751431320158,-0.2989556791864876
2022-08-20 00:00:00+00:00,2.2654405842797956,-0.6869335778619805,1.7381254227563596,-0.4143443909389407,4.0056562110862295,-0.3086693544516893,4.4916039811461035,-0.4985591641389501,2.622317481509403,-0.5374915030768168,1.7281570816464529,-0.5831600717095272,0.8735412908784831,-0.3985739432961744,1.728931210862126,-0.5043124402301449,1.9692915324372708,-0.6119304512675691,1.7408675184670137,-0.6385228086700131,0.7293125760328818,-0.2902580767809368
2022-08-21 00:00:00+00:00,2.305684706320094,-0.6813721504793033,1.753563773274166,-0.4091424898235046,4.0056562110862295,-0.3086693544516893,4.571394490783944,-0.489651384197859,2.622317481509403,-0.5374915030768168,1.7281570816464529,-0.5831600717095272,0.8735412908784831,-0.3985739432961744,1.728931210862126,-0.5043124402301449,1.9970804221008536,-0.6064543591329652,1.767103624003978,-0.6330750915747512,0.7415013387127974,-0.2783963920240926
2022-08-22 00:00:00+00:00,2.293277334402786,-0.6830867536170953,1.748845626457281,-0.4107322537792612,4.0056562110862295,-0.3086693544516893,4.546794860369424,-0.4923976769005791,2.622317481509403,-0.5374915030768168,1.7281570816464529,-0.5831600717095272,0.8735412908784831,-0.3985739432961744,1.728931210862126,-0.5043124402301449,1.988576922982641,-0.6081300628117228,1.759034241789395,-0.6347506341348561,0.7375589099383606,-0.2822330281558091
2022-08-23 00:00:00+00:00,2.3071324830915807,-0.6811720788918827,1.7541285714863923,-0.4089521829350331,4.0056562110862295,-0.3086693544516893,4.574264943426025,-0.4893309280360544,2.622317481509403,-0.5374915030768168,1.7281570816464529,-0.5831600717095272,0.8735412908784831,-0.3985739432961744,1.728931210862126,-0.5043124402301449,1.9982637925014393,-0.6062211635853408,1.768054724909801,-0.6328776030924506,0.7419086803665166,-0.2779999811322217
2022-08-24 00:00:00+00:00,2.289874898244775,-0.6835569440612556,1.7475680417213078,-0.41116273172802,4.0056562110862295,-0.3086693544516893,4.540048977957427,-0.4931507844607048,2.622317481509403,-0.5374915030768168,1.7281570816464529,-0.5831600717095272,0.8735412908784831,-0.3985739432961744,1.728931210862126,-0.5043124402301449,1.985801896482633,-0.6086769108856825,1.7568243646311614,-0.6352094974198956,0.7364435131546905,-0.2833184939552617
2022-08-25 00:00:00+00:00,2.310338810330878,-0.6807289891882833,1.755376782451572,-0.408531602381134,4.0314393958244725,-0.3042194703852414,4.528698855512533,-0.494417907499553,2.622317481509403,-0.5374915030768168,1.7281570816464529,-0.5831600717095272,0.8735412908784831,-0.3985739432961744,1.728931210862126,-0.5043124402301449,2.001297399915095,-0.6056233594305687,1.7707406942621038,-0.6323198830780501,0.7429128933497486,-0.2770227155845499
2022-08-26 00:00:00+00:00,2.169098595153023,-0.7002472979599046,1.7017201946465643,-0.4266110120714006,3.784981445502812,-0.346755305943177,4.2405197063476425,-0.5265901101339662,2.622317481509403,-0.5374915030768168,1.7281570816464529,-0.5831600717095272,0.8735412908784831,-0.3985739432961744,1.728931210862126,-0.5043124402301449,1.8934466562372945,-0.6268764795197519,1.67333056984329,-0.6525463149049959,0.6986691367125254,-0.3200792183216194
2022-08-27 00:00:00+00:00,2.1472962129058626,-0.7032602190894931,1.6931678968754298,-0.4294926805024868,3.775518991889055,-0.3483884176783191,4.229918407081773,-0.5277736348586313,2.622317481509403,-0.5374915030768168,1.7281570816464529,-0.5831600717095272,0.8735412908784831,-0.3985739432961744,1.728931210862126,-0.5043124402301449,1.8775430514511515,-0.6300104516264309,1.6568972027212463,-0.6559585719138474,0.691622232029046,-0.3269370236675794
2022-08-28 00:00:00+00:00,2.0956445529436674,-0.7103980802605442,1.6728039312654022,-0.4363542513224603,3.775518991889055,-0.3483884176783191,4.229918407081773,-0.5277736348586313,2.622317481509403,-0.5374915030768168,1.7281570816464529,-0.5831600717095272,0.8735412908784831,-0.3985739432961744,1.728931210862126,-0.5043124402301449,1.8401595518419027,-0.6373772622709906,1.6168829614649616,-0.6642672084924994,0.6750303510028296,-0.3430836718077011
2022-08-29 00:00:00+00:00,2.1738866533432573,-0.6995856252340751,1.7040314819860265,-0.4258322314513224,3.775518991889055,-0.3483884176783191,4.229918407081773,-0.5277736348586313,2.622317481509403,-0.5374915030768168,1.7281570816464529,-0.5831600717095272,0.8735412908784831,-0.3985739432961744,1.728931210862126,-0.5043124402301449,1.8969347272103712,-0.626189118554566,1.6771142964145502,-0.6517606543999712,0.7001124557973238,-0.3186746298135812
2022-08-30 00:00:00+00:00,2.1230837270620517,-0.7066061979541735,1.6841201895488032,-0.432541275543792,3.775518991889055,-0.3483884176783191,4.120491983873662,-0.5399899560991248,2.622317481509403,-0.5374915030768168,1.7281570816464529,-0.5831600717095272,0.8735412908784831,-0.3985739432961744,1.728931210862126,-0.5043124402301449,1.8630851673931768,-0.6328595293021269,1.6395023889322735,-0.6595704656193966,0.6837556170315957,-0.3345925429071963
2022-08-31 00:00:00+00:00,2.148627181632871,-0.7030762894732261,1.694251266106266,-0.4291276428254489,3.775518991889055,-0.3483884176783191,4.170066853888398,-0.5344554378374438,2.622317481509403,-0.5374915030768168,1.7281570816464529,-0.5831600717095272,0.8735412908784831,-0.3985739432961744,1.728931210862126,-0.5043124402301449,1.8799523441615924,-0.6295356752312122,1.658215161365105,-0.6556849083617291,0.6919446334734892,-0.3266232736668973
2022-09-01 00:00:00+00:00,2.157354564332348,-0.7018702324725199,1.6976921560183882,-0.4279682463568096,3.775518991889055,-0.3483884176783191,4.18700500380449,-0.5325644696916506,2.622317481509403,-0.5374915030768168,1.7281570816464529,-0.5831600717095272,0.8735412908784831,-0.3985739432961744,1.728931210862126,-0.5043124402301449,1.8855734088350484,-0.6284279854883309,1.6645496586323634,-0.6543696007599924,0.6947450347612218,-0.3238980194191894
2022-09-02 00:00:00+00:00,2.13810802782908,-0.7045299554259439,1.6901192946556032,-0.4305198969314404,3.775518991889055,-0.3483884176783191,4.14965122525672,-0.5367346302882183,2.622317481509403,-0.5374915030768168,1.7281570816464529,-0.5831600717095272,0.8735412908784831,-0.3985739432961744,1.728931210862126,-0.5043124402301449,1.8731318463944704,-0.6308797258438413,1.6505332002544386,-0.6572800060338571,0.6885752184617023,-0.3299022725065951
2022-09-03 00:00:00+00:00,2.125252713135694,-0.7063064608017385,1.6850383971706848,-0.4322318885243071,3.775518991889055,-0.3483884176783191,4.139277097193578,-0.5378927937124978,2.622317481509403,-0.5374915030768168,1.7281570816464529,-0.5831600717095272,0.8735412908784831,-0.3985739432961744,1.728931210862126,-0.5043124402301449,1.860644876552311,-0.6333404142040279,1.6411686121532674,-0.6592244877183417,0.6844603100449527,-0.333906759895885
2022-09-04 00:00:00+00:00,2.143299020191097,-0.7038126003042076,1.6921925393881103,-0.4298213239799996,3.775518991889055,-0.3483884176783191,4.139277097193578,-0.5378927937124978,2.622317481509403,-0.5374915030768168,1.7281570816464529,-0.5831600717095272,0.8735412908784831,-0.3985739432961744,1.728931210862126,-0.5043124402301449,1.8764443005717648,-0.6302269720099849,1.6543210060169071,-0.6564934985174629,0.6902286673342942,-0.3282931929139173
2022-09-05 00:00:00+00:00,2.1214955663105015,-0.7068256695252744,1.6835853311446365,-0.4327214943130204,3.775518991889055,-0.3483884176783191,4.139277097193578,-0.5378927937124978,2.622317481509403,-0.5374915030768168,1.7281570816464529,-0.5831600717095272,0.8735412908784831,-0.3985739432961744,1.728931210862126,-0.5043124402301449,1.8573555190337712,-0.6339886165990585,1.6379537761663387,-0.6598920226518241,0.6832407081261753,-0.3350936345499643
2022-09-06 00:00:00+00:00,2.013664595120725,-0.7217270783639367,1.6407988544201273,-0.4471382560481611,3.775518991889055,-0.3483884176783191,4.139277097193578,-0.5378927937124978,2.622317481509403,-0.5374915030768168,1.7281570816464529,-0.5831600717095272,0.8735412908784831,-0.3985739432961744,1.728931210862126,-0.5043124402301449,1.762950207685225,-0.6525921732434284,1.5572877760414523,-0.6766416712331506,0.6487105144910762,-0.3686972317524304
2022-09-07 00:00:00+00:00,2.067485241156563,-0.7142894800404507,1.6627262534948624,-0.4397498914962672,3.775518991889055,-0.3483884176783191,4.139277097193578,-0.5378927937124978,2.622317481509403,-0.5374915030768168,1.7281570816464529,-0.5831600717095272,0.8735412908784831,-0.3985739432961744,1.728931210862126,-0.5043124402301449,1.8100698319446689,-0.6433067571322989,1.5958314122633874,-0.6686383940065075,0.6660187368308347,-0.3518534648757579
2022-09-08 00:00:00+00:00,2.0703711499986177,-0.7138906696889156,1.6638867155628267,-0.4393588776428894,3.775518991889055,-0.3483884176783191,4.139277097193578,-0.5378927937124978,2.622317481509403,-0.5374915030768168,1.7281570816464529,-0.5831600717095272,0.8735412908784831,-0.3985739432961744,1.728931210862126,-0.5043124402301449,1.8123659901145357,-0.6428542750847599,1.597900648867128,-0.6682087336057114,0.6669466500959779,-0.3509504515903356
2022-09-09 00:00:00+00:00,2.2890208063966067,-0.6836749729696008,1.751747353169575,-0.4097545265665021,3.775518991889055,-0.3483884176783191,4.139277097193578,-0.5378927937124978,2.622317481509403,-0.5374915030768168,1.7281570816464529,-0.5831600717095272,0.8735412908784831,-0.3985739432961744,1.728931210862126,-0.5043124402301449,1.9993105665109616,-0.6060148857890831,1.7563405590926426,-0.6353099557634275,0.7100436456029948,-0.3090099373563751
2022-09-10 00:00:00+00:00,2.319908496910733,-0.6794065322854951,1.76356625624648,-0.4057721862881109,3.775518991889055,-0.3483884176783191,4.184783665391624,-0.5328124590057473,2.622317481509403,-0.5374915030768168,1.7281570816464529,-0.5831600717095272,0.8735412908784831,-0.3985739432961744,1.728931210862126,-0.5043124402301449,2.017402333958092,-0.6024497132824554,1.773977893980543,-0.6316477044949113,0.718941084288208,-0.3003512559463864
2022-09-11 00:00:00+00:00,2.3390403686363923,-0.6767626551202681,1.770838164478882,-0.403321940874791,3.775518991889055,-0.3483884176783191,4.219294830117527,-0.5289596466564537,2.622317481509403,-0.5374915030768168,1.7281570816464529,-0.5831600717095272,0.8735412908784831,-0.3985739432961744,1.728931210862126,-0.5043124402301449,2.0293967380469673,-0.600086090169567,1.785251538656631,-0.6293068225091567,0.7248639847914028,-0.2945872928223183
2022-09-12 00:00:00+00:00,2.400002379887029,-0.6683381751842199,1.7939146914070925,-0.3955463814955818,3.775518991889055,-0.3483884176783191,4.329261593561345,-0.5166830020525073,2.622317481509403,-0.5374915030768168,1.7281570816464529,-0.5831600717095272,0.8735412908784831,-0.3985739432961744,1.728931210862126,-0.5043124402301449,2.0686213834041793,-0.5923564624469901,1.8213389120251735,-0.6218135685829623,0.7437371391640385,-0.2762205878979256
2022-09-13 00:00:00+00:00,2.161867212729634,-0.7012466192566589,1.7049159932215423,-0.4255341983177089,3.775518991889055,-0.3483884176783191,3.899699755668771,-0.5646391103717224,2.355567774236095,-0.5845392030733338,1.7281570816464529,-0.5831600717095272,0.8735412908784831,-0.3985739432961744,1.728931210862126,-0.5043124402301449,1.913318125970459,-0.6229605980136474,1.6827491564322707,-0.6505906208671859,0.6699842292230552,-0.3479943840242051
2022-09-14 00:00:00+00:00,2.16756187280638,-0.7004596611400389,1.7071614866042153,-0.424777586753633,3.775518991889055,-0.3483884176783191,3.8899505062795994,-0.5657275125957931,2.3496788548005054,-0.5855778550656505,1.7281570816464529,-0.5831600717095272,0.8735412908784831,-0.3985739432961744,1.728931210862126,-0.5043124402301449,1.9154924639639943,-0.6225321219094015,1.685404172676877,-0.6500393280175836,0.6702203568121297,-0.3477645927732351
2022-09-15 00:00:00+00:00,2.1113193352060997,-0.7082319462048801,1.6850133082050964,-0.4322403421682329,3.775518991889055,-0.3483884176783191,3.8899505062795994,-0.5657275125957931,2.3496788548005054,-0.5855778550656505,1.7281570816464529,-0.5831600717095272,0.8735412908784831,-0.3985739432961744,1.728931210862126,-0.5043124402301449,1.8861223796116655,-0.6283198050396568,1.6556554513181,-0.6562164116430501,0.6626461713690706,-0.3551355296250524
2022-09-16 00:00:00+00:00,2.122187841509894,-0.7067300024301792,1.6893503067483358,-0.4307790048619125,3.775518991889055,-0.3483884176783191,3.8899505062795994,-0.5657275125957931,2.3496788548005054,-0.5855778550656505,1.7281570816464529,-0.5831600717095272,0.8735412908784831,-0.3985739432961744,1.728931210862126,-0.5043124402301449,1.891746545884496,-0.6272115040940918,1.6614127074429794,-0.6550209635393246,0.6645069861511393,-0.3533246486590831
2022-09-17 00:00:00+00:00,2.1554427702832477,-0.7021344276701207,1.7025864640350037,-0.42631912546779,3.775518991889055,-0.3483884176783191,3.8899505062795994,-0.5657275125957931,2.380624396910079,-0.5801198675151371,1.7281570816464529,-0.5831600717095272,0.8735412908784831,-0.3985739432961744,1.728931210862126,-0.5043124402301449,1.9090439079861872,-0.6238028774918349,1.6790664733834224,-0.6513553004944033,0.6732595222886487,-0.3448069814263709
2022-09-18 00:00:00+00:00,2.080702767951179,-0.7124629197449313,1.6730678616283616,-0.4362653208601098,3.775518991889055,-0.3483884176783191,3.8899505062795994,-0.5657275125957931,2.374672835917804,-0.5811695678463491,1.7281570816464529,-0.5831600717095272,0.8735412908784831,-0.3985739432961744,1.728931210862126,-0.5043124402301449,1.870520312150318,-0.6313943560542161,1.6397426683010117,-0.6595205735337412,0.6505732547614854,-0.3668844769674119
2022-09-19 00:00:00+00:00,2.093652386386897,-0.7106733823190307,1.678274177196078,-0.434511070059302,3.775518991889055,-0.3483884176783191,3.8899505062795994,-0.5657275125957931,2.374672835917804,-0.5811695678463491,1.7281570816464529,-0.5831600717095272,0.8735412908784831,-0.3985739432961744,1.728931210862126,-0.5043124402301449,1.8770901245115268,-0.630099705629799,1.6471214641262324,-0.6579884257039931,0.6545222320032031,-0.3630414680924919
2022-09-20 00:00:00+00:00,2.0227081096837023,-0.7204773343770803,1.6498396700197695,-0.4440919831514558,3.775518991889055,-0.3483884176783191,3.8899505062795994,-0.5657275125957931,2.374672835917804,-0.5811695678463491,1.7281570816464529,-0.5831600717095272,0.8735412908784831,-0.3985739432961744,1.728931210862126,-0.5043124402301449,1.8408424949215436,-0.6372426811750174,1.6048369007918823,-0.6667684764709667,0.6324580604325096,-0.3845135612380699
2022-09-21 00:00:00+00:00,1.9783810642537916,-0.7266029902927498,1.6317617976725651,-0.4501832624120977,3.775518991889055,-0.3483884176783191,3.8899505062795994,-0.5657275125957931,2.374672835917804,-0.5811695678463491,1.7281570816464529,-0.5831600717095272,0.8735412908784831,-0.3985739432961744,1.728931210862126,-0.5043124402301449,1.8171453995670075,-0.6419124423297422,1.578377539055234,-0.6722625509272298,0.6187312404800681,-0.3978720304498888
2022-09-22 00:00:00+00:00,2.0791435413023898,-0.7126783928461133,1.6733160673877316,-0.4361816887509,3.775518991889055,-0.3483884176783191,3.8899505062795994,-0.5657275125957931,2.374672835917804,-0.5811695678463491,1.7281570816464529,-0.5831600717095272,0.8735412908784831,-0.3985739432961744,1.728931210862126,-0.5043124402301449,1.8716259818280063,-0.6311764722488982,1.638520423345852,-0.6597743629053169,0.6498970936994893,-0.3675424936646658
2022-09-23 00:00:00+00:00,2.067171252559933,-0.7143328708436443,1.668498356941533,-0.4378050003420589,3.775518991889055,-0.3483884176783191,3.8899505062795994,-0.5657275125957931,2.374672835917804,-0.5811695678463491,1.7281570816464529,-0.5831600717095272,0.8735412908784831,-0.3985739432961744,1.728931210862126,-0.5043124402301449,1.8654514012466503,-0.6323932381062385,1.6316129251339864,-0.6612086495619723,0.646284228158006,-0.371058410189364
2022-09-24 00:00:00+00:00,2.0275840418156545,-0.7198035181500158,1.6525221295242518,-0.4431881372987279,3.775518991889055,-0.3483884176783191,3.8899505062795994,-0.5657275125957931,2.374672835917804,-0.5811695678463491,1.7281570816464529,-0.5831600717095272,0.8735412908784831,-0.3985739432961744,1.728931210862126,-0.5043124402301449,1.8384921166213728,-0.6377058478678477,1.6091213433506155,-0.6658788463031815,0.6350922239496951,-0.3819500838729456
2022-09-25 00:00:00+00:00,2.0154617243922153,-0.721478728954533,1.647582162205952,-0.4448526429383455,3.775518991889055,-0.3483884176783191,3.8899505062795994,-0.5657275125957931,2.374672835917804,-0.5811695678463491,1.7281570816464529,-0.5831600717095272,0.8735412908784831,-0.3985739432961744,1.728931210862126,-0.5043124402301449,1.8303298741455472,-0.6393143033464116,1.6022020152658585,-0.6673155893381548,0.631924033194295,-0.3850332581849722
2022-09-26 00:00:00+00:00,2.06051748055833,-0.7152523708334999,1.665998056505899,-0.4386474682993739,3.775518991889055,-0.3483884176783191,3.8899505062795994,-0.5657275125957931,2.374672835917804,-0.5811695678463491,1.7281570816464529,-0.5831600717095272,0.8735412908784831,-0.3985739432961744,1.728931210862126,-0.5043124402301449,1.8608422907286788,-0.6333015116702615,1.6290300373781303,-0.6617449655088226,0.6413047208818549,-0.3759042954613322
2022-09-27 00:00:00+00:00,2.0445833630044827,-0.7174543430269553,1.65955642008997,-0.4408179563718274,3.775518991889055,-0.3483884176783191,3.8899505062795994,-0.5657275125957931,2.374672835917804,-0.5811695678463491,1.7281570816464529,-0.5831600717095272,0.8735412908784831,-0.3985739432961744,1.728931210862126,-0.5043124402301449,1.849985665579697,-0.6354409235109798,1.619590275187222,-0.6637050564907012,0.6370292749609672,-0.3800650124299274
2022-09-28 00:00:00+00:00,2.0803426991168195,-0.7125126784816991,1.6740690677269383,-0.435927967778577,3.775518991889055,-0.3483884176783191,3.8899505062795994,-0.5657275125957931,2.374672835917804,-0.5811695678463491,1.7281570816464529,-0.5831600717095272,0.8735412908784831,-0.3985739432961744,1.728931210862126,-0.5043124402301449,1.8811968941345991,-0.6292904236072427,1.6408988474301098,-0.659280502201588,0.6471376307726423,-0.3702279081071337
2022-09-29 00:00:00+00:00,2.099491716977449,-0.7098664318528165,1.681773754673815,-0.4333318990096488,3.775518991889055,-0.3483884176783191,3.8899505062795994,-0.5657275125957931,2.374672835917804,-0.5811695678463491,1.7281570816464529,-0.5831600717095272,0.8735412908784831,-0.3985739432961744,1.728931210862126,-0.5043124402301449,1.898512826235804,-0.6258781375918352,1.6524070024076374,-0.6568909260307774,0.6528065333083038,-0.3647111270719189
2022-09-30 00:00:00+00:00,2.0813918282502666,-0.7123676969242713,1.6745244005616409,-0.4357745448867983,3.775518991889055,-0.3483884176783191,3.8899505062795994,-0.5657275125957931,2.348263906309237,-0.58582741512256,1.7281570816464529,-0.5831600717095272,0.8735412908784831,-0.3985739432961744,1.728931210862126,-0.5043124402301449,1.8821455928601625,-0.6291034725742198,1.641413939015934,-0.6591735475610156,0.6471326676387468,-0.3702327380583945
2022-10-01 00:00:00+00:00,2.069425969308424,-0.7140212863729312,1.6697110053854336,-0.4373964024620145,3.775518991889055,-0.3483884176783191,3.8899505062795994,-0.5657275125957931,2.3347638078271857,-0.5882084808406798,1.7281570816464529,-0.5831600717095272,0.8735412908784831,-0.3985739432961744,1.728931210862126,-0.5043124402301449,1.8713251945255016,-0.6312357455412598,1.6341336314075388,-0.6606852451016869,0.6434217544072401,-0.3738440712238737
2022-10-02 00:00:00+00:00,2.0421904055428017,-0.7177850312983916,1.6587235331994792,-0.4410985948532299,3.775518991889055,-0.3483884176783191,3.8899505062795994,-0.5657275125957931,2.3289268983076177,-0.5892379596385782,1.7281570816464529,-0.5831600717095272,0.8735412908784831,-0.3985739432961744,1.728931210862126,-0.5043124402301449,1.8466968205620944,-0.636089024912326,1.6175499811993264,-0.6641287071892227,0.6349815700913074,-0.3820577684033439
2022-10-03 00:00:00+00:00,2.103517843794976,-0.7093100521681831,1.6836294540146055,-0.4327066272580042,3.775518991889055,-0.3483884176783191,3.8899505062795994,-0.5657275125957931,2.3289268983076177,-0.5892379596385782,1.7281570816464529,-0.5831600717095272,0.8735412908784831,-0.3985739432961744,1.728931210862126,-0.5043124402301449,1.9021535423869176,-0.6251606962935036,1.654953580066408,-0.6563621495846486,0.6539294187350465,-0.3636183735825082
2022-10-04 00:00:00+00:00,2.179468791909266,-0.6988142167226951,1.7140245499446825,-0.4224651002736228,3.775518991889055,-0.3483884176783191,3.8899505062795994,-0.5657275125957931,2.3289268983076177,-0.5892379596385782,1.7281570816464529,-0.5831600717095272,0.8735412908784831,-0.3985739432961744,1.728931210862126,-0.5043124402301449,1.9708339034446591,-0.6116265108854793,1.700327746246316,-0.6469405675425548,0.6655150982853066,-0.3523435885917847
2022-10-05 00:00:00+00:00,2.16022654193974,-0.701473347310205,1.706458098668487,-0.4250145909907908,3.732746622267205,-0.3557704415825337,3.8899505062795994,-0.5657275125957931,2.3289268983076177,-0.5892379596385782,1.7281570816464529,-0.5831600717095272,0.8735412908784831,-0.3985739432961744,1.728931210862126,-0.5043124402301449,1.9534336641022652,-0.6150554105269062,1.689056451873877,-0.6492809615065885,0.6625360145221308,-0.3552427304809982
2022-10-06 00:00:00+00:00,2.139052136885838,-0.7043994868334067,1.6980948010496473,-0.4278325764460366,3.6961584740295215,-0.3620851393018658,3.8899505062795994,-0.5657275125957931,2.3289268983076177,-0.5892379596385782,1.7281570816464529,-0.5831600717095272,0.8735412908784831,-0.3985739432961744,1.728931210862126,-0.5043124402301449,1.9342862298648875,-0.6188286132454933,1.676679857461675,-0.6518508621675492,0.659287613004429,-0.3584039631490298
2022-10-07 00:00:00+00:00,2.0929097444160316,-0.7107760097136142,1.6797796428050606,-0.4340038084045295,3.616427086468502,-0.3758458688124183,3.8899505062795994,-0.5657275125957931,2.3289268983076177,-0.5892379596385782,1.7281570816464529,-0.5831600717095272,0.8735412908784831,-0.3985739432961744,1.728931210862126,-0.5043124402301449,1.8925609288176173,-0.6270510213965601,1.6484572233410886,-0.657711066005936,0.6521755624926499,-0.3653251661751979
2022-10-08 00:00:00+00:00,2.0808935187027156,-0.7124365594617625,1.6749575019099667,-0.4356286128207817,3.595663742868666,-0.3794293854644186,3.8899505062795994,-0.5657275125957931,2.3289268983076177,-0.5892379596385782,1.7281570816464529,-0.5831600717095272,0.8735412908784831,-0.3985739432961744,1.728931210862126,-0.5043124402301449,1.8816949851917393,-0.6291922695408751,1.6410915456658828,-0.6592404899569441,0.6503028350991216,-0.3671476400850512
2022-10-09 00:00:00+00:00,2.0831503787180767,-0.7121246788080926,1.6758658003355025,-0.4353225646722121,3.599563466548436,-0.3787563375674139,3.8899505062795994,-0.5657275125957931,2.3289268983076177,-0.5892379596385782,1.7281570816464529,-0.5831600717095272,0.8735412908784831,-0.3985739432961744,1.728931210862126,-0.5043124402301449,1.883735801857761,-0.6287901052144746,1.6424730075679452,-0.658953640462086,0.6506553355738531,-0.3668045987429801
2022-10-10 00:00:00+00:00,2.0502351577438067,-0.7166733085694743,1.66262587927536,-0.4397837122573509,3.590564557882065,-0.3803094467234954,3.8899505062795994,-0.5657275125957931,2.3289268983076177,-0.5892379596385782,1.7281570816464529,-0.5831600717095272,0.8735412908784831,-0.3985739432961744,1.728931210862126,-0.5043124402301449,1.853971469523075,-0.6346554790441932,1.6167773641124232,-0.6642891349366444,0.6455147135404118,-0.3718072753571736
2022-10-11 00:00:00+00:00,2.0425333282421927,-0.7177376420252792,1.65950300310216,-0.4408359550490922,3.590564557882065,-0.3803094467234954,3.8899505062795994,-0.5657275125957931,2.3289268983076177,-0.5892379596385782,1.7281570816464529,-0.5831600717095272,0.8735412908784831,-0.3985739432961744,1.728931210862126,-0.5043124402301449,1.8470069161618707,-0.6360279173223695,1.610912456562594,-0.6655069359961927,0.6443022172485804,-0.3729872350594202
2022-10-12 00:00:00+00:00,2.052770642452422,-0.7163229241314006,1.6636617733510148,-0.4394346711767376,3.590564557882065,-0.3803094467234954,3.8899505062795994,-0.5657275125957931,2.3289268983076177,-0.5892379596385782,1.7281570816464529,-0.5831600717095272,0.8735412908784831,-0.3985739432961744,1.728931210862126,-0.5043124402301449,1.8562642388639137,-0.6342036648009532,1.6187078983299863,-0.663888274974971,0.6459168618185694,-0.3714159184798367
2022-10-13 00:00:00+00:00,2.076303712698067,-0.7130708352640739,1.6731979262381411,-0.4362214960202792,3.590564557882065,-0.3803094467234954,3.8899505062795994,-0.5657275125957931,2.3289268983076177,-0.5892379596385782,1.7281570816464529,-0.5831600717095272,0.8735412908784831,-0.3985739432961744,1.728931210862126,-0.5043124402301449,1.8775445493984968,-0.6300101564401973,1.6369430950443913,-0.6601018824886102,0.6496192704349051,-0.3678128617134297
2022-10-14 00:00:00+00:00,2.0550639380045936,-0.7160060083674626,1.6646398461380234,-0.4391051127879803,3.590564557882065,-0.3803094467234954,3.8899505062795994,-0.5657275125957931,2.3289268983076177,-0.5892379596385782,1.7281570816464529,-0.5831600717095272,0.8735412908784831,-0.3985739432961744,1.728931210862126,-0.5043124402301449,1.8583380031874115,-0.63379500779312,1.620144521710924,-0.6635899716410116,0.6462965947166488,-0.3710463754796893
2022-10-15 00:00:00+00:00,2.043539592038216,-0.7175985841269905,1.6599723793158134,-0.4406778002872512,3.590564557882065,-0.3803094467234954,3.8899505062795994,-0.5657275125957931,2.3289268983076177,-0.5892379596385782,1.7281570816464529,-0.5831600717095272,0.8735412908784831,-0.3985739432961744,1.728931210862126,-0.5043124402301449,1.8479168529374617,-0.6358486047380912,1.6110591080464431,-0.6654764849906315,0.6444844501430741,-0.372809892272168
2022-10-16 00:00:00+00:00,2.0642853437178807,-0.7147316811951789,1.6683982925965146,-0.4378387166919608,3.590564557882065,-0.3803094467234954,3.8899505062795994,-0.5657275125957931,2.3289268983076177,-0.5892379596385782,1.7281570816464529,-0.5831600717095272,0.8735412908784831,-0.3985739432961744,1.728931210862126,-0.5043124402301449,1.8666766676751203,-0.6321517865069495,1.627414373355229,-0.6620804451975042,0.6477558119723111,-0.3696263154183891
2022-10-17 00:00:00+00:00,2.095028363718202,-0.7104832328606676,1.6808218662642462,-0.433652634659082,3.590564557882065,-0.3803094467234954,3.8899505062795994,-0.5657275125957931,2.3289268983076177,-0.5892379596385782,1.7281570816464529,-0.5831600717095272,0.8735412908784831,-0.3985739432961744,1.728931210862126,-0.5043124402301449,1.89447673819498,-0.6266734910673608,1.6516511547581143,-0.6570478717388939,0.6525792657966363,-0.3649322960001904
2022-10-18 00:00:00+00:00,2.07119309284372,-0.7137770835249244,1.6712604576532768,-0.4368743196481082,3.590564557882065,-0.3803094467234954,3.8899505062795994,-0.5657275125957931,2.3289268983076177,-0.5892379596385782,1.7281570816464529,-0.5831600717095272,0.8735412908784831,-0.3985739432961744,1.728931210862126,-0.5043124402301449,1.872923155913095,-0.6309208504917658,1.632860214575356,-0.6609496599035066,0.6488670478272386,-0.3685448988917247
2022-10-19 00:00:00+00:00,2.049388567329689,-0.7167903008374699,1.662463344188723,-0.4398384779169011,3.590564557882065,-0.3803094467234954,3.8899505062795994,-0.5657275125957931,2.3289268983076177,-0.5892379596385782,1.7281570816464529,-0.5831600717095272,0.8735412908784831,-0.3985739432961744,1.728931210862126,-0.5043124402301449,1.8532059210111305,-0.6348063384068978,1.6156702469511055,-0.6645190189443021,0.645451567546353,-0.3718687268674583
2022-10-20 00:00:00+00:00,2.04059581499064,-0.7180053914183632,1.6588970052593406,-0.4410401440167465,3.590564557882065,-0.3803094467234954,3.8899505062795994,-0.5657275125957931,2.3289268983076177,-0.5892379596385782,1.7281570816464529,-0.5831600717095272,0.8735412908784831,-0.3985739432961744,1.728931210862126,-0.5043124402301449,1.8452548760231409,-0.6363731752056229,1.6087383314669077,-0.6659583756519114,0.6440669360616551,-0.3732162026209202
2022-10-21 00:00:00+00:00,2.053717966409489,-0.716192011264428,1.6642308145152878,-0.4392429346396156,3.604677447887253,-0.3778737226264458,3.8899505062795994,-0.5657275125957931,2.3289268983076177,-0.5892379596385782,1.7281570816464529,-0.5831600717095272,0.8735412908784831,-0.3985739432961744,1.728931210862126,-0.5043124402301449,1.8571208779582944,-0.6340348550836985,1.619083402168188,-0.6638103046117314,0.6461377880872995,-0.3712009206311625
2022-10-22 00:00:00+00:00,2.058002356884994,-0.7155999415334819,1.665966742906472,-0.4386580193130719,3.612197392678892,-0.3765758657926759,3.8899505062795994,-0.5657275125957931,2.3289268983076177,-0.5892379596385782,1.7281570816464529,-0.5831600717095272,0.8735412908784831,-0.3985739432961744,1.728931210862126,-0.5043124402301449,1.8609951348579872,-0.6332713921316812,1.6224610740884593,-0.6631089581014301,0.6468117624750394,-0.3705450319301108
2022-10-23 00:00:00+00:00,2.0972294987949134,-0.7101790529638783,1.6818440604475735,-0.4333082097118501,3.603166899197195,-0.3781344261281941,3.8899505062795994,-0.5657275125957931,2.3289268983076177,-0.5892379596385782,1.7281570816464529,-0.5831600717095272,0.8735412908784831,-0.3985739432961744,1.728931210862126,-0.5043124402301449,1.896467164326039,-0.6262812567243281,1.6533864569402656,-0.6566875501450571,0.6529761327200805,-0.364546078755673
2022-10-24 00:00:00+00:00,2.0714374252670367,-0.7137433186678319,1.6715022629250775,-0.4367928441620031,3.549846642431421,-0.3873368952339211,3.8899505062795994,-0.5657275125957931,2.3289268983076177,-0.5892379596385782,1.7281570816464529,-0.5831600717095272,0.8735412908784831,-0.3985739432961744,1.728931210862126,-0.5043124402301449,1.873144099027936,-0.6308773113339217,1.633052838186618,-0.6609096631540445,0.6489609287351717,-0.3684535372200084
2022-10-25 00:00:00+00:00,2.1518474401068333,-0.7026312745804063,1.70394483640741,-0.4258614263922932,3.68764622918945,-0.3635542558236644,3.8899505062795994,-0.5657275125957931,2.3289268983076177,-0.5892379596385782,1.7281570816464529,-0.5831600717095272,0.8735412908784831,-0.3985739432961744,1.728931210862126,-0.5043124402301449,1.9458566719315065,-0.6165485362952461,1.6964454376207188,-0.6477466978212636,0.66155676128828,-0.356195706058757
2022-10-26 00:00:00+00:00,2.225953035445031,-0.6923904526608533,1.7332851707108372,-0.4159752978473927,3.8146418582091246,-0.3416362564833822,3.8899505062795994,-0.5657275125957931,2.3289268983076177,-0.5892379596385782,1.7281570816464529,-0.5831600717095272,0.8735412908784831,-0.3985739432961744,1.728931210862126,-0.5043124402301449,2.0128683310429576,-0.6033431861056744,1.7548678409800438,-0.6356157538792037,0.6729481492229502,-0.3451099989880446
2022-10-27 00:00:00+00:00,2.1748918455058472,-0.6994467154272643,1.7134052357097058,-0.4226737761555452,3.7271376973529033,-0.356738478148204,3.790993962277723,-0.576774980793459,2.3289268983076177,-0.5892379596385782,1.7281570816464529,-0.5831600717095272,0.8735412908784831,-0.3985739432961744,1.728931210862126,-0.5043124402301449,1.9666950962364096,-0.6124421062501778,1.7146128855880796,-0.6439743728193829,0.6652297618128712,-0.3526212682361047
2022-10-28 00:00:00+00:00,2.2066904244402283,-0.6950523969864544,1.7259308819267536,-0.4184533011149722,3.7816312955120424,-0.3473335036800152,3.8464211877732577,-0.5705871079536885,2.3289268983076177,-0.5892379596385782,1.7281570816464529,-0.5831600717095272,0.8735412908784831,-0.3985739432961744,1.728931210862126,-0.5043124402301449,1.9954496797743273,-0.6067757140102548,1.7396818347852283,-0.6387690063861236,0.6700928456674629,-0.3478886822350403
2022-10-29 00:00:00+00:00,2.2300338155677726,-0.6918265203108178,1.735059729179114,-0.4153773662442147,3.8216351390297354,-0.3404292958533529,3.887110408713816,-0.5660445799292649,2.3289268983076177,-0.5892379596385782,1.7281570816464529,-0.5831600717095272,0.8735412908784831,-0.3985739432961744,1.728931210862126,-0.5043124402301449,2.016558468680284,-0.6026160057851936,1.7580849932242637,-0.6349477379934539,0.6736371217827586,-0.3444395145816142
2022-10-30 00:00:00+00:00,2.2105097260046853,-0.6945245989571669,1.727464449387096,-0.4179365706343844,3.7881764774565423,-0.3462038798130445,3.8530785069410554,-0.569843887558011,2.3289268983076177,-0.5892379596385782,1.7281570816464529,-0.5831600717095272,0.8735412908784831,-0.3985739432961744,1.728931210862126,-0.5043124402301449,1.9989033695168248,-0.6060951282271158,1.7426928459717832,-0.6381437940392717,0.670688253392635,-0.347309251908661
2022-10-31 00:00:00+00:00,2.195856210406373,-0.696549601833844,1.721738750251545,-0.4198658260095308,3.763064575686312,-0.3505379080837961,3.827536368248442,-0.5726954015003498,2.3289268983076177,-0.5892379596385782,1.7281570816464529,-0.5831600717095272,0.8735412908784831,-0.3985739432961744,1.728931210862126,-0.5043124402301449,1.985652596918925,-0.6087063319304389,1.7311404983385204,-0.6405425464609475,0.6684652493243995,-0.349472603034862
2022-11-01 00:00:00+00:00,2.19509320740023,-0.6966550429665186,1.721439620500697,-0.4199666167891417,3.7617570084740546,-0.3507635792940328,3.826206398762619,-0.5728438787511136,2.3289268983076177,-0.5892379596385782,1.7281570816464529,-0.5831600717095272,0.8735412908784831,-0.3985739432961744,1.728931210862126,-0.5043124402301449,1.9849626342094249,-0.6088422963180918,1.7305389719735296,-0.6406674485908461,0.6683491121211746,-0.3495856237679234
2022-11-02 00:00:00+00:00,2.159538553274092,-0.7015684220393861,1.707498255710447,-0.4246641135177887,3.700826580147836,-0.3612794773463215,3.764232062244882,-0.579762668394153,2.3289268983076177,-0.5892379596385782,1.7281570816464529,-0.5831600717095272,0.8735412908784831,-0.3985739432961744,1.728931210862126,-0.5043124402301449,1.9528115348052184,-0.6151780076292557,1.702508857173442,-0.6464876773349122,0.6629363743110115,-0.3548531140999323
2022-11-03 00:00:00+00:00,2.1655375572465467,-0.700739405942879,1.7098698940411072,-0.4238649978309514,3.711107143707127,-0.3595051691512311,3.774688760533696,-0.5785952868635685,2.3289268983076177,-0.5892379596385782,1.7281570816464529,-0.5831600717095272,0.8735412908784831,-0.3985739432961744,1.728931210862126,-0.5043124402301449,1.958236269703788,-0.6141090067274564,1.7072382737341414,-0.6455056518810186,0.6638571634217065,-0.353957033796671
2022-11-04 00:00:00+00:00,2.266346114532876,-0.686808440562668,1.749668214921946,-0.4104550853183593,3.701829375847859,-0.361106406228353,3.950405375044022,-0.5589783557127843,2.3289268983076177,-0.5892379596385782,1.7281570816464529,-0.5831600717095272,0.8735412908784831,-0.3985739432961744,1.728931210862126,-0.5043124402301449,2.049394685550245,-0.5961452848924698,1.7867124101873415,-0.6290034842411878,0.679308870566026,-0.3389199636760913
2022-11-05 00:00:00+00:00,2.2825117049088117,-0.6845744806098618,1.7559083076145072,-0.4083525067365076,3.718979532448292,-0.3581464845054108,3.9785831695575578,-0.5558325982299568,2.3289268983076177,-0.5892379596385782,1.7281570816464529,-0.5831600717095272,0.8735412908784831,-0.3985739432961744,1.728931210862126,-0.5043124402301449,2.0640127859334045,-0.5932646349096826,1.7994568276253828,-0.6263572080761315,0.6817316226531875,-0.3365622246457589
2022-11-06 00:00:00+00:00,2.2403118518485554,-0.6904061749407571,1.739676392481442,-0.4138217968228395,3.650221773412096,-0.3700132907004584,3.905025770144333,-0.564044516288708,2.3289268983076177,-0.5892379596385782,1.7281570816464529,-0.5831600717095272,0.8735412908784831,-0.3985739432961744,1.728931210862126,-0.5043124402301449,2.0258526152348018,-0.6007844967374697,1.766187857503234,-0.6332652431509576,0.6754295302688,-0.3426952042709419
2022-11-07 00:00:00+00:00,2.2066143384663017,-0.6950629114814261,1.7265927745761798,-0.4182302785772097,3.5953171863760303,-0.3794891971684559,3.8462885644116103,-0.5706019139716718,2.3289268983076177,-0.5892379596385782,1.7281570816464529,-0.5831600717095272,0.8735412908784831,-0.3985739432961744,1.728931210862126,-0.5043124402301449,1.995380877313128,-0.6067892722567761,1.7396218511168104,-0.6387814615142453,0.6703497350535187,-0.3476386863170957
2022-11-08 00:00:00+00:00,1.9875831805652409,-0.7253313287670784,1.6409009506705403,-0.4471038550544609,3.2384417357701643,-0.4410818358389609,3.4645013969855936,-0.6132244775722755,2.3289268983076177,-0.5892379596385782,1.7281570816464529,-0.5831600717095272,0.8735412908784831,-0.3985739432961744,1.728931210862126,-0.5043124402301449,1.7973170034441224,-0.6458198357292215,1.566944921706057,-0.6746364423147664,0.6370793715288828,-0.3800162601724899
2022-11-09 00:00:00+00:00,1.7063415584610762,-0.764196752561203,1.52480778546585,-0.4862210628725009,3.230345631430739,-0.4424791312493634,3.4558401434931296,-0.6141914163783448,2.3289268983076177,-0.5892379596385782,1.7281570816464529,-0.5831600717095272,0.8735412908784831,-0.3985739432961744,1.728931210862126,-0.5043124402301449,1.5983996762264518,-0.685018581134319,1.3452233173789525,-0.7206751568861757,0.5464036759502908,-0.4682587294292858
2022-11-10 00:00:00+00:00,1.8861980844905624,-0.7393419673627091,1.6051687864028314,-0.4591436895527613,3.230345631430739,-0.4424791312493634,3.4558401434931296,-0.6141914163783448,2.3289268983076177,-0.5892379596385782,1.7281570816464529,-0.5831600717095272,0.8735412908784831,-0.3985739432961744,1.728931210862126,-0.5043124402301449,1.6900014768820482,-0.6669674856728461,1.4479875666541622,-0.6993369839332743,0.5451318373919976,-0.4694964389849023
2022-11-11 00:00:00+00:00,1.82931149519549,-0.7472032554061142,1.5809633282772522,-0.467299638562849,3.230345631430739,-0.4424791312493634,3.4558401434931296,-0.6141914163783448,2.3289268983076177,-0.5892379596385782,1.7281570816464529,-0.5831600717095272,0.8735412908784831,-0.3985739432961744,1.728931210862126,-0.5043124402301449,1.6665263610637882,-0.671593503432014,1.4198532142863274,-0.7051788567730688,0.5451297519743623,-0.4694984684416425
2022-11-12 00:00:00+00:00,1.801638704988146,-0.7510274216547927,1.5690053685137495,-0.4713288335315962,3.230345631430739,-0.4424791312493634,3.4558401434931296,-0.6141914163783448,2.3289268983076177,-0.5892379596385782,1.7281570816464529,-0.5831600717095272,0.8735412908784831,-0.3985739432961744,1.728931210862126,-0.5043124402301449,1.6550848252531505,-0.6738481780526604,1.4062668028453222,-0.7079999662462773,0.5451297511664431,-0.4694984692278817
2022-11-13 00:00:00+00:00,1.7499613258234958,-0.7581688370213273,1.5465030529508217,-0.4789109142915635,3.230345631430739,-0.4424791312493634,3.4558401434931296,-0.6141914163783448,2.3289268983076177,-0.5892379596385782,1.7281570816464529,-0.5831600717095272,0.8735412908784831,-0.3985739432961744,1.728931210862126,-0.5043124402301449,1.6334023791826864,-0.6781209314380194,1.3807588839931642,-0.7132964812111098,0.5451297482944418,-0.4694984720228147
2022-11-14 00:00:00+00:00,1.780996901751734,-0.753879959713192,1.560216673993424,-0.4742901550649931,3.230345631430739,-0.4424791312493634,3.4558401434931296,-0.6141914163783448,2.3289268983076177,-0.5892379596385782,1.7281570816464529,-0.5831600717095272,0.8735412908784831,-0.3985739432961744,1.728931210862126,-0.5043124402301449,1.6465945770522488,-0.6755212704991975,1.3961436999965795,-0.710101947440418,0.5451297491945993,-0.4694984711468123
2022-11-15 00:00:00+00:00,1.8111215892597177,-0.749716960161761,1.573411823210856,-0.469844093204088,3.230345631430739,-0.4424791312493634,3.4558401434931296,-0.6141914163783448,2.3289268983076177,-0.5892379596385782,1.7281570816464529,-0.5831600717095272,0.8735412908784831,-0.3985739432961744,1.728931210862126,-0.5043124402301449,1.6591219583061867,-0.6730526186465192,1.4109122798834948,-0.7070353701616623,0.5451297529024428,-0.4694984675384666
2022-11-16 00:00:00+00:00,1.785637074527856,-0.7532387236113921,1.5623419875284568,-0.4735740377028574,3.230345631430739,-0.4424791312493634,3.4558401434931296,-0.6141914163783448,2.3289268983076177,-0.5892379596385782,1.7281570816464529,-0.5831600717095272,0.8735412908784831,-0.3985739432961744,1.728931210862126,-0.5043124402301449,1.6486741887557326,-0.6751114612038156,1.398510987995742,-0.70961039905553,0.5451297439655036,-0.4694984762355885
2022-11-17 00:00:00+00:00,1.7888305421659267,-0.7527974110055344,1.5637390487364544,-0.4731033025522445,3.230345631430739,-0.4424791312493634,3.4558401434931296,-0.6141914163783448,2.3289268983076177,-0.5892379596385782,1.7281570816464529,-0.5831600717095272,0.8735412908784831,-0.3985739432961744,1.728931210862126,-0.5043124402301449,1.649991725578752,-0.6748518267556266,1.4000711393266738,-0.7092864461325348,0.5451297448776065,-0.4694984753479614
2022-11-18 00:00:00+00:00,1.7896760609466102,-0.7526805668290171,1.5641086116164,-0.4729787795628749,3.230345631430739,-0.4424791312493634,3.4558401434931296,-0.6141914163783448,2.3289268983076177,-0.5892379596385782,1.7281570816464529,-0.5831600717095272,0.8735412908784831,-0.3985739432961744,1.728931210862126,-0.5043124402301449,1.650339823312625,-0.674783230446612,1.4004851089745618,-0.709200488652125,0.5451297444840953,-0.4694984757309128
2022-11-19 00:00:00+00:00,1.789700708515629,-0.7526771607250122,1.564119382133981,-0.4729751504726198,3.230345631430739,-0.4424791312493634,3.4558401434931296,-0.6141914163783448,2.3289268983076177,-0.5892379596385782,1.7281570816464529,-0.5831600717095272,0.8735412908784831,-0.3985739432961744,1.728931210862126,-0.5043124402301449,1.6502753156379102,-0.6747959423604166,1.4004966104949197,-0.7091981004535799,0.5451297439646856,-0.4694984762363845
2022-11-20 00:00:00+00:00,1.744643880716078,-0.7589036669375239,1.5444305432897472,-0.4796092395631176,3.230345631430739,-0.4424791312493634,3.4558401434931296,-0.6141914163783448,2.3289268983076177,-0.5892379596385782,1.7281570816464529,-0.5831600717095272,0.8735412908784831,-0.3985739432961744,1.728931210862126,-0.5043124402301449,1.630874054556242,-0.6786191643205928,1.3784197597883805,-0.7137821816097603,0.5451297185573255,-0.4694985009619539
2022-11-21 00:00:00+00:00,1.6911758020805503,-0.7662925431645914,1.520764471764069,-0.4875834440434099,3.230345631430739,-0.4424791312493634,3.4558401434931296,-0.6141914163783448,2.3289268983076177,-0.5892379596385782,1.7281570816464529,-0.5831600717095272,0.8735412908784831,-0.3985739432961744,1.728931210862126,-0.5043124402301449,1.6075622502317093,-0.6832129998372486,1.3520497273575007,-0.7192577075514408,0.5451296976850561,-0.4694985212741287
2022-11-22 00:00:00+00:00,1.7389331461377977,-0.759692846426321,1.5422370093969764,-0.4803483435490253,3.230345631430739,-0.4424791312493634,3.4558401434931296,-0.6141914163783448,2.3289268983076177,-0.5892379596385782,1.7281570816464529,-0.5831600717095272,0.8735412908784831,-0.3985739432961744,1.728931210862126,-0.5043124402301449,1.6286804510489166,-0.6790514368963713,1.37572494551743,-0.7143417382006472,0.545129711597809,-0.469498507734716
2022-11-23 00:00:00+00:00,1.7792447810845378,-0.7541220892804998,1.5601129396655562,-0.4743251080034708,3.230345631430739,-0.4424791312493634,3.4558401434931296,-0.6141914163783448,2.3289268983076177,-0.5892379596385782,1.7281570816464529,-0.5831600717095272,0.8735412908784831,-0.3985739432961744,1.728931210862126,-0.5043124402301449,1.6474864393165085,-0.6753455196869271,1.395398127644756,-0.7102567595652991,0.5451297167013098,-0.4694985027681645
2022-11-24 00:00:00+00:00,1.778798981575331,-0.7541836953355456,1.559917492251517,-0.4743909633628193,3.230345631430739,-0.4424791312493634,3.4558401434931296,-0.6141914163783448,2.3289268983076177,-0.5892379596385782,1.7281570816464529,-0.5831600717095272,0.8735412908784831,-0.3985739432961744,1.728931210862126,-0.5043124402301449,1.6462358191286153,-0.6755919675103994,1.3951690529722591,-0.7103043250855587,0.545129716377856,-0.4694985030829386
2022-11-25 00:00:00+00:00,1.7705677651565328,-0.7553211859817177,1.556308310267722,-0.4756070652880646,3.230345631430739,-0.4424791312493634,3.4558401434931296,-0.6141914163783448,2.3289268983076177,-0.5892379596385782,1.7281570816464529,-0.5831600717095272,0.8735412908784831,-0.3985739432961744,1.728931210862126,-0.5043124402301449,1.637516324427012,-0.6773102353840433,1.3911001474209854,-0.7111492007207574,0.5451297086777557,-0.4694985105764115
2022-11-26 00:00:00+00:00,1.763755391406462,-0.7562626035103879,1.553314311933253,-0.4766158831185525,3.230345631430739,-0.4424791312493634,3.4558401434931296,-0.6141914163783448,2.3289268983076177,-0.5892379596385782,1.7281570816464529,-0.5831600717095272,0.8735412908784831,-0.3985739432961744,1.728931210862126,-0.5043124402301449,1.6312158746823768,-0.6785518050800172,1.3876683271195396,-0.7118617907085402,0.5451297028333896,-0.4694985162639477
2022-11-27 00:00:00+00:00,1.7605629954018274,-0.756703768024767,1.551908563033061,-0.4770895455582996,3.230345631430739,-0.4424791312493634,3.4558401434931296,-0.6141914163783448,2.3289268983076177,-0.5892379596385782,1.7281570816464529,-0.5831600717095272,0.8735412908784831,-0.3985739432961744,1.728931210862126,-0.5043124402301449,1.6282633751087938,-0.6791336260843126,1.3860644263707214,-0.7121948278476129,0.5451297003489206,-0.4694985186817474
2022-11-28 00:00:00+00:00,1.7374296444276596,-0.7599006187706223,1.5417127206910868,-0.4805250008933985,3.230345631430739,-0.4424791312493634,3.4558401434931296,-0.6141914163783448,2.3289268983076177,-0.5892379596385782,1.7281570816464529,-0.5831600717095272,0.8735412908784831,-0.3985739432961744,1.728931210862126,-0.5043124402301449,1.6068684075710502,-0.683349728809967,1.3744180338682497,-0.7146131079328357,0.5451296833140723,-0.4694985352594761
2022-11-29 00:00:00+00:00,1.7620364913757691,-0.7565001422418629,1.552630195559111,-0.4768463938668111,3.230345631430739,-0.4424791312493634,3.4558401434931296,-0.6141914163783448,2.3289268983076177,-0.5892379596385782,1.7281570816464529,-0.5831600717095272,0.8735412908784831,-0.3985739432961744,1.728931210862126,-0.5043124402301449,1.6296261434584671,-0.6788650782894464,1.3868845217689487,-0.7120245416092695,0.5451346957044187,-0.4694936573735307
2022-11-30 00:00:00+00:00,1.839313050049889,-0.7458211176375003,1.5866765728599168,-0.4653745797080806,3.230345631430739,-0.4424791312493634,3.4558401434931296,-0.6141914163783448,2.3289268983076177,-0.5892379596385782,1.7281570816464529,-0.5831600717095272,0.8735412908784831,-0.3985739432961744,1.728931210862126,-0.5043124402301449,1.7010956623408615,-0.6647812600817438,1.4256682989290528,-0.7039714010409694,0.5661701798317351,-0.4490226474787384
2022-12-01 00:00:00+00:00,1.81935173404508,-0.7485796176070675,1.5780667952944758,-0.4682756157656352,3.230345631430739,-0.4424791312493634,3.4558401434931296,-0.6141914163783448,2.3289268983076177,-0.5892379596385782,1.7281570816464529,-0.5831600717095272,0.8735412908784831,-0.3985739432961744,1.728931210862126,-0.5043124402301449,1.6826343633958691,-0.6684192526453592,1.4159850673064216,-0.7059820464995216,0.5620836298843422,-0.4529995373806926
2022-12-02 00:00:00+00:00,1.831715168991528,-0.7468710862198931,1.583428684861974,-0.466468944820456,3.230345631430739,-0.4424791312493634,3.4558401434931296,-0.6141914163783448,2.3289268983076177,-0.5892379596385782,1.7281570816464529,-0.5831600717095272,0.8735412908784831,-0.3985739432961744,1.728931210862126,-0.5043124402301449,1.694068733177819,-0.666165990165817,1.4219720300683014,-0.7047389016531709,0.5638744201267545,-0.4512568018890804
2022-12-03 00:00:00+00:00,1.8094744886692096,-0.7499445767641781,1.5738156915895014,-0.4697080110904619,3.230345631430739,-0.4424791312493634,3.4558401434931296,-0.6141914163783448,2.3289268983076177,-0.5892379596385782,1.7281570816464529,-0.5831600717095272,0.8735412908784831,-0.3985739432961744,1.728931210862126,-0.5043124402301449,1.6734993554839137,-0.6702194017546546,1.4112301949711836,-0.706969357641031,0.560451033292676,-0.4545883242505324
2022-12-04 00:00:00+00:00,1.833104005924058,-0.7466791596637885,1.5840917428058177,-0.4662455296405958,3.230345631430739,-0.4424791312493634,3.4558401434931296,-0.6141914163783448,2.3289268983076177,-0.5892379596385782,1.7281570816464529,-0.5831600717095272,0.8735412908784831,-0.3985739432961744,1.728931210862126,-0.5043124402301449,1.695353204291402,-0.6659128716624377,1.4226959466765066,-0.7045885861699333,0.5641104478477419,-0.4510271078262989
2022-12-05 00:00:00+00:00,1.8181707939990552,-0.7487428144163477,1.5776394145070636,-0.4684196203075836,3.230345631430739,-0.4424791312493634,3.4558401434931296,-0.6141914163783448,2.3289268983076177,-0.5892379596385782,1.7281570816464529,-0.5831600717095272,0.8735412908784831,-0.3985739432961744,1.728931210862126,-0.5043124402301449,1.6815421665076218,-0.6686344814962264,1.4152592193437588,-0.7061327630130372,0.5618127014581942,-0.453263195609754
2022-12-06 00:00:00+00:00,1.8313100915528735,-0.7469270647987569,1.5833399443385452,-0.4664988456461483,3.230345631430739,-0.4424791312493634,3.4558401434931296,-0.6141914163783448,2.3289268983076177,-0.5892379596385782,1.7281570816464529,-0.5831600717095272,0.8735412908784831,-0.3985739432961744,1.728931210862126,-0.5043124402301449,1.6936940957696909,-0.6662398163959693,1.421782962212072,-0.7047781600785914,0.5638427207992454,-0.4512876505847021
2022-12-07 00:00:00+00:00,1.804270636705965,-0.7506637089836563,1.5716508674504404,-0.4704374414198689,3.230345631430739,-0.4424791312493634,3.4558401434931296,-0.6141914163783448,2.3289268983076177,-0.5892379596385782,1.7281570816464529,-0.5831600717095272,0.8735412908784831,-0.3985739432961744,1.728931210862126,-0.5043124402301449,1.6686865532249946,-0.6711678149123781,1.408387795119764,-0.7075595591951578,0.5596801182150913,-0.455338552297853
2022-12-08 00:00:00+00:00,1.8457921458014912,-0.744925756558636,1.5897349936508682,-0.4643440549440798,3.230345631430739,-0.4424791312493634,3.4558401434931296,-0.6141914163783448,2.3289268983076177,-0.5892379596385782,1.7281570816464529,-0.5831600717095272,0.8735412908784831,-0.3985739432961744,1.728931210862126,-0.5043124402301449,1.707087878662407,-0.6636004310142815,1.4290685817209832,-0.7032653595643401,0.566120074411987,-0.4490714083504749
2022-12-09 00:00:00+00:00,1.8355537599578264,-0.746340622543993,1.585325959759594,-0.4658296643225275,3.230345631430739,-0.4424791312493634,3.4558401434931296,-0.6141914163783448,2.3289268983076177,-0.5892379596385782,1.7281570816464529,-0.5831600717095272,0.8735412908784831,-0.3985739432961744,1.728931210862126,-0.5043124402301449,1.6976188686167502,-0.6654663987467548,1.4232843131346382,-0.7044664165892488,0.564549957453018,-0.4505993921899957
2022-12-10 00:00:00+00:00,1.8354390951802175,-0.7463564683321899,1.5852764430816904,-0.465846348803277,3.22206797164805,-0.4439077610617167,3.4558401434931296,-0.6141914163783448,2.3289268983076177,-0.5892379596385782,1.7281570816464529,-0.5831600717095272,0.8735412908784831,-0.3985739432961744,1.728931210862126,-0.5043124402301449,1.697512820461539,-0.6654872966478826,1.4221689154449453,-0.704698019982275,0.5645323227484019,-0.4506165536781983
2022-12-11 00:00:00+00:00,1.8308910828795568,-0.7469849685668408,1.5833123744340254,-0.4665081352342366,3.2140128017189302,-0.4452979916590622,3.4558401434931296,-0.6141914163783448,2.3289268983076177,-0.5892379596385782,1.7281570816464529,-0.5831600717095272,0.8735412908784831,-0.3985739432961744,1.728931210862126,-0.5043124402301449,1.6933065740062565,-0.6663161816234549,1.4186092904187275,-0.7054371475971082,0.5638328939112045,-0.451297213774268
2022-12-12 00:00:00+00:00,1.8442629248888989,-0.7451370830984207,1.5890942046915275,-0.4645599666633084,3.2294511875506062,-0.4426335020771312,3.4558401434931296,-0.6141914163783448,2.3289268983076177,-0.5892379596385782,1.7281570816464529,-0.5831600717095272,0.8735412908784831,-0.3985739432961744,1.728931210862126,-0.5043124402301449,1.7056735728915098,-0.6638791347984807,1.4289700483479375,-0.7032858192297442,0.5658918590413788,-0.4492934997024774
2022-12-13 00:00:00+00:00,1.904796282765298,-0.7367718397537628,1.6151732433399073,-0.4557727208964737,3.335449915737445,-0.4243393287075111,3.4558401434931296,-0.6141914163783448,2.3289268983076177,-0.5892379596385782,1.7281570816464529,-0.5831600717095272,0.8735412908784831,-0.3985739432961744,1.728931210862126,-0.5043124402301449,1.761658078904598,-0.6528468007704059,1.4758724472217382,-0.693546911913885,0.5751788582066445,-0.4402557114274644
2022-12-14 00:00:00+00:00,1.9078450798895632,-0.7363505194974994,1.6164658580893272,-0.4553371786344243,3.340788602190816,-0.4234179322227169,3.4558401434931296,-0.6141914163783448,2.3289268983076177,-0.5892379596385782,1.7281570816464529,-0.5831600717095272,0.8735412908784831,-0.3985739432961744,1.728931210862126,-0.5043124402301449,1.764477770508104,-0.6522911509693919,1.4782347133147502,-0.6930564062875706,0.575639170821424,-0.4398077510175772
2022-12-15 00:00:00+00:00,1.859963426353787,-0.742967394847273,1.5961814390384037,-0.4621719465045584,3.256944015398879,-0.4378885530793388,3.4558401434931296,-0.6141914163783448,2.3289268983076177,-0.5892379596385782,1.7281570816464529,-0.5831600717095272,0.8735412908784831,-0.3985739432961744,1.728931210862126,-0.5043124402301449,1.7201942413213744,-0.6610176848038745,1.441135095985448,-0.7007598445615081,0.5684156909423066,-0.4468373932727902
2022-12-16 00:00:00+00:00,1.782353589681197,-0.7536924759014416,1.562879875408618,-0.4733927981617185,3.121043013526815,-0.4613435183593968,3.4558401434931296,-0.6141914163783448,2.3289268983076177,-0.5892379596385782,1.7281570816464529,-0.5831600717095272,0.8735412908784831,-0.3985739432961744,1.728931210862126,-0.5043124402301449,1.6484164890158903,-0.6751622436400886,1.3810015160247775,-0.7132461006138593,0.5565566601036733,-0.4583781943387878
2022-12-17 00:00:00+00:00,1.7978279764911749,-0.7515540349522523,1.5696643338543543,-0.4711067973408536,3.113240405992998,-0.4626901595634982,3.4558401434931296,-0.6141914163783448,2.3289268983076177,-0.5892379596385782,1.7281570816464529,-0.5831600717095272,0.8735412908784831,-0.3985739432961744,1.728931210862126,-0.5043124402301449,1.662728034448096,-0.6723420035252763,1.3929913657200648,-0.7107565043945343,0.558972818173694,-0.4560268723792163
2022-12-18 00:00:00+00:00,1.793722548799414,-0.7521213734062927,1.5678721314002708,-0.4717106740266583,3.098348068977129,-0.4652604073382347,3.4558401434931296,-0.6141914163783448,2.3289268983076177,-0.5892379596385782,1.7281570816464529,-0.5831600717095272,0.8735412908784831,-0.3985739432961744,1.728931210862126,-0.5043124402301449,1.6589311140498424,-0.6730902265086451,1.389810402134009,-0.7114170059953815,0.5583345394142347,-0.4566480233221395
2022-12-19 00:00:00+00:00,1.7616453451717784,-0.7565541956315064,1.553852975077939,-0.4764343823545977,3.0429402011413855,-0.4748231743408859,3.4558401434931296,-0.6141914163783448,2.3289268983076177,-0.5892379596385782,1.7281570816464529,-0.5831600717095272,0.8735412908784831,-0.3985739432961744,1.728931210862126,-0.5043124402301449,1.6292643904056454,-0.6789363655222653,1.3649563736763202,-0.7165777458591664,0.5533421074274831,-0.4615064864780768
2022-12-20 00:00:00+00:00,1.810584700908486,-0.7497911539924772,1.5754363669105516,-0.4691619299044823,3.0353328506385324,-0.4761361164050336,3.4558401434931296,-0.6141914163783448,2.3289268983076177,-0.5892379596385782,1.7281570816464529,-0.5831600717095272,0.8735412908784831,-0.3985739432961744,1.728931210862126,-0.5043124402301449,1.6745261394913769,-0.6700170631979407,1.402875518820667,-0.7087041392009856,0.5610283429597691,-0.4540265063320147
2022-12-21 00:00:00+00:00,1.80298789148356,-0.7508409744833916,1.5721312771695104,-0.4702755689548918,3.0150089391181916,-0.4796437920843736,3.4558401434931296,-0.6141914163783448,2.3289268983076177,-0.5892379596385782,1.7281570816464529,-0.5831600717095272,0.8735412908784831,-0.3985739432961744,1.728931210862126,-0.5043124402301449,1.667500201432588,-0.6714015979745269,1.396989366155162,-0.7099263516385752,0.5598513483391845,-0.4551719170284491
2022-12-22 00:00:00+00:00,1.8026406822504275,-0.7508889561224177,1.5719799010849267,-0.4703265746256296,3.0144283257116444,-0.4797439993463076,3.4558401434931296,-0.6141914163783448,2.3289268983076177,-0.5892379596385782,1.7281570816464529,-0.5831600717095272,0.8735412908784831,-0.3985739432961744,1.728931210862126,-0.5043124402301449,1.6671790836541929,-0.6714648776003718,1.3967203418268193,-0.7099822123847706,0.5597974399364245,-0.4552243788324956
2022-12-23 00:00:00+00:00,1.7980401599114226,-0.7515247128395139,1.5699739748006103,-0.4710024648487356,3.0067351980748858,-0.4810717455669359,3.4558401434931296,-0.6141914163783448,2.3289268983076177,-0.5892379596385782,1.7281570816464529,-0.5831600717095272,0.8735412908784831,-0.3985739432961744,1.728931210862126,-0.5043124402301449,1.6629242730904492,-0.6723033326428156,1.3931557694762744,-0.7107223672718594,0.5590831077695545,-0.4559195423365851
2022-12-24 00:00:00+00:00,1.8042149117673152,-0.7506714097405369,1.5726697432074408,-0.4700941346054058,3.0170607982246653,-0.4792896645692046,3.4558401434931296,-0.6141914163783448,2.3289268983076177,-0.5892379596385782,1.7281570816464529,-0.5831600717095272,0.8735412908784831,-0.3985739432961744,1.728931210862126,-0.5043124402301449,1.6686350158037713,-0.671177970901711,1.3979400848463743,-0.7097289425200761,0.5600430990790608,-0.4549853118013203
2022-12-25 00:00:00+00:00,1.8037851867596424,-0.7507307944234056,1.5724824552316403,-0.4701572406690426,3.016342199533229,-0.4794136865199317,3.4558401434931296,-0.6141914163783448,2.3289268983076177,-0.5892379596385782,1.7281570816464529,-0.5831600717095272,0.8735412908784831,-0.3985739432961744,1.728931210862126,-0.5043124402301449,1.6682375829977942,-0.6712562892040683,1.3976071257239502,-0.7097980788139784,0.5599764034732327,-0.4550502176717335
2022-12-26 00:00:00+00:00,1.8131384033855071,-0.7494382519992695,1.5765593733569565,-0.4687835365988337,3.0319829211762825,-0.4767142760811608,3.4558401434931296,-0.6141914163783448,2.3289268983076177,-0.5892379596385782,1.7281570816464529,-0.5831600717095272,0.8735412908784831,-0.3985739432961744,1.728931210862126,-0.5043124402301449,1.676887940929393,-0.6695516454560018,1.4048541761491902,-0.7082932868609126,0.5614282360074063,-0.4536373441674791
2022-12-27 00:00:00+00:00,1.7903093963070482,-0.7525930447652377,1.5666342388424666,-0.4721277778273399,2.993807589695764,-0.4833029035533349,3.4558401434931296,-0.6141914163783448,2.3289268983076177,-0.5892379596385782,1.7281570816464529,-0.5831600717095272,0.8735412908784831,-0.3985739432961744,1.728931210862126,-0.5043124402301449,1.655774446999873,-0.6737122808552984,1.387165826560638,-0.7119661309232588,0.5578937933978576,-0.4570769421912151
2022-12-28 00:00:00+00:00,1.7732650665139256,-0.7549484397303939,1.5591768041981786,-0.4746405357511654,2.965305564291002,-0.4882220285566175,3.4558401434931296,-0.6141914163783448,2.3289268983076177,-0.5892379596385782,1.7281570816464529,-0.5831600717095272,0.8735412908784831,-0.3985739432961744,1.728931210862126,-0.5043124402301449,1.6400109338351063,-0.6768186464388226,1.3739595551338,-0.7147083073684364,0.5552381235280004,-0.4596613487993117
2022-12-29 00:00:00+00:00,1.7824982601950037,-0.7536724835518471,1.5632360341711988,-0.4732727916453354,2.9807455800651255,-0.4855572576651819,3.4558401434931296,-0.6141914163783448,2.3289268983076177,-0.5892379596385782,1.7281570816464529,-0.5831600717095272,0.8735412908784831,-0.3985739432961744,1.728931210862126,-0.5043124402301449,1.6485502880902232,-0.6751358771293197,1.3811136094949217,-0.7132228253029443,0.556683655252814,-0.4582546070260872
2022-12-30 00:00:00+00:00,1.7797130848958949,-0.7540573733044056,1.562014746474521,-0.4736843004930123,2.976088128695935,-0.4863610807323639,3.4558401434931296,-0.6141914163783448,2.3289268983076177,-0.5892379596385782,1.7281570816464529,-0.5831600717095272,0.8735412908784831,-0.3985739432961744,1.728931210862126,-0.5043124402301449,1.6459744081332772,-0.6756434812884884,1.37895560261417,-0.7136709181404808,0.5562487424782215,-0.458677849184821
2022-12-31 00:00:00+00:00,1.772738894497049,-0.7550211526463255,1.5589542002718295,-0.4747155414074652,2.9686479083741952,-0.4876451780305331,3.4558401434931296,-0.6141914163783448,2.3289268983076177,-0.5892379596385782,1.7281570816464529,-0.5831600717095272,0.8735412908784831,-0.3985739432961744,1.728931210862126,-0.5043124402301449,1.6395243016462415,-0.6769145424150256,1.3735518670312803,-0.7147929605362817,0.5551588513497772,-0.4597384937575627
2023-01-01 00:00:00+00:00,1.7807064890906903,-0.7539200925038585,1.5624575687307656,-0.4735350929992429,2.9686479083741952,-0.4876451780305331,3.4558401434931296,-0.6141914163783448,2.3289268983076177,-0.5892379596385782,1.7281570816464529,-0.5831600717095272,0.8735412908784831,-0.3985739432961744,1.728931210862126,-0.5043124402301449,1.6468931617770206,-0.6754624312478769,1.3797253111091514,-0.7135110943388662,0.5564064359141864,-0.4585243873548749
2023-01-02 00:00:00+00:00,1.7867204959312442,-0.7530890031266528,1.565096024468415,-0.4726460740701237,2.9686479083741952,-0.4876451780305331,3.4558401434931296,-0.6141914163783448,2.3289268983076177,-0.5892379596385782,1.7281570816464529,-0.5831600717095272,0.8735412908784831,-0.3985739432961744,1.728931210862126,-0.5043124402301449,1.6524552388521965,-0.6743663656298486,1.3843850781790927,-0.7125435310436548,0.5573460162868349,-0.4576100200415758
2023-01-03 00:00:00+00:00,1.7869680432548665,-0.7530547939951249,1.5652044452686886,-0.4726095420402784,2.9686479083741952,-0.4876451780305331,3.4558401434931296,-0.6141914163783448,2.3289268983076177,-0.5892379596385782,1.7281570816464529,-0.5831600717095272,0.8735412908784831,-0.3985739432961744,1.728931210862126,-0.5043124402301449,1.6526841839349415,-0.6743212496003111,1.3845768825613374,-0.712503704400534,0.5573846256558264,-0.4575724467311698
2023-01-04 00:00:00+00:00,1.8057409177796029,-0.7504605274751872,1.573426021129404,-0.4698393092624198,2.9686479083741952,-0.4876451780305331,3.4558401434931296,-0.6141914163783448,2.3289268983076177,-0.5892379596385782,1.7281570816464529,-0.5831600717095272,0.8735412908784831,-0.3985739432961744,1.728931210862126,-0.5043124402301449,1.670046348261907,-0.670899853039973,1.3991224633758832,-0.709483431092353,0.560312409462928,-0.4547232281953739
2023-01-05 00:00:00+00:00,1.803757324290318,-0.7507346448018458,1.5725618225113591,-0.4701304981267987,2.9686479083741952,-0.4876451780305331,3.4558401434931296,-0.6141914163783448,2.3289268983076177,-0.5892379596385782,1.7281570816464529,-0.5831600717095272,0.8735412908784831,-0.3985739432961744,1.728931210862126,-0.5043124402301449,1.6682118142871831,-0.6712613671987346,1.3975855373519237,-0.7098025614664507,0.560004659846121,-0.4550227195411706
2023-01-06 00:00:00+00:00,1.816488329505175,-0.7489753180375542,1.5781114306802282,-0.4682605760201219,2.9686479083741952,-0.4876451780305331,3.4558401434931296,-0.6141914163783448,2.3289268983076177,-0.5892379596385782,1.7281570816464529,-0.5831600717095272,0.8735412908784831,-0.3985739432961744,1.728931210862126,-0.5043124402301449,1.6799861328283607,-0.6689411142510913,1.4074497627245004,-0.7077543341059533,0.5619809296282902,-0.4530994817387647
2023-01-07 00:00:00+00:00,1.8157296130327745,-0.7490801668043151,1.5777818554447884,-0.46837162530501,2.959986334548914,-0.4891400670346176,3.4558401434931296,-0.6141914163783448,2.3289268983076177,-0.5892379596385782,1.7281570816464529,-0.5831600717095272,0.8735412908784831,-0.3985739432961744,1.728931210862126,-0.5043124402301449,1.6792844310163106,-0.6690793919520115,1.4068618947477507,-0.707876400180973,0.5618635646604837,-0.4532136972901029
2023-01-08 00:00:00+00:00,1.83547553071703,-0.7463514332219214,1.5863609826501015,-0.4654809167848663,2.952586368712542,-0.4904172168670311,3.4558401434931296,-0.6141914163783448,2.3289268983076177,-0.5892379596385782,1.7281570816464529,-0.5831600717095272,0.8735412908784831,-0.3985739432961744,1.728931210862126,-0.5043124402301449,1.6975465180061875,-0.6654806561933182,1.422161407939258,-0.7046995788556765,0.564918675845409,-0.4502405681280751
2023-01-09 00:00:00+00:00,1.8408797781327304,-0.7456046078959684,1.588696368520788,-0.4646940162444437,2.952586368712542,-0.4904172168670311,3.4573756802321114,-0.6140199896833106,2.3289268983076177,-0.5892379596385782,1.7281570816464529,-0.5831600717095272,0.8735412908784831,-0.3985739432961744,1.728931210862126,-0.5043124402301449,1.702544656760662,-0.6644957205354929,1.4263487217905966,-0.7038301166857279,0.5657503296165386,-0.4494312312725602
2023-01-10 00:00:00+00:00,1.8689994394827176,-0.7417186875007655,1.6008301331482837,-0.4606055844085809,2.990306016823857,-0.4839072351550511,3.4487322410315313,-0.6149849397091023,2.3289268983076177,-0.5892379596385782,1.7281570816464529,-0.5831600717095272,0.8735412908784831,-0.3985739432961744,1.728931210862126,-0.5043124402301449,1.7285512323937002,-0.6593708520720114,1.448136371098376,-0.6993060858827441,0.5700712819857156,-0.445226228993127
2023-01-11 00:00:00+00:00,1.9228597359556727,-0.7342756097925759,1.6238962678278293,-0.4528335266631674,3.07647980864456,-0.4690346200354931,3.5394949993345577,-0.6048522224037555,2.3289268983076177,-0.5892379596385782,1.7281570816464529,-0.5831600717095272,0.8735412908784831,-0.3985739432961744,1.728931210862126,-0.5043124402301449,1.7783641322152135,-0.6495546977665776,1.489868354871584,-0.6906407738340412,0.5782853583545872,-0.4372325722935223
2023-01-12 00:00:00+00:00,2.019666813993494,-0.7208976179929933,1.6647740941677738,-0.4390598783586352,3.231366311985489,-0.4423029734091421,3.717692172122494,-0.5849583627389374,2.3289268983076177,-0.5892379596385782,1.7281570816464529,-0.5831600717095272,0.8735412908784831,-0.3985739432961744,1.728931210862126,-0.5043124402301449,1.8678965261323688,-0.6319114006051039,1.564876323159219,-0.675065970228159,0.5928423524952873,-0.4230662061053664
2023-01-13 00:00:00+00:00,2.1357665087723143,-0.7048535353064123,1.7126235124157254,-0.4229371752324238,3.417120041234657,-0.4102439951075544,3.931402138278537,-0.5610998693118792,2.3289268983076177,-0.5892379596385782,1.7281570816464529,-0.5831600717095272,0.8735412908784831,-0.3985739432961744,1.728931210862126,-0.5043124402301449,1.9752717699398288,-0.610751982752012,1.6548325784319138,-0.6563872746045132,0.6098820005694455,-0.4064838064696526
2023-01-14 00:00:00+00:00,2.2455992912197806,-0.6896754915859573,1.756659741301461,-0.4080993136424764,3.5928470228800156,-0.3799155192576017,4.133576315087431,-0.538529226700884,2.44287072605347,-0.5691412364629869,1.7281570816464529,-0.5831600717095272,0.8735412908784831,-0.3985739432961744,1.728931210862126,-0.5043124402301449,2.0768510360680956,-0.5907347230839219,1.739933110642417,-0.638716830967752,0.62556417518922,-0.3912224533260671
2023-01-15 00:00:00+00:00,2.2366597251000555,-0.6909108706994018,1.753163174489959,-0.4092774702581052,3.5785441623275225,-0.382384030107728,4.117120850871649,-0.5403663080120324,2.433145836816605,-0.5708564536078987,1.7281570816464529,-0.5831600717095272,0.8735412908784831,-0.3985739432961744,1.728931210862126,-0.5043124402301449,2.0685832443786594,-0.5923639781419388,1.7330065645095858,-0.6401550727725724,0.6243185872301129,-0.3924346167011235
2023-01-16 00:00:00+00:00,2.270325089479242,-0.6862585769030869,1.7663571521931911,-0.4048318031350326,3.632407068615772,-0.3730879058741244,4.179090211737008,-0.5334480738487946,2.469768636550018,-0.5643971456952389,1.7281570816464529,-0.5831600717095272,0.8735412908784831,-0.3985739432961744,1.728931210862126,-0.5043124402301449,2.099718784527741,-0.5862283934323247,1.7590911301728438,-0.6347388217178569,0.6290170777513371,-0.3878622072729201
2023-01-17 00:00:00+00:00,2.2648769050926822,-0.6870114739796576,1.7642377553935298,-0.4055459268727658,3.6236902449465234,-0.3745923303720916,4.169061491996773,-0.5345676760288327,2.463841839992811,-0.5654424782251757,1.7281570816464529,-0.5831600717095272,0.8735412908784831,-0.3985739432961744,1.728931210862126,-0.5043124402301449,2.0946800104988403,-0.5872213366971242,1.7548697731194618,-0.6356153526859349,0.628262317555592,-0.3885967139446836
2023-01-18 00:00:00+00:00,2.2158668215492257,-0.693784289656266,1.7451494244586487,-0.4119776768105226,3.5452765522460057,-0.3881256407556542,4.078846411627005,-0.5446392507931657,2.410526318012613,-0.5748459475257511,1.7281570816464529,-0.5831600717095272,0.8735412908784831,-0.3985739432961744,1.728931210862126,-0.5043124402301449,2.0493528485323247,-0.5961535293156022,1.7168958267230452,-0.6435003383850074,0.6214647091555471,-0.3952119127190984
2023-01-19 00:00:00+00:00,2.258102038512857,-0.687947708306581,1.761781011668487,-0.4063737185405932,3.612850795844047,-0.376463095847337,4.156590688259999,-0.5359599114698637,2.456471814848306,-0.566742358684314,1.7281570816464529,-0.5831600717095272,0.8735412908784831,-0.3985739432961744,1.728931210862126,-0.5043124402301449,2.0884142494031064,-0.5884560706310467,1.7496204774287691,-0.6367053268755867,0.6273877028651729,-0.3894478588897364
2023-01-20 00:00:00+00:00,2.4290940127631098,-0.6643179358180382,1.8284853519161492,-0.3838979118448893,3.8864294383131104,-0.3292465376756911,4.4713433592260445,-0.500821051703683,2.642485094207303,-0.5339344615281841,1.7281570816464529,-0.5831600717095272,0.8735412908784831,-0.3985739432961744,1.728931210862126,-0.5043124402301449,2.2465568264289777,-0.5572924173623712,1.8821083165616912,-0.6091952886520461,0.6511429380079488,-0.3663300808192335
2023-01-21 00:00:00+00:00,2.44156139615281,-0.6625950395574516,1.8331777244190277,-0.38231683245894,3.906376630793056,-0.3258038794126402,4.4942926364600915,-0.4982590037566795,2.656047712450134,-0.5315423689527938,1.7327064966901256,-0.582062730581971,0.8735412908784831,-0.3985739432961744,1.728931210862126,-0.5043124402301449,2.2570233862439504,-0.5552298719863952,1.891768282722008,-0.6071894740803268,0.6530527005208113,-0.3644715656046137
2023-01-22 00:00:00+00:00,2.433452345945671,-0.6637156477750774,1.8301334982469255,-0.3833425743930948,3.8934025543364856,-0.3280430572600276,4.479365940497394,-0.4999254140037977,2.647226298298209,-0.5330982366266788,1.726951735004412,-0.5834508072064155,0.8735412908784831,-0.3985739432961744,1.728931210862126,-0.5043124402301449,2.249860755563963,-0.5566413434775053,1.8854852361399976,-0.6084940983595255,0.6517370233512836,-0.3657519373893914
2023-01-23 00:00:00+00:00,2.4558034045118555,-0.6606269038085093,1.8385383106673137,-0.3805106006628561,3.929163134837966,-0.3218711883076077,4.520508546245247,-0.4953322702844709,2.6715408529389792,-0.5288097825399576,1.7428136438822937,-0.5796248373166257,0.8735412908784831,-0.3985739432961744,1.728931210862126,-0.5043124402301449,2.268850041268646,-0.5528993055858138,1.9028032621160784,-0.6048981490280532,0.6547271470837339,-0.3628420517816646
2023-01-24 00:00:00+00:00,2.425416166812152,-0.6648261857721667,1.8271636011601071,-0.3843432713879474,3.880545067968331,-0.3302621129858845,4.464573381620128,-0.501576849241427,2.638484156798898,-0.5346401226695574,1.738456609772588,-0.5806757752233342,0.8735412908784831,-0.3985739432961744,1.728931210862126,-0.5043124402301449,2.242595663329025,-0.5580730060925486,1.879258651454059,-0.6097869987784118,0.6506688467590352,-0.3667914501221126
2023-01-25 00:00:00+00:00,2.4712874360227537,-0.6584871300360136,1.8444419376756072,-0.3785213930798218,3.9539368140663256,-0.3175955333958987,4.549010704295336,-0.4921503009887643,2.6883851258451736,-0.5258388915633534,1.738456609772588,-0.5806757752233342,0.8735412908784831,-0.3985739432961744,1.728931210862126,-0.5043124402301449,2.2800775561352964,-0.550686806036651,1.914800584709375,-0.6024070011213339,0.6568403240931364,-0.3607855805729629
2023-01-26 00:00:00+00:00,2.4657910281315925,-0.6592466912291155,1.8423908194865095,-0.379212510565686,3.945142835191508,-0.3191132740037022,4.538893217366213,-0.4932798131015525,2.682405869444325,-0.5268934766432206,1.738456609772588,-0.5806757752233342,0.8735412908784831,-0.3985739432961744,1.728931210862126,-0.5043124402301449,2.2755238198672276,-0.5515841675240123,1.9105418631659457,-0.6032912905263836,0.6561059040107381,-0.3615002929457667
2023-01-27 00:00:00+00:00,2.4727041354246095,-0.6582913531014687,1.844973488752776,-0.3783422887034802,3.956203462549951,-0.3172043356802588,4.551618487044469,-0.4918591691866378,2.6899262794739367,-0.5255670722076144,1.738456609772588,-0.5806757752233342,0.8735412908784831,-0.3985739432961744,1.728931210862126,-0.5043124402301449,2.2812470404506136,-0.5504563468877544,1.915898270394775,-0.6021790754840799,0.6570277749675042,-0.3606031598271059
2023-01-28 00:00:00+00:00,2.4671787934306866,-0.6590549127644895,1.842912160559678,-0.3790368464164034,3.9473631905517905,-0.3187300659539643,4.541447739802011,-0.4929946272590764,2.6839155471669023,-0.5266272088174402,1.738456609772588,-0.5806757752233342,0.8735412908784831,-0.3985739432961744,1.728931210862126,-0.5043124402301449,2.2757315567604257,-0.5515432307906385,1.9116171301573164,-0.6030680199513125,0.6562913094524486,-0.361319862744644
2023-01-29 00:00:00+00:00,2.5443042517903884,-0.6483967690585919,1.8717174189135304,-0.3693310099419368,4.070760082659551,-0.2974331676221976,4.6834160638981395,-0.4771453414806827,2.7678163237645075,-0.5118292972951061,1.738456609772588,-0.5806757752233342,0.8735412908784831,-0.3985739432961744,1.728931210862126,-0.5043124402301449,2.3468722620413445,-0.5375242087514258,1.9713754045735088,-0.5906596930880981,0.6665855801580117,-0.3513018324393848
2023-01-30 00:00:00+00:00,2.446126554588443,-0.6619641698591447,1.83560520751578,-0.3814989000629799,3.913680656920321,-0.3245432876814556,4.502695930341566,-0.4973208634563325,2.661013910981549,-0.5306664608926971,1.6670282132415586,-0.5979046533178713,0.8735412908784831,-0.3985739432961744,1.728931210862126,-0.5043124402301449,2.256312921839714,-0.5553698764480003,1.89530545444652,-0.6064550087136835,0.6535828055698376,-0.3639556855973737
2023-01-31 00:00:00+00:00,2.478166251045833,-0.6575365308356778,1.847626710155145,-0.3774482945324992,3.9649425755008103,-0.3156960643061164,4.561672850639273,-0.4907367041371383,2.695868231097086,-0.5245190667188087,1.6888631742487787,-0.5926379540825197,0.8735412908784831,-0.3985739432961744,1.728931210862126,-0.5043124402301449,2.285223106764134,-0.5496728213230511,1.9201304216341717,-0.6013003031897654,0.658253477617721,-0.3594103481509496
2023-02-01 00:00:00+00:00,2.543271197158476,-0.6485395292438424,1.871896598696756,-0.3692706359069548,4.069107246700237,-0.2977184282862495,4.681514473451723,-0.4773576342622635,2.766692517336273,-0.5120275074758414,1.7332320078186378,-0.5819359747312146,0.8735412908784831,-0.3985739432961744,1.728931210862126,-0.5043124402301449,2.344239645222492,-0.5380429935042416,1.9705749741644885,-0.5908258960490003,0.6683000219721781,-0.3496333966130722
2023-02-02 00:00:00+00:00,2.5171533470661784,-0.6521488147572527,1.862284978275059,-0.3725092395994351,4.027319987363703,-0.3049304333736723,4.633438163949558,-0.4827248538397403,2.738280266019935,-0.5170386885182525,1.7154327680812649,-0.586229238286101,0.8735412908784831,-0.3985739432961744,1.728931210862126,-0.5043124402301449,2.320067004419264,-0.54280646587675,1.9503383663546867,-0.5950278655128083,0.6643106730256415,-0.3535156938430314
2023-02-03 00:00:00+00:00,2.5110407499495504,-0.6529935285504782,1.8600238133361389,-0.3732711316425253,4.017540136417717,-0.3066183242738307,4.622186429606856,-0.4839809928710027,2.731630689394776,-0.5182115006250106,1.71126705072274,-0.5872340296580469,0.8735412908784831,-0.3985739432961744,1.728931210862126,-0.5043124402301449,2.3144330072302863,-0.5439167041074402,1.9456022096606485,-0.5960112905013837,0.6633707912074066,-0.3544303545128107
2023-02-04 00:00:00+00:00,2.4997821690752,-0.654549377623344,1.855853982852288,-0.3746761422244592,3.999526967757384,-0.3097271920503145,4.601462249907621,-0.4862946318370691,2.7193830645658967,-0.520371662615474,1.7035943602303374,-0.589084720077694,0.8735412908784831,-0.3985739432961744,1.728931210862126,-0.5043124402301449,2.304055942982845,-0.5459616134432803,1.9368788467175264,-0.597822626919682,0.6618682358038195,-0.3558925897695862
2023-02-05 00:00:00+00:00,2.4575673131468445,-0.660383145234938,1.8401836957610016,-0.3799561936007605,3.931985300801694,-0.3213841146011452,4.52375545275438,-0.4949697869665432,2.673459717441964,-0.5284713448247181,1.6993353743297617,-0.5901120082774998,0.8735412908784831,-0.3985739432961744,1.728931210862126,-0.5043124402301449,2.2651463968283196,-0.5536291475634736,1.9041699721298224,-0.6046143626446036,0.6562766091433697,-0.3613341685800024
2023-02-06 00:00:00+00:00,2.4393077510377585,-0.6629064759366858,1.8333474743673648,-0.3822596357756166,3.9027709108527695,-0.3264261856123299,4.490144249832692,-0.4987221279472025,2.653596089090615,-0.5319747714528833,1.6993353743297617,-0.5901120082774998,0.8735412908784831,-0.3985739432961744,1.728931210862126,-0.5043124402301449,2.2483165093628577,-0.5569456533861825,1.890022115553784,-0.6075520517014649,0.6538360338353314,-0.3637092525560808
2023-02-07 00:00:00+00:00,2.490525399458539,-0.6558285918144173,1.8525946862731453,-0.3757743514205145,3.984716597408255,-0.3122832933118096,4.584422894849371,-0.4881968984836407,2.7093131061352995,-0.5221477409777071,1.6993353743297617,-0.5901120082774998,0.8735412908784831,-0.3985739432961744,1.728931210862126,-0.5043124402301449,2.29552395355115,-0.5476429314370921,1.9297065252723815,-0.5993119019988045,0.6607060431291498,-0.3570235957211879
2023-02-08 00:00:00+00:00,2.4607918581545474,-0.6599375379762046,1.8415359352489973,-0.3795005609803696,3.93714441221412,-0.3204937107234143,4.529691018784744,-0.4943071427966504,2.6769675323201385,-0.5278526576526922,1.6993353743297617,-0.5901120082774998,0.8735412908784831,-0.3985739432961744,1.7039677572391003,-0.5114695054344078,2.2681184686273443,-0.553043469646898,1.906668411031008,-0.6040955818257705,0.6567589845811226,-0.3608647373893782
2023-02-09 00:00:00+00:00,2.335769743390971,-0.6772146303125745,1.794755725806454,-0.3952629977380287,3.7371152553744382,-0.3550164652582978,4.299557150080079,-0.5199991940032127,2.5409624732433063,-0.5518404073783154,1.6993353743297617,-0.5901120082774998,0.8735412908784831,-0.3985739432961744,1.61739657821271,-0.536289611756968,2.152885249473745,-0.5757513839497526,1.809798894777499,-0.6242097606988692,0.6400649971555163,-0.3771107519666867
2023-02-10 00:00:00+00:00,2.317427665507344,-0.6797493640581649,1.787708894799679,-0.3976374041250421,3.707768844295983,-0.3600813216129805,4.2657940566351815,-0.5237684919799109,2.521009080270615,-0.555359666147473,1.6993353743297617,-0.5901120082774998,0.8735412908784831,-0.3985739432961744,1.6046956627692122,-0.5399309861178898,2.1359793069971413,-0.5790828772100075,1.7960504459007196,-0.6270645159472745,0.6375507257673537,-0.3795575544340677
2023-02-11 00:00:00+00:00,2.3428639567346035,-0.6762342647250652,1.7975199203506609,-0.3943316115341589,3.748465643393799,-0.3530575175445796,4.312615789867719,-0.5185413327853028,2.5486798991301503,-0.5504792544774144,1.6993353743297617,-0.5901120082774998,0.8735412908784831,-0.3985739432961744,1.6223089444335537,-0.5348812278898669,2.1594240049770823,-0.574462853604877,1.8149012676428065,-0.6231502938566744,0.6410494772446639,-0.3761526897930668
2023-02-12 00:00:00+00:00,2.3343969809599754,-0.6774043354965018,1.79427185347587,-0.3954260369184962,3.7349189038558888,-0.3553955305183087,4.297030244103047,-0.5202812967554998,2.5394691163609733,-0.5521037966330065,1.6993353743297617,-0.5901120082774998,0.8735412908784831,-0.3985739432961744,1.6164460130874987,-0.5365621404176563,2.151619970652027,-0.5760007204107472,1.808149179476225,-0.6245523108626656,0.6398910614853014,-0.3772800201805523
2023-02-13 00:00:00+00:00,2.3333714277621125,-0.677546059041403,1.7938777214468755,-0.3955588384013289,3.733278069817441,-0.3556787197874972,4.295142461886012,-0.5204920479919861,2.5383534703528605,-0.552300567528197,1.6993353743297617,-0.5901120082774998,0.8735412908784831,-0.3985739432961744,1.615735871928383,-0.5367657391126435,2.150674715513554,-0.5761869928488206,1.807354818796208,-0.6247172534929746,0.6397504903121307,-0.3774168192130577
2023-02-14 00:00:00+00:00,2.3790090808837547,-0.6712392872475575,1.811420657007836,-0.3896478043204969,3.8062960418084537,-0.3430766493518303,4.379149756846159,-0.5111135078579797,2.58800030060105,-0.5435441598861012,1.6993353743297617,-0.5901120082774998,0.8735412908784831,-0.3985739432961744,1.647337524533679,-0.527705490812306,2.192739063039327,-0.5678977720335319,1.842704284083463,-0.6173772202672952,0.6460070104497372,-0.3713281889315425
2023-02-15 00:00:00+00:00,2.606646526906072,-0.6397815472982666,1.8980842967868303,-0.3604467777008376,4.1705046178598995,-0.2802183967391832,4.798172313089365,-0.4643340006420268,2.8356352438501795,-0.4998678063570512,1.6993353743297617,-0.5901120082774998,0.8735412908784831,-0.3985739432961744,1.8049643742312305,-0.4825136011697865,2.4025531087756375,-0.5265517139687597,2.019024963299752,-0.5807656440155741,0.6769151001960985,-0.341249498695683
2023-02-16 00:00:00+00:00,2.52023750809382,-0.6517226074821993,1.8666240278137745,-0.3710472112169767,4.032254491399916,-0.3040787941712429,4.639115318830049,-0.4820910585851864,2.7416353644643987,-0.5164469365471354,1.638754924572701,-0.6047243086295482,0.8735412908784831,-0.3985739432961744,1.745130714792368,-0.4996680145166083,2.336298292646858,-0.5396079203114661,1.9566844346285843,-0.593710155284257,0.6536612757842968,-0.3638793210826843
2023-02-17 00:00:00+00:00,2.633000136354201,-0.6361396816595917,1.9083830744659804,-0.3569766386445305,4.212669080423663,-0.2729412906703377,4.846682595514988,-0.458918332504438,2.8643039655132108,-0.4948113906260903,1.7120775030106463,-0.5870385446080122,0.8735412908784831,-0.3985739432961744,1.8232128500776028,-0.4772817316743558,2.4184356515607632,-0.5234218923502616,2.035319020435044,-0.577382313609236,0.6828619066605532,-0.3354622711120695
2023-02-18 00:00:00+00:00,2.6396421203880123,-0.6352218106759993,1.9107901100251483,-0.3561655959786908,4.223295924070793,-0.2711072184755303,4.858908796331269,-0.4575534044336519,2.871529434644126,-0.4935370060823162,1.7163963753428713,-0.5859968115084115,0.8735412908784831,-0.3985739432961744,1.8278120715030992,-0.4759631269601123,2.422696378042136,-0.5225822715142078,2.039781034413908,-0.5764558121588699,0.6845818217886069,-0.3337885088448693
2023-02-19 00:00:00+00:00,2.601042955671351,-0.6405559176392162,1.8968194846842812,-0.3608729519530337,4.161539182972704,-0.281765728702179,4.787857565740489,-0.4654855348275932,2.829539410019016,-0.5009429526589864,1.691297720529316,-0.5920507296295017,0.8735412908784831,-0.3985739432961744,1.8010841985561865,-0.4836260542273501,2.3963140843486963,-0.527781179161705,2.013306125488595,-0.5819531148642858,0.6745809511805663,-0.3435210122631235
2023-02-20 00:00:00+00:00,2.6621732133713767,-0.6321081873410472,1.919109209591814,-0.3533625029108564,4.259344550673067,-0.2648856360463876,4.900382799584307,-0.4529232636320577,2.8960398393678255,-0.4892140091425208,1.7310469546886331,-0.5824630202178172,0.8735412908784831,-0.3985739432961744,1.8434136575745848,-0.4714901253278162,2.4383459878776415,-0.5194983517762364,2.0594294475188577,-0.572375976612554,0.6903794640658478,-0.3281464427195766
2023-02-21 00:00:00+00:00,2.620375222849468,-0.6378843473675141,1.9040435278867072,-0.35843883450316,4.1924698476055235,-0.276427448225521,4.823443345463905,-0.4615127528984251,2.8505699784478176,-0.4972337081979204,1.7038683008573805,-0.5890186442605445,0.8735412908784831,-0.3985739432961744,1.8144707675326244,-0.4797881018160957,2.409872241111227,-0.5251094021851559,2.0278432293353705,-0.5789346017305397,0.6795513738408911,-0.3386839678269234
2023-02-22 00:00:00+00:00,2.5914464782556075,-0.6418820768289661,1.8935332795006137,-0.3619802279143326,4.14618529706434,-0.2844156345596329,4.770192895151623,-0.4674576114448712,2.8190999011343214,-0.5027842100951749,1.6850577234762227,-0.5935558473944135,0.8735412908784831,-0.3985739432961744,1.794439147271043,-0.4855312018904754,2.390197725216847,-0.5289864718718424,2.0061335534336107,-0.5834424419805335,0.672069580749202,-0.3459649916190912
2023-02-23 00:00:00+00:00,2.565511877480797,-0.645466038699557,1.884058256560776,-0.3651728055373548,4.1046912275089715,-0.2915770384296772,4.722453900967236,-0.4727871732778974,2.7908869972238226,-0.5077602314478495,1.668194053048314,-0.5976234470626025,0.8735412908784831,-0.3985739432961744,1.776480812692398,-0.4906798873840876,2.3725151375797915,-0.5324710112057628,1.9867440169890795,-0.5874685238625893,0.6653671103049991,-0.3524876054059855
2023-02-24 00:00:00+00:00,2.4846131977943684,-0.6566456125011676,1.854353107513143,-0.3751818572030008,3.975257369205415,-0.3139158483777583,4.57354003749161,-0.4894118562388075,2.702881529304831,-0.5232821035991977,1.6155906340047512,-0.6103116486472998,0.8735412908784831,-0.3985739432961744,1.7204627706413866,-0.5067403566456176,2.3109642841317872,-0.5446002523710365,1.9261926714164057,-0.6000415255968832,0.6444586709262615,-0.3728349797196094
2023-02-25 00:00:00+00:00,2.4815890482391225,-0.6570635266534259,1.8532245935999243,-0.375562106231366,3.970418880536135,-0.3147509164212798,4.567973348446185,-0.4900333191326054,2.699591714221346,-0.5238623412859564,1.6136242161729444,-0.6107859582321777,0.8735412908784831,-0.3985739432961744,1.718368707578665,-0.507340728137001,2.3085628378283993,-0.5450734825494588,1.9238845427851712,-0.6005207900130414,0.6436717843802524,-0.3736007506508576
2023-02-26 00:00:00+00:00,2.524216483040181,-0.6511727438226189,1.869141453523096,-0.3701989729553667,4.038620653139477,-0.3029800671529595,4.6464395982154745,-0.4812733790229355,2.745963884451991,-0.5156834983717504,1.6413422064329068,-0.6041002436087645,0.8735412908784831,-0.3985739432961744,1.7478859437618537,-0.4988780856195468,2.3395408305153143,-0.5389689442194894,1.9552578081013352,-0.5940063828516486,0.6547082008441835,-0.3628604896105711
2023-02-27 00:00:00+00:00,2.517490911598393,-0.6521021659415325,1.8666513651204295,-0.371038000001969,4.027860073802693,-0.3048372206048167,4.634059534271786,-0.4826554843104886,2.7386474849254303,-0.5169739206687377,1.636968982367556,-0.6051550866118451,0.8735412908784831,-0.3985739432961744,1.7432288424926674,-0.5002132845847925,2.334671819367787,-0.5399284339281845,1.9503138413363712,-0.5950329579363522,0.6529641615679826,-0.3645577286692933
2023-02-28 00:00:00+00:00,2.4799280164139517,-0.6572930684450634,1.85272543012482,-0.3757302977123752,3.967761312344291,-0.3152095824267575,4.564915811940017,-0.4903746612606657,2.6977847640514656,-0.5241810402280103,1.6125441496813424,-0.6110464755449206,0.8735412908784831,-0.3985739432961744,1.7172185311976518,-0.5076704856889658,2.3075395109475245,-0.5452751398431228,1.9228529316171044,-0.6007349958062,0.6432397908717764,-0.3740211518801792
2023-03-01 00:00:00+00:00,2.5321594300648043,-0.6500750897841567,1.8722361715015468,-0.3691562179741597,3.9578419090634305,-0.3169215584706907,4.661060540527557,-0.4796411029886231,2.7546046035869285,-0.5141595005920709,1.6465070147140384,-0.6028544666267961,0.8735412908784831,-0.3985739432961744,1.753386013010931,-0.497301206280732,2.3451499423574935,-0.5378636099073623,1.9616345636818628,-0.5926823006497608,0.6567578669009461,-0.3608658250772971
2023-03-02 00:00:00+00:00,2.5146221488913083,-0.6524986068294119,1.8657527858637848,-0.3713407733087455,3.9205360024685496,-0.3233601331086301,4.628778872835003,-0.483245015198758,2.7355267071159015,-0.5175243445834978,1.635103603013996,-0.6056050252223051,0.8735412908784831,-0.3985739432961744,1.7412423765752665,-0.5007828077890567,2.3275850912990173,-0.5413249480137517,1.9481269350167136,-0.5954870515108178,0.6522317572276695,-0.3652704793912067
2023-03-03 00:00:00+00:00,2.395565817463684,-0.6689512739051073,1.821585179582708,-0.3862229020772738,3.7349158154000377,-0.3553960635506172,4.4096264916979795,-0.5077110976137638,2.6060115135846984,-0.5403674510765959,1.557688617798517,-0.6242778977456085,0.8735412908784831,-0.3985739432961744,1.658802185879909,-0.524418552633044,2.2173841443385083,-0.563041200306739,1.8570919540446464,-0.6143897358825379,0.6218406997065431,-0.3948460116424603
2023-03-04 00:00:00+00:00,2.394733158284228,-0.6690663409838831,1.821268603095875,-0.3863295714768369,3.725578525861538,-0.3570075733917407,4.4080937782365,-0.5078822091192495,2.6051057069511523,-0.5405272117720641,1.5571471909185337,-0.6244084925533512,0.8735412908784831,-0.3985739432961744,1.6582256135908464,-0.5245838569026418,2.2166134181707258,-0.5631930799808254,1.8563181483226976,-0.6145504104405028,0.6216017836386074,-0.3950785165451825
2023-03-05 00:00:00+00:00,2.4036995152398433,-0.6678272595834767,1.824678198931411,-0.3851807194437389,3.725578525861538,-0.3570075733917407,4.424598557557221,-0.5060396222899065,2.614859740545597,-0.5388068543216351,1.56297745952191,-0.6230022032915961,0.8735412908784831,-0.3985739432961744,1.6644343399004835,-0.5228038043624552,2.22491285941376,-0.5615575880463582,1.8629434527445017,-0.613174719063247,0.6239233580918211,-0.3928192401094423
2023-03-06 00:00:00+00:00,2.401530529166201,-0.6681269967359116,1.823854946778372,-0.3854581115322421,3.725578525861538,-0.3570075733917407,4.420606006661423,-0.5064853490429352,2.612500213356024,-0.5392230134562914,1.5615671017290051,-0.6233423884793327,0.8735412908784831,-0.3985739432961744,1.6629324321616636,-0.5232344039012788,2.2229052020603595,-0.5619532179824598,1.8613376939228097,-0.613508142016264,0.6233614221750241,-0.3933660968227638
2023-03-07 00:00:00+00:00,2.378807613797865,-0.6712671284455107,1.8152264281948176,-0.3883654623138285,3.725578525861538,-0.3570075733917407,4.378778907257028,-0.511154909354802,2.5877811350320608,-0.5435828149835884,1.5467917921238905,-0.6269062653176567,0.8735412908784831,-0.3985739432961744,1.6471980192694031,-0.5277454872121567,2.2018724122770092,-0.5660979497833969,1.8445333484463264,-0.6169974297079126,0.6174782604796284,-0.3990913875054115
2023-03-08 00:00:00+00:00,2.3260275238279884,-0.6785609299433968,1.795088647056044,-0.3951508210247459,3.725578525861538,-0.3570075733917407,4.2816242053203535,-0.5220012206394684,2.530364419053386,-0.553709628076516,1.5124721567404202,-0.6351843289868293,0.8735412908784831,-0.3985739432961744,1.61065060822575,-0.5382236929859426,2.153018094110174,-0.5757252055209818,1.8053031475836605,-0.6251432665810339,0.6093938607480607,-0.4069588473602321
2023-03-09 00:00:00+00:00,2.182083577492129,-0.6984528735152125,1.7395449913527132,-0.4138660719983069,3.725578525861538,-0.3570075733917407,4.016660064299928,-0.5515817092364583,2.3737752831058594,-0.5813278727826847,1.4188742913952874,-0.6577605912334509,0.8735412908784831,-0.3985739432961744,1.5109770650964247,-0.5668002696924006,2.019780667715194,-0.6019810376736636,1.699218533270906,-0.6471708867292159,0.5904757415058127,-0.4253693105497155
2023-03-10 00:00:00+00:00,2.1594153154290083,-0.7015854525594094,1.730509484614724,-0.4169105560916474,3.725578525861538,-0.3570075733917407,3.9749335677096074,-0.5562400382912084,2.349115659271357,-0.5856771880867271,1.415327105666799,-0.6586161897553673,0.8735412908784831,-0.3985739432961744,1.495280496717346,-0.5713005029160847,1.998798466135907,-0.6061158005384637,1.6832391403449198,-0.6504888796337707,0.5873967809561379,-0.4283656490935106
2023-03-11 00:00:00+00:00,2.1921044217483683,-0.6970680700999861,1.743607661728929,-0.4124971686600059,3.725578525861538,-0.3570075733917407,4.035105886151018,-0.5495224252109788,2.384676438614602,-0.5794051929071067,1.415327105666799,-0.6586161897553673,0.8735412908784831,-0.3985739432961744,1.5179159678956855,-0.5648108742934184,2.0290561637189723,-0.6001532039125542,1.705958847440887,-0.6457713144992783,0.5918409900955627,-0.4240406975631796
2023-03-12 00:00:00+00:00,2.35728385624396,-0.6742415457906954,1.8092998168765508,-0.3903624143840443,3.725578525861538,-0.3570075733917407,4.33915915194967,-0.5155780426722818,2.5643665581533224,-0.5477125364359445,1.415327105666799,-0.6586161897553673,0.8735412908784831,-0.3985739432961744,1.632293959519307,-0.5320185068451966,2.1819495872063355,-0.5700239513973289,1.8252522747492876,-0.6210009901695206,0.6141438821127112,-0.4023362898869784
2023-03-13 00:00:00+00:00,2.5840811416527716,-0.6428999095605294,1.8963373380200783,-0.3610354096759249,4.074707239731679,-0.2967519332618442,4.756635186502014,-0.468971188506909,2.8110875343487836,-0.5041973828879076,1.547959213318518,-0.6266246776239097,0.8735412908784831,-0.3985739432961744,1.7893390425828488,-0.4869934106999289,2.353848226916714,-0.536149521714709,1.9709618900725023,-0.5907455560609046,0.6679782129693405,-0.3499465700699535
2023-03-14 00:00:00+00:00,2.6437636225813095,-0.6346522508497812,1.9182364407971044,-0.3536565794679005,4.168817534182076,-0.2805095681694362,4.86649543207497,-0.4567064355146056,2.8760130026140387,-0.4927462214815806,1.583711204514873,-0.6180011227371445,0.8915329308247714,-0.3861868458807228,1.83066599302657,-0.4751449027376238,2.3868578231694473,-0.5296446345963532,2.003629458928889,-0.5839623971401247,0.6832532170929287,-0.3350814612536126
2023-03-15 00:00:00+00:00,2.6025325261468297,-0.6403500704841345,1.903278410699577,-0.3586966382072917,4.103802297456114,-0.2917304576336489,4.79059948557506,-0.4651794280159769,2.8311598363003965,-0.5006571516722407,1.5590122681803291,-0.6239586268089002,0.8776289342906712,-0.3957596341338322,1.8021156470527104,-0.4833303361646197,2.363471990699202,-0.5342530581354665,1.980928957566839,-0.588675974357857,0.6726005644062646,-0.3454482565807192
2023-03-16 00:00:00+00:00,2.6789528497059103,-0.629789370971074,1.9312221828729104,-0.3492810766503561,4.224305651878514,-0.270932950954716,4.931269836109214,-0.4494750474764633,2.91429353340653,-0.4859945329911138,1.6047908399253323,-0.6129166117246885,0.9033994814210092,-0.3780168225443394,1.8550326651706543,-0.4681589358125484,2.406969524957575,-0.5256814128444676,2.022930413054502,-0.5799547086668173,0.6923395355351383,-0.3262389685583216
2023-03-17 00:00:00+00:00,2.935753728044484,-0.5943014695265447,2.023784385466947,-0.3180925488108193,4.629242006727794,-0.2010455475302422,5.4039748429839625,-0.39670245337468,3.193653858541546,-0.4367226484884803,1.758623968152193,-0.5758113098862171,0.989998161328718,-0.318394337475233,2.0328536439216855,-0.4171773545447584,2.5499316634047036,-0.4975092241973466,2.1622758961835973,-0.5510207356150477,0.7586784938829777,-0.2616801752104032
2023-03-18 00:00:00+00:00,2.883496595191177,-0.6015230023829348,2.00577245747593,-0.3241616083388794,4.5468403692046016,-0.215267131775411,5.307782771895681,-0.4074412969441893,3.1368060404228073,-0.4467491228177161,1.727320032312876,-0.5833619720968759,0.9723759524401188,-0.3305270846194729,1.996668352925732,-0.4275517398763775,2.523630101820628,-0.5026922227360435,2.134624124206758,-0.5567624045033771,0.7456651251167902,-0.2743443382581776
2023-03-19 00:00:00+00:00,2.9976662781524923,-0.5857456324490886,2.045480915246344,-0.3107819749039526,4.726868784807215,-0.1841962774092436,5.517940077891974,-0.3839794210478646,3.261005303131653,-0.4248436080509186,1.795711852435284,-0.5668655310625235,1.0108763808416772,-0.3040198535626889,2.0757247989130763,-0.4048861204755898,2.579953239511558,-0.4915931577845671,2.1960423124055306,-0.5440094098434394,0.7736868743685386,-0.2470745353513351
2023-03-20 00:00:00+00:00,2.9702474650693835,-0.5895347010173684,2.0361261949946337,-0.3139340169343391,4.68363344115886,-0.1916582053580765,5.467469026894009,-0.3896139885888675,3.2311778018112927,-0.4301044023292351,1.7792869795293542,-0.5708272906253549,1.001630177974322,-0.3103857888516833,2.0567387260842995,-0.4103294602978932,2.566712991805028,-0.4942022874476697,2.181339084159812,-0.5470624173775372,0.7671689676043275,-0.2534175381106693
2023-03-21 00:00:00+00:00,3.011876137508469,-0.5837819394445005,2.0503945735410136,-0.3091263340027804,4.749275595437139,-0.1803291170636823,5.544096809551203,-0.3810592941974895,3.2764634703914037,-0.4221171900047027,1.8042240784468773,-0.5648123405754153,1.015668245534131,-0.3007206937904673,2.0855643723403245,-0.4020650978052332,2.586706339528387,-0.4902623886054439,2.2036200151648164,-0.5424359605825948,0.7766696121902082,-0.244171837458032
2023-03-22 00:00:00+00:00,2.9203050604369603,-0.5964363562802508,2.01922515771038,-0.319628765515127,4.604881781837828,-0.2052498449315699,5.37553778087239,-0.39987715538637,3.176848056187356,-0.4396867542618021,1.7493696506421528,-0.578043496467073,0.9847885443297424,-0.3219811163045204,2.022156261528984,-0.4202443125248386,2.542362916150664,-0.4990007252183812,2.1545528673408385,-0.5526243606726853,0.7558935557272458,-0.2643903812697131
2023-03-23 00:00:00+00:00,3.0322307429841424,-0.5809690899023326,2.057920285328205,-0.3065905703216094,4.7813717463500165,-0.174789686927665,5.58156445367906,-0.3768764216940184,3.298606187505409,-0.4182117914851081,1.816417232358205,-0.561871292301499,1.0225322483975152,-0.2959948837819016,2.099658856328044,-0.3980241849394147,2.5965108010806284,-0.4883303166356662,2.2142682434154692,-0.5402249413063687,0.7759340063637766,-0.2448877037561598
2023-03-24 00:00:00+00:00,2.9421128008512993,-0.5934226946932698,2.0273395748040617,-0.3168946395291901,4.639269307955395,-0.1993149495294455,5.415680276292097,-0.3953956635760279,3.200571563256431,-0.4355025455709654,1.7624332855845306,-0.5748924839170995,0.9921425749852056,-0.3169179261563519,2.0372569643377707,-0.4159149149877528,2.547166081455331,-0.4980542111235572,2.1670539797052366,-0.550028604856664,0.757340501564427,-0.2629822633309536
2023-03-25 00:00:00+00:00,2.9430215460046827,-0.5932971131195224,2.0276526720810137,-0.3167891424378825,4.640702262360687,-0.1990676379176027,5.4173530446516,-0.3952089163988698,3.2015601398655007,-0.435328186407829,1.762977657202768,-0.5747611788241079,0.9924490230439686,-0.3167069391663939,2.0378862221255765,-0.4157345056948069,2.547500425869084,-0.4979883250505056,2.1674808666394783,-0.5499399652052441,0.757331869758261,-0.2629906635079292
2023-03-26 00:00:00+00:00,2.997149750836537,-0.5858170125417138,2.0462990186072996,-0.3105063176839026,4.726054298930626,-0.1843368483961631,5.516989282668765,-0.3840855674386551,3.260443399917537,-0.424942713141286,1.7954024336617107,-0.5669401643818888,1.010702196921484,-0.3041397777716037,2.075367131161045,-0.4049886644369104,2.5757901806453996,-0.4924135321927875,2.195775247908482,-0.5440648636463697,0.7666025995730024,-0.2539687080054613
2023-03-27 00:00:00+00:00,2.9067960493478626,-0.5983031974579156,2.015454598732682,-0.3208992428844081,4.583580103496895,-0.2089262720293179,5.350671132358346,-0.4026532578807764,3.1621523053218654,-0.4422787019156931,1.7412772584021723,-0.5799954209980294,0.9802330204750612,-0.325117557336845,2.0128019883295956,-0.4229261987829468,2.5253265489853285,-0.5023579200313348,2.14794123390102,-0.5539972133800719,0.7516788570235847,-0.2684919811351602
2023-03-28 00:00:00+00:00,2.921387410206911,-0.5962867838869903,2.0205131279252853,-0.3191947882136118,4.6065884846082845,-0.2049552874693511,5.377530111111895,-0.3996547324513112,3.178025488233537,-0.4394790859189151,1.7500180177817994,-0.5778871071464108,0.9851535355318072,-0.3217298228377069,2.022905731299838,-0.4200294382490421,2.5340990633364533,-0.5006292040797273,2.155531683715738,-0.552421117295304,0.7525251719896642,-0.2676683765088125
2023-03-29 00:00:00+00:00,3.037930761228067,-0.5801813913283203,2.0608154462497783,-0.3056150554303048,4.790359817672836,-0.1732384481736648,5.592056735405714,-0.3757050676429517,3.304806941023857,-0.4171181400833115,1.819831751977788,-0.5610476934929827,1.0244544149359136,-0.2946714877918226,2.1036058164381144,-0.3968925846691563,2.609078145045246,-0.4858537897117534,2.216668363712228,-0.5397265755579569,0.7622957495149688,-0.2581599864005661
2023-03-30 00:00:00+00:00,3.0036309898550093,-0.5849213552798926,2.0491816230648388,-0.3095350336516,4.736274237896673,-0.1825730033154725,5.528919592855418,-0.3827536724770359,3.26749400290298,-0.4236991704306138,1.799284933127632,-0.5660036865488549,1.012887807604739,-0.3026350026356763,2.079855045194831,-0.4037019717438246,2.587362306633839,-0.4901331234080859,2.1990551392857913,-0.5433838204823378,0.7572815051733705,-0.2630396765902714
2023-03-31 00:00:00+00:00,3.050443153222063,-0.5784522752256378,2.065150066797054,-0.3041545193818546,4.810089977621175,-0.1698332472539988,5.615088862016057,-0.3731337704253816,3.3184185217874203,-0.4147174117946527,1.827327132891164,-0.5592397710097643,1.0286738577827532,-0.2917664357932962,2.1122699838088956,-0.3944085529422269,2.6169328024629444,-0.4843059470945855,2.2231405754852767,-0.5383826726425446,0.7672590162001773,-0.2533299059133072
2023-04-01 00:00:00+00:00,3.0490896801929077,-0.5786393147629526,2.0646919161651343,-0.3043088917210804,4.807955754255746,-0.1702015899022977,5.612597462914578,-0.373411909204569,3.3169461488425434,-0.4149771000293715,1.8265163529927744,-0.5594353350810477,1.0282174380914584,-0.2920806770295191,2.1113327755706894,-0.3946772521603762,2.6140291892209744,-0.4848781345345581,2.222440039170847,-0.5385281333951167,0.7667667462801381,-0.253808966073893
2023-04-02 00:00:00+00:00,3.0189917835208138,-0.5827986120274218,2.0545015166573517,-0.307742513111211,4.760495898799335,-0.1783926204803843,5.5571949014227915,-0.3795970285650242,3.2842042117643113,-0.4207519248593878,1.8084866109293043,-0.5637841969227458,1.018067791654636,-0.2990686258502296,2.0904915795467303,-0.4006524590019775,2.5882258220894334,-0.4899629586317404,2.206961061804523,-0.541742219018339,0.7591818734784622,-0.2611903034956553
2023-04-03 00:00:00+00:00,2.979140950951379,-0.5883056898374983,2.0409417586611776,-0.3123114286934803,4.697657130556882,-0.1892378762700056,5.483839669129298,-0.3877863767690136,3.2408525627531244,-0.4283980265098122,1.7846145031847251,-0.5695422659004296,1.0046292492475253,-0.3083209527317988,2.0628969930430285,-0.4085638745406312,2.554061120333377,-0.4966954714032964,2.185536841421654,-0.5461907867170767,0.7491794642845321,-0.2709243042127963
2023-04-04 00:00:00+00:00,3.018305938122034,-0.5828933905736462,2.054357279965816,-0.3077911131870884,4.759414423776474,-0.178579270753473,5.555932434736374,-0.3797379698308039,3.283458116210297,-0.4208835166806229,1.8080757644249743,-0.5638832951061357,1.0178365101008524,-0.2992278613143488,2.0900166680087637,-0.4007886169589177,2.5876378367955444,-0.4900788273001942,2.206401310870733,-0.5418584468146785,0.7590071118920046,-0.2613603754628109
2023-04-05 00:00:00+00:00,3.0187924597017934,-0.5828261570424182,2.054522851178564,-0.3077353245148928,4.760181595120817,-0.1784468657160005,5.556827997042052,-0.3796379896203914,3.283987377743926,-0.4207901687324342,1.8083672086639837,-0.5638129973322934,1.0180005754530677,-0.2991149036569892,2.090353558381009,-0.4006920299082133,2.5880549388633973,-0.4899966329635098,2.206659429850586,-0.541804850476717,0.7591286629466775,-0.2612420861556634
2023-04-06 00:00:00+00:00,3.0041978839424384,-0.584843014887779,2.049556479723566,-0.3094087269409892,4.737168144595258,-0.1824187251991224,5.529963100475911,-0.3826371757120399,3.268110697509345,-0.4235904015658742,1.7996245234413673,-0.5659217757066468,1.0130789762640382,-0.3025033845723652,2.080247589262932,-0.403589428682541,2.5755427955548287,-0.4924622820192502,2.1989026739820883,-0.5434154786810079,0.7554680795087015,-0.2648044400965555
2023-04-07 00:00:00+00:00,2.990535629272051,-0.5867310331468658,2.044896073906593,-0.310979035257913,4.715624824178903,-0.1861368569672639,5.504814369561621,-0.3854447697705188,3.253248240918504,-0.4262117517673224,1.7914403326855757,-0.5678958424879543,1.0084717754371837,-0.3056754047787041,2.0707872030167795,-0.4063017377341529,2.5638299447551423,-0.494770422103811,2.1916111711704915,-0.5449295008159212,0.7526989154456962,-0.2674992953511809
2023-04-08 00:00:00+00:00,2.99397021443313,-0.5862563999583512,2.046070340088651,-0.3105833701539746,4.721040648316829,-0.1852021473965608,5.5111365660147,-0.384738962337981,3.256984547560095,-0.4255527646000433,1.793497774945542,-0.5673995773664475,1.0096299900932404,-0.3048779834310442,2.0731654709530036,-0.4056198842154129,2.5667744648596993,-0.4941901735375692,2.193421741339118,-0.5445535504277852,0.7529943020198733,-0.2672118352933962
2023-04-09 00:00:00+00:00,3.035268823774052,-0.5805492505608539,2.060182013486739,-0.3058284885035343,4.786162342740354,-0.1739628845460908,5.587156786579054,-0.3762520959307595,3.301911157654836,-0.4176288808394804,1.818237153982856,-0.5614323183172644,1.0235567534052912,-0.2952895204369355,2.101762566031382,-0.3974210477395304,2.602180366822076,-0.4872130692486988,2.2171096102885333,-0.5396349542419207,0.7581871098655386,-0.2621583732410383
2023-04-10 00:00:00+00:00,3.1760364486068116,-0.5610962501312402,2.107954870785274,-0.2897315823358587,5.008131711573337,-0.1356534992766934,5.846274128758006,-0.3473243415709119,3.4550449385678306,-0.390620070755407,1.9025621151013232,-0.5410927258583249,1.0710265695645202,-0.2626069390372749,2.1992366751004995,-0.3694750525711521,2.7228625109388935,-0.4634313871381211,2.299264433786668,-0.5225761634164893,0.7757689652808689,-0.2450483160634784
2023-04-11 00:00:00+00:00,3.2363779840982394,-0.5527575151612294,2.1279793943869496,-0.282984385377253,5.103281235928515,-0.1192317749374891,5.957347525912442,-0.3349241528310234,3.5206873580295217,-0.379042457833362,1.938708904110433,-0.5323739438109586,1.0913750097683437,-0.248597203859729,2.2410199858502353,-0.3574957053220997,2.7745941920769264,-0.45323711685171,2.333473426409015,-0.5154729402015238,0.7831466924761331,-0.2378685656236392
2023-04-12 00:00:00+00:00,3.2029055137374605,-0.5573831524914186,2.1169750049804983,-0.2866922779699291,5.050500185398679,-0.1283411831873834,5.8957332338026385,-0.3418027472632607,3.484274397670675,-0.3854647555462993,1.9186576688561257,-0.5372103996831169,1.0800873858114206,-0.2563686409249888,2.217842076649624,-0.3641408518612088,2.7458977535540443,-0.4588920510066444,2.31293374233667,-0.5197378410228193,0.7790952552204984,-0.2418112850612455
2023-04-13 00:00:00+00:00,3.2549622511383114,-0.5501893127415034,2.1341785739658725,-0.2808955923336442,5.1325858294386295,-0.1141741358188827,5.991556427905982,-0.3311050849698465,3.540904215994725,-0.3754767307023307,1.9498415604824584,-0.5296886927229173,1.097642017121024,-0.2442824203929212,2.253888604430578,-0.3538062501826333,2.7905267560872944,-0.4500974380261976,2.348640948614525,-0.5123235257468781,0.7854266402922945,-0.2356497987998397
2023-04-14 00:00:00+00:00,3.264938086790256,-0.548810729168373,2.1374489981771427,-0.2797936337187693,5.148316221607103,-0.1114592492685939,6.009919400380776,-0.3290550502149337,3.551756408982736,-0.3735626865400212,1.955817451277475,-0.5282472786773299,1.1010060795962922,-0.2419662908062234,2.26079634116016,-0.3518257901495752,2.7990791859323245,-0.4484120920345764,2.355629423180595,-0.5108724249991035,0.7866302197327151,-0.2344785166708003
2023-04-15 00:00:00+00:00,3.246523137833009,-0.5513555331344997,2.1314211634749465,-0.2818246926732122,5.119278617243258,-0.1164708091010313,5.976022169850446,-0.3328393232011212,3.5317237433574302,-0.377095926940185,1.9447862226362067,-0.5309080649013468,1.0947961698772024,-0.2462417630178266,2.2480449663657533,-0.3554816312934219,2.7832917807913864,-0.451523165782564,2.3424527713606316,-0.5136084511702437,0.7844118277262326,-0.2366373794970786
2023-04-16 00:00:00+00:00,3.247547619397437,-0.5512139576810768,2.131757461969568,-0.2817113780083927,5.120894070558658,-0.1161920002556047,5.977907979463284,-0.3326287921853625,3.532838223591241,-0.3768993616572149,1.94539992460205,-0.5307600369899083,1.0951416466981667,-0.2460039050432984,2.2487543654755915,-0.3552782453452422,2.7841700838241343,-0.451350086959061,2.343142215517514,-0.5134652936153092,0.7845355935593568,-0.2365169348436926
2023-04-17 00:00:00+00:00,3.1538461350559666,-0.564162780376037,2.101003665281651,-0.2920737680260472,4.973140925169582,-0.141692510534275,5.8054274136397845,-0.3518844521810715,3.430905250072533,-0.3948776830090261,1.8892693048432496,-0.5442990166137205,1.0635435271673377,-0.2677589527177721,2.183871060699442,-0.3738804007185934,2.7038384305004977,-0.4671802816969885,2.2755007169647907,-0.5275105088053318,0.7732174825660874,-0.247531331314497
2023-04-18 00:00:00+00:00,3.255623448968073,-0.5500979402992839,2.13490425846453,-0.2806510753433954,5.133628438952858,-0.1139941932899828,5.992773524695858,-0.3309692087808055,3.5416234987397677,-0.3753498679621712,1.9502376421905392,-0.529593155880493,1.0978649869939685,-0.2441289074532937,2.25434644883515,-0.3536749854022704,2.791093610659685,-0.4499857333880162,2.348933072526943,-0.5122628685571375,0.7856937743865678,-0.2353898330840992
2023-04-19 00:00:00+00:00,3.08599352081446,-0.5735394885186842,2.079286085531636,-0.2993914346508509,4.86614755950934,-0.1601583470048549,5.68052803366487,-0.3658281680019768,3.3570919185200716,-0.407896431985817,1.8486231046640595,-0.5541030786101172,1.0406621925721555,-0.2835125650328371,2.1368867265596916,-0.3873508903429498,2.64566739166735,-0.4786434949477647,2.226545040072917,-0.537675762849543,0.7652249463008328,-0.2553093928024208
2023-04-20 00:00:00+00:00,3.026683968321509,-0.5817356113949228,2.0593052387790554,-0.3061239148396979,4.772625317102624,-0.176299221011271,5.571354254352654,-0.3780162841810124,3.292572139712312,-0.4192760403393474,1.8130945112544343,-0.5626727488596641,1.0206617588312907,-0.2972827005979661,2.0958180092647396,-0.3991253624161688,2.5948204446512166,-0.4886634190971117,2.183753184211447,-0.5465611488450397,0.7578625333408718,-0.2624742399550086
2023-04-21 00:00:00+00:00,2.9215770893250115,-0.5962605716953,2.0235487559723557,-0.3181719433892316,4.6068875800442965,-0.2049036670031997,5.377879262054859,-0.3996157533824938,3.1782318302851937,-0.439442692555855,1.7501316425181532,-0.5778597003050671,0.9852174993365256,-0.3216857842796613,2.0230370740220587,-0.4199917820640754,2.5047107796355985,-0.5064204735824691,2.107918546669683,-0.5623076036977694,0.7447001604929867,-0.2752834086519202
2023-04-22 00:00:00+00:00,2.9809466532903555,-0.5880561556962667,2.0441090909612316,-0.3112442065569182,4.7005044515155125,-0.1887464610978885,5.487163507202136,-0.3874153048427026,3.2428168924539293,-0.4280515699179665,1.7856961849969073,-0.5692813589644735,1.0052381702133466,-0.3079017156114219,2.0641473460765827,-0.4082053961696241,2.5545152053883973,-0.4966059891811443,2.150753700822386,-0.5534132271590302,0.7522752729734421,-0.2679115696391829
2023-04-23 00:00:00+00:00,2.9567009468100407,-0.5914067253967799,2.0357961496715102,-0.3140452246137164,4.688753190386724,-0.1907745949451436,5.442533337233053,-0.3923977988087461,3.216441248845192,-0.4327035464108498,1.7711721191211682,-0.5727846345882155,0.9970620059096684,-0.3135309380734518,2.04735848116018,-0.413018792694271,2.5344570861689664,-0.5005586519259397,2.1332604179808325,-0.5570455671743544,0.7492121935825503,-0.2708924531852884
2023-04-24 00:00:00+00:00,2.9481632432286635,-0.5925865702057957,2.0328568899373196,-0.3150355984539922,4.663492168476552,-0.1951343596538663,5.4268175995913435,-0.3941522973469767,3.2071535249720076,-0.4343416589730067,1.7660577220899192,-0.5740182521305073,0.9941829119424904,-0.3155131707963243,2.0414465745617725,-0.4147137465113698,2.527334998504284,-0.5019621339907031,2.12710046286929,-0.5583246324959935,0.7481292534029094,-0.2719463333336473
2023-04-25 00:00:00+00:00,3.032807281772493,-0.5808894166869125,2.062039333843903,-0.3052026705557872,4.797384622282834,-0.1720260468965806,5.582625714737332,-0.3767579429424722,3.299233374080503,-0.4181011721103823,1.816762600200908,-0.561787987891087,1.022726669453665,-0.295861026469876,2.100058078839649,-0.3979097271568613,2.599684256865161,-0.4877049538928011,2.1881711562846684,-0.54564379234349,0.7588750701045406,-0.2614888739904103
2023-04-26 00:00:00+00:00,3.045077484610044,-0.5791937692583656,2.066210657395739,-0.3037971568895368,4.816793993514216,-0.1686762104563137,5.605212032799033,-0.3742364156093806,3.3125814898515547,-0.4157469121835971,1.824112900942442,-0.5600150594538783,1.0268644410018246,-0.2930122044946168,2.108554543073585,-0.3954737762084765,2.6102021204092902,-0.4856322985789645,2.1970241104740955,-0.5438055473412596,0.7604125235839738,-0.2599926771261133
2023-04-27 00:00:00+00:00,3.158400577157241,-0.5635333915925151,2.104657853359301,-0.2908425014464205,4.9960518266125735,-0.1377383498549734,5.813810981479279,-0.3509485140880027,3.4358597908609134,-0.3940038310711365,1.8919975824110673,-0.5436409427396476,1.0650793812354316,-0.2667015297138551,2.187024770131252,-0.3729762267857868,2.7073412500219183,-0.466490014375681,2.278786747995801,-0.5268281907914034,0.77458155018966,-0.24620386760364
2023-04-28 00:00:00+00:00,3.141139777410128,-0.5659187010363236,2.098906828931658,-0.292780290094926,4.968748180986035,-0.1424506481557051,5.782038245669687,-0.3544956093503701,3.417082664160098,-0.3973156271096282,1.881657731402867,-0.5461349653019288,1.0592586750060682,-0.270709038495995,2.1750725824093298,-0.37640293961772,2.6925455095760413,-0.4694056701957655,2.266333076980159,-0.5294140957914841,0.7724170197666986,-0.2483103141887452
2023-04-29 00:00:00+00:00,3.132432755745927,-0.5671219442989388,2.095997816833235,-0.293760472094431,4.954975155548919,-0.1448277154986893,5.766010836564768,-0.3562849027635902,3.4076107479470163,-0.3989862264026526,1.8764419066408615,-0.5473930477082449,1.0563224834052998,-0.272730582474072,2.1690434320249863,-0.3781315074304384,2.685081960117871,-0.4708764408878985,2.26005095883264,-0.5307185272886998,0.7713304321540398,-0.2493677438935083
2023-04-30 00:00:00+00:00,3.1327285265741507,-0.5670810710508796,2.096096771074009,-0.2937271297904805,4.955443014628383,-0.1447469683495615,5.766555275323286,-0.3562241218427227,3.4079325016546855,-0.3989294774297448,1.876619084195854,-0.547350311616658,1.056422223575369,-0.2726619121801705,2.1692482376257347,-0.3780727893115079,2.685335491151773,-0.4708264799388488,2.2602643575537127,-0.5306742167541483,0.7713657758902692,-0.2493333485846249
2023-05-01 00:00:00+00:00,3.007888589494625,-0.5843329878359085,2.0543318069550724,-0.3077996962337582,4.757967494838003,-0.1788289942106002,5.536756749332201,-0.381878735525562,3.272125624209389,-0.4228822730778525,1.801835391192795,-0.5653885036072802,1.0143235601253366,-0.3016464987310729,2.082803206976617,-0.4028567286767557,2.5783242672589037,-0.4919141638502372,2.170192314034298,-0.5493769548794605,0.7559836134946235,-0.2643027401469354
2023-05-02 00:00:00+00:00,3.0723580569799616,-0.5754238044908092,2.0763475288962288,-0.3003815715843185,4.746072576100908,-0.1808819217250737,5.6554286178555175,-0.3686302565422613,3.3422586062868085,-0.4105126418817484,1.8404549625998428,-0.5560732743686363,1.0360640261809952,-0.286678365103859,2.1274448915454904,-0.3900578807243688,2.631490933988189,-0.4814371146041534,2.21670704975796,-0.5397185427105367,0.7641180727012306,-0.2563865641321892
2023-05-03 00:00:00+00:00,3.1105403562901768,-0.5701473051127193,2.0892496258116955,-0.2960342527267359,4.793190091432275,-0.1727499751539941,5.725712505413459,-0.3607837920114267,3.3837951447079933,-0.4031866784589227,1.863327557833106,-0.5505562926902305,1.0489399039330418,-0.2778134282498424,2.1538841073232327,-0.3824777119653338,2.663970847049396,-0.4750366071135578,2.244255587554404,-0.5339983095725919,0.7688860572244495,-0.2517465255306396
2023-05-04 00:00:00+00:00,3.0903936477010094,-0.5729314249080628,2.0824836786513994,-0.2983140162312327,4.762145001858276,-0.1781080040724265,5.688627546499924,-0.3649239416937081,3.3618785878088,-0.4070521882077053,1.851258941768404,-0.5534673018273067,1.0421460082906486,-0.2824909700083468,2.13993358089546,-0.3864773519504547,2.646716531657857,-0.4784367509101416,2.22971973264076,-0.5370165633753805,0.7663875510103252,-0.2541779858726966
2023-05-05 00:00:00+00:00,3.161919821359733,-0.5630470591772008,2.1065828883672046,-0.2901938672712008,4.8723633265187365,-0.1590855764043,5.820289013663966,-0.3502253092179699,3.439688193672454,-0.3933286005384236,1.8941057385364128,-0.5431324451861284,1.066266144708284,-0.2658844527385927,2.1894616599604446,-0.3722775662692368,2.7079739402114904,-0.4663653361387058,2.2813258835030576,-0.5263009596484054,0.7752768450899006,-0.2455272305128805
2023-05-06 00:00:00+00:00,3.0914695676703468,-0.572782741063673,2.083114662212221,-0.2981014084085852,4.763802941748292,-0.1778218625280591,5.690608041114244,-0.3647028400830159,3.3630490252091616,-0.4068457535381424,1.8519034572220725,-0.5533118415521139,1.0425088312281467,-0.2822411693740095,2.140678598370646,-0.3862637541555044,2.6476379855223846,-0.4782551687627068,2.2304960091478505,-0.5368553757786784,0.7665778993174984,-0.2539927454448549
2023-05-07 00:00:00+00:00,3.046664573728161,-0.5789744457787429,2.068019262147903,-0.3031877535036755,4.694760644137177,-0.1897377768408071,5.608133459615576,-0.3739102687115366,3.3143080015945188,-0.41544240048477,1.8250636254313697,-0.5597857400638775,1.0273996409723771,-0.292643723678428,2.1096535180544125,-0.395158698186244,2.6092654894308813,-0.4858168715358543,2.198169195640432,-0.5435677795815823,0.7609757003352591,-0.2594446128753311
2023-05-08 00:00:00+00:00,2.9650800486429523,-0.5902487981265778,2.040330232836262,-0.3125174802964077,4.5690428933734415,-0.2114352289466149,5.457957129453532,-0.3906758929382267,3.2255564381215125,-0.4310958644573532,1.776191507898292,-0.5715739335008323,0.9998876160175344,-0.3115855285516565,2.0531605644654345,-0.4113553254047143,2.539393772139749,-0.4995858261836057,2.1393059418941203,-0.5557902625741411,0.7507389120549387,-0.2694067032607483
2023-05-09 00:00:00+00:00,2.9607377899619256,-0.5908488647973615,2.0388362357905914,-0.3130208776567258,4.557620286140008,-0.2134066408742484,5.449964137245147,-0.3915682273271949,3.220832720645155,-0.4319290051755482,1.773590335967751,-0.5722013488744191,0.998423314680142,-0.3125936880838618,2.0501537807906827,-0.4122173754695923,2.5356749165032326,-0.5003186656869969,2.136173001249967,-0.556440792595891,0.7501863259702675,-0.269944461038918
2023-05-10 00:00:00+00:00,2.957574328060052,-0.5912860308418217,2.037747017289387,-0.3133878862260567,4.557620286140008,-0.2134066408742484,5.444141009654043,-0.3922183189156042,3.21739135490226,-0.4325359724509954,1.7716953064665275,-0.5726584392453047,0.9973565285133152,-0.3133281616621121,2.047963251321811,-0.4128454040459794,2.5329656218736676,-0.5008525606065457,2.133890562755016,-0.5569147226610949,0.7497827109594427,-0.2703372452900563
2023-05-11 00:00:00+00:00,2.890047490382966,-0.6006177191750124,2.0144842693749965,-0.3212261921502811,4.557620286140008,-0.2134066408742484,5.3198413013551775,-0.406095087635264,3.1439324187379567,-0.4454922153126994,1.7312442583768946,-0.5824154296045911,0.9745850526561806,-0.3290061371317204,2.001204500162595,-0.4262512186407893,2.475133378481802,-0.512249010662617,2.0851699337298313,-0.5670311708991334,0.7412224446528094,-0.2786678021341267
2023-05-12 00:00:00+00:00,2.8714428623076182,-0.6031887353328294,2.008000166480481,-0.3234109891621561,4.557620286140008,-0.2134066408742484,5.285594919881885,-0.4099183396902687,3.123693411060994,-0.4490618490759236,1.7200994049992724,-0.5851036226699519,0.9683111791323726,-0.333325647901369,1.9883217826459691,-0.4299447159696022,2.459199752443902,-0.5153888987717921,2.0717466902640984,-0.5698183998496766,0.7388364716483379,-0.2809897490257513
2023-05-13 00:00:00+00:00,2.869328529539191,-0.603480919819862,2.007260889964356,-0.3236600859377093,4.557620286140008,-0.2134066408742484,5.281702971800161,-0.4103528351861805,3.121393338360882,-0.4494675219873251,1.7188328422601415,-0.5854091237884333,0.9675981814673492,-0.3338165409805993,1.986857719420331,-0.4303644654212323,2.457388967110524,-0.5157457330117208,2.0702211986819377,-0.5701351559535544,0.7385644170200729,-0.281254503235991
2023-05-14 00:00:00+00:00,2.8845821598614365,-0.6013729857152386,2.0125962872987166,-0.3218623414628127,4.557620286140008,-0.2134066408742484,5.309781019947783,-0.4072182133469466,3.1379869697918994,-0.446540837638167,1.7279703252955123,-0.583205118253479,0.9727420277744676,-0.330275044736421,1.9974200488444227,-0.4273362273601572,2.4704526865404803,-0.5131713900967966,2.081226696492619,-0.5678499525158474,0.7405275951311455,-0.2793440057977685
2023-05-15 00:00:00+00:00,2.9107857406285813,-0.5977518528835503,2.021737512343321,-0.3187822359359215,4.557620286140008,-0.2134066408742484,5.358015137785751,-0.4018333761112472,3.166492483052489,-0.4415132076181015,1.7436672295515818,-0.5794189482843413,0.9815784286387124,-0.3241912547854131,2.015564637791865,-0.4221341424178073,2.4928943099422844,-0.5087490328566866,2.100132586085621,-0.5639242960272415,0.7438911473245,-0.2760707124513893
2023-05-16 00:00:00+00:00,2.8970366836499104,-0.5996518665523937,2.0169626874798596,-0.3203910973719022,4.557620286140008,-0.2134066408742484,5.33270662593146,-0.4046588080486766,3.151535598743093,-0.4441512124094248,1.7354310410350855,-0.5814055571794842,0.9769419562402069,-0.3273834282301795,2.006044145554188,-0.4248636839608445,2.481119157470293,-0.5110694501391424,2.090212638290831,-0.5659840937022296,0.7421342414562807,-0.2777804728350751
2023-05-17 00:00:00+00:00,2.9368767998849896,-0.5941462696571018,2.030831346507293,-0.3157180986094243,4.557620286140008,-0.2134066408742484,5.319374859366632,-0.4061471610285548,3.194875590011249,-0.4365071668812073,1.759296729303035,-0.5756490366109159,0.9903768848730398,-0.318133589402737,2.0336313115651095,-0.4169543958902678,2.5152395661570623,-0.5043456657813977,2.118957291382563,-0.560015496807215,0.7472372020283257,-0.2728144470602077
2023-05-18 00:00:00+00:00,2.8742580433429237,-0.6027996990188735,2.0091811135676756,-0.3230130729493415,4.557620286140008,-0.2134066408742484,5.192659121469437,-0.4202936543068215,3.126755900155366,-0.4485217057721973,1.7217858015100158,-0.5846968555953189,0.9692605176351689,-0.3326720360822417,1.990271146099468,-0.4293858301057237,2.46161076768505,-0.5149137829338332,2.073777844033149,-0.5693966470443613,0.7392710622421247,-0.2805668204023003
2023-05-19 00:00:00+00:00,2.8805785373460573,-0.6019262554788238,2.0113902083998054,-0.3222687257564141,4.557620286140008,-0.2134066408742484,5.179677473665763,-0.4217429201710545,3.1336316369953363,-0.4473090048946271,1.7255720088264848,-0.583783603899017,0.9713919217042558,-0.3312045817582174,1.9946477527415425,-0.4281310494337959,2.4670238502477786,-0.5138470782470113,2.078338081920419,-0.5684497501864438,0.7400838914150489,-0.2797758029985172
2023-05-20 00:00:00+00:00,2.90438701738465,-0.5986361071015287,2.0197024524517637,-0.3194679426315727,4.557620286140008,-0.2134066408742484,5.179677473665763,-0.4217429201710545,3.159531644688389,-0.4427409181877813,1.7398341600557137,-0.5803435033671859,0.979420644017397,-0.3256768719045635,2.011133861552491,-0.4234044536066984,2.487414229240004,-0.509828940229527,2.0955159057829955,-0.5648829127004569,0.7431423561115028,-0.2767994103143728
2023-05-21 00:00:00+00:00,2.8663815375913084,-0.6038881713856701,2.0064880012980844,-0.3239205082160187,4.557620286140008,-0.2134066408742484,5.179677473665763,-0.4217429201710545,3.118187459027224,-0.4500329555941946,1.717067486186848,-0.5858349362951863,0.9666043935409354,-0.3345007558654868,1.9848170839056312,-0.4309495191424598,2.454865064593146,-0.5162430944713273,2.0680949433089317,-0.5705766558449197,0.7382801357108241,-0.2815311560317771
2023-05-22 00:00:00+00:00,2.8772575453291527,-0.6023851909706199,2.010294643704515,-0.3226378726548402,4.557620286140008,-0.2134066408742484,5.179677473665763,-0.4217429201710545,3.13001890242988,-0.447946197166514,1.7235826130187986,-0.5842634558838997,0.9702720130555446,-0.3319756297321323,1.9923481420287947,-0.4287903517909175,2.464179641556376,-0.5144075593973098,2.075941985410984,-0.5689472804276587,0.7396807750703929,-0.2801681019648857
2023-05-23 00:00:00+00:00,2.916944417982942,-0.59690077115675,2.02415894091538,-0.3179663435920201,4.557620286140008,-0.2134066408742484,5.179677473665763,-0.4217429201710545,3.1731921879726857,-0.4403315541858537,1.7473565027709366,-0.5785290775656826,0.983655264716204,-0.3227613700787041,2.0198291949929517,-0.4209114865138447,2.4981688073122417,-0.5077096378354646,2.1045760732233196,-0.5630016415269952,0.7447820941466555,-0.2752036736372745
2023-05-24 00:00:00+00:00,2.821504744208938,-0.6100897982297977,1.9910446539586744,-0.3291240929939576,4.557620286140008,-0.2134066408742484,5.179677473665763,-0.4217429201710545,3.0693683285342703,-0.4586433785596078,1.6901846439027235,-0.5923192091480236,0.9514709909975044,-0.3449199801325552,1.9537422862877671,-0.4398587172093164,2.4164310770584914,-0.5238169147782179,2.035716326488789,-0.5772998161906313,0.7325978089614713,-0.2870610010501948
2023-05-25 00:00:00+00:00,2.837019853089469,-0.6079457298044262,1.9965189092573,-0.3272795607875371,4.557620286140008,-0.2134066408742484,5.179677473665763,-0.4217429201710545,3.0862464088952564,-0.4556665248286037,1.6994787621678709,-0.5900774224306518,0.9567030133970028,-0.3413177753676814,1.964485675735709,-0.4367785689271578,2.4297187354754444,-0.5211984423374231,2.04691048113984,-0.5749754396716539,0.734612043241658,-0.2851008175036423
2023-05-26 00:00:00+00:00,2.8618956800299125,-0.6045080823145693,2.0052719426236196,-0.324330255161966,4.557620286140008,-0.2134066408742484,5.179677473665763,-0.4217429201710545,3.1133075277942446,-0.4508936483499607,1.714380293269463,-0.5864831003509203,0.9650916676282196,-0.335542255322992,1.981710865627618,-0.4318400772795722,2.451023226070327,-0.517000169042205,2.0648583960393303,-0.5712486989522851,0.7378326900449205,-0.2819665947694195
2023-05-27 00:00:00+00:00,2.8777933620469502,-0.602311145231382,2.0108415334238656,-0.322453599973777,4.557620286140008,-0.2134066408742484,5.179677473665763,-0.4217429201710545,3.1306017895814544,-0.447843391056174,1.7239035868503068,-0.5841860354281264,0.970452701769438,-0.331851227025789,1.9927191666678312,-0.4286839783870578,2.4646385329231726,-0.5143171300410176,2.0763285772969855,-0.5688670077201378,0.7398820013379166,-0.2799722754800452
2023-05-28 00:00:00+00:00,3.007539236994625,-0.5843812656578911,2.05617112476562,-0.3071799441845161,4.557620286140008,-0.2134066408742484,5.179677473665763,-0.4217429201710545,3.2717455817865657,-0.4229493026617936,1.8016261162546536,-0.5654389817444438,1.014205751083879,-0.3017276092956082,2.0825612989119677,-0.4029260841360714,2.57575724182742,-0.4924200231323048,2.1699402561246273,-0.5494292926847637,0.756560864700313,-0.2637409791210455
2023-05-29 00:00:00+00:00,2.972325362301006,-0.5892475516406032,2.0441337502493546,-0.3112358976913923,4.557620286140008,-0.2134066408742484,5.179677473665763,-0.4217429201710545,3.2334382381851032,-0.4297057202333357,1.7805317160479452,-0.5705270540978653,1.0023308888068023,-0.3099033551564832,2.058177559634488,-0.4099169442377242,2.5455989012015703,-0.4983630404278232,2.14453343737663,-0.554704815023042,0.7521317382084175,-0.268051252737384
2023-05-30 00:00:00+00:00,2.9678245018715113,-0.5898695358502012,2.0425860797241517,-0.3117573801530126,4.557620286140008,-0.2134066408742484,5.179677473665763,-0.4217429201710545,3.228541986111879,-0.4305692915601914,1.7778355358632778,-0.5711773859263611,1.0008131036100976,-0.310948337889766,2.0550609526665817,-0.4108104808301447,2.5417442137204818,-0.499122647020677,2.1412860655342203,-0.5553791057662183,0.7515622758667246,-0.268605433908635
2023-05-31 00:00:00+00:00,2.9159520854215826,-0.5970379038658185,2.024735651625141,-0.3177720228269274,4.557620286140008,-0.2134066408742484,5.179677473665763,-0.4217429201710545,3.1721126809679707,-0.4405219511022031,1.746762059234984,-0.5786724602497747,0.9833206292180736,-0.3229917638908514,2.0191420573614565,-0.4211084900577926,2.4973189405009357,-0.5078771130033175,2.103860105050446,-0.5631503065813239,0.7449942660249349,-0.2749971952603869
2023-06-01 00:00:00+00:00,2.8738990461420024,-0.6028493096641626,2.010135568119954,-0.3226914726466147,4.557620286140008,-0.2134066408742484,5.179677473665763,-0.4217429201710545,3.1263653657638137,-0.4485905858661246,1.7215707490429069,-0.5847487273006866,0.969139456196861,-0.3327553858954911,1.9900225595913148,-0.4294571002863092,2.4613033104692983,-0.5149743706025486,2.0735188274695298,-0.5694504297584,0.7396222106023421,-0.280225094891585
2023-06-02 00:00:00+00:00,2.9194070316179386,-0.5965604569392127,2.026050744465739,-0.3173289066464444,4.557620286140008,-0.2134066408742484,5.179677473665763,-0.4217429201710545,3.175871137321322,-0.439859057302731,1.7488316985005483,-0.5781732531509483,0.9844857100452588,-0.3221896152403503,2.0215344242339643,-0.4204225943497057,2.500277872034039,-0.5072940245139458,2.1063528495313824,-0.5626327081632285,0.7454781514686826,-0.2745262945838467
2023-06-03 00:00:00+00:00,2.9008281227450454,-0.5991279189015462,2.0196039195205335,-0.3195011429766666,4.557620286140008,-0.2134066408742484,5.179677473665763,-0.4217429201710545,3.155660108227635,-0.4434237563726587,1.7377022518668386,-0.5808577300344318,0.9782205095797176,-0.3265031546800944,2.0086695159000123,-0.4241109857551334,2.4843662727817457,-0.5104295720140188,2.0929481624761777,-0.5654160840238107,0.7431060607148603,-0.2768347317464495
2023-06-04 00:00:00+00:00,2.9057565649153423,-0.5984468461920363,2.02131955048919,-0.3189230667994717,4.557620286140008,-0.2134066408742484,5.179677473665763,-0.4217429201710545,3.161021504247816,-0.4424781457697517,1.7406545691690496,-0.580145616682229,0.9798824843701096,-0.3253588985871496,2.01208220052987,-0.4231325631864329,2.488587155573538,-0.5095978027948438,2.0965040346436163,-0.5646777356600328,0.7437373221167787,-0.2762204098546091
2023-06-05 00:00:00+00:00,2.7571199357650156,-0.6189872823480972,1.9696218053910697,-0.3363424509222291,4.557620286140008,-0.2134066408742484,5.179677473665763,-0.4217429201710545,2.999327442626801,-0.4709967663902779,1.651615786361055,-0.6016222059546551,0.9297590737586416,-0.3598684581321665,1.9091592236118624,-0.4526407581638934,2.361289772641521,-0.5346830870889918,1.9892626722831168,-0.5869455452717665,0.7247152924969881,-0.2947319950507919
2023-06-06 00:00:00+00:00,2.9180664181900107,-0.5967457193787857,2.0271100011661476,-0.3169719936067363,4.557620286140008,-0.2134066408742484,5.179677473665763,-0.4217429201710545,3.174412753668084,-0.4401162781908014,1.7480286219741157,-0.578366959131293,0.9840336268830976,-0.3225008708116209,2.020606120587095,-0.4206887406061624,2.4991297258343153,-0.5075202787633886,2.1053855966326074,-0.562833550477446,0.7458793160593061,-0.274135894997396
2023-06-07 00:00:00+00:00,2.822611741547908,-0.6099368197325321,1.9939549762371216,-0.3281434695336294,4.557620286140008,-0.2134066408742484,5.179677473665763,-0.4217429201710545,3.0705725733894247,-0.458430981135645,1.6908477758386202,-0.5921592584863957,0.9518442938804088,-0.3446629641412497,1.9545088231920176,-0.4396389497569424,2.422373666432296,-0.5226458652212536,2.0365150253252686,-0.5771339727768928,0.7332534537468118,-0.2864229500879759
2023-06-08 00:00:00+00:00,2.839679647276614,-0.6075781667548493,1.9999835481198127,-0.3261121621886583,4.557620286140008,-0.2134066408742484,5.179677473665763,-0.4217429201710545,3.0891398607156724,-0.455156195296876,1.7010720762674774,-0.5896931072881928,0.9575999521727704,-0.3407002403333934,1.9663274420438863,-0.4362505313503987,2.436052637110851,-0.5199502805955576,2.0488295232619502,-0.5745769659515196,0.7354765210482433,-0.2842595374254026
2023-06-09 00:00:00+00:00,2.8374506497305787,-0.6078861970300788,1.999198607743678,-0.3263766452507222,4.557620286140008,-0.2134066408742484,5.179677473665763,-0.4217429201710545,3.0867150501651235,-0.4555838687158902,1.6997368251284042,-0.5900151763842097,0.9568482871229738,-0.341217755591781,1.9647839795454949,-0.4366930447104546,2.4342657901638267,-0.5203023975254097,2.0472213010161857,-0.5749109004148069,0.7351802016742727,-0.2845479052518743
2023-06-10 00:00:00+00:00,2.769230465220663,-0.6173137005498431,1.975165467659781,-0.334474532266933,4.557620286140008,-0.2134066408742484,5.179677473665763,-0.4217429201710545,3.012501858026683,-0.4686731426843742,1.6588704369007998,-0.5998723488132669,0.9338430000700608,-0.3570567081633975,1.9175451225033653,-0.4502365064898588,2.3794038290829973,-0.5311135223022801,1.9980004220905152,-0.5851312215363774,0.7263116694911381,-0.2931784558479253
2023-06-11 00:00:00+00:00,2.7782686216164634,-0.6160646970203789,1.978388719503298,-0.3333884682252607,4.557620286140008,-0.2134066408742484,5.179677473665763,-0.4217429201710545,3.0223339984994384,-0.4669390092151596,1.6642846234906776,-0.5985664205652828,0.9368908572960156,-0.3549582833128003,1.9238035661146335,-0.4484421999135549,2.386393042416795,-0.5297362245178914,2.0045214540235836,-0.5837771815059136,0.7275016714627861,-0.2920203868446646
2023-06-12 00:00:00+00:00,2.776086775941594,-0.6163662112705555,1.9776118797770612,-0.3336502218001497,4.557620286140008,-0.2134066408742484,5.179677473665763,-0.4217429201710545,3.019960482018228,-0.467357635696464,1.662977618048777,-0.5988816766611915,0.9361550928530415,-0.3554648511330298,1.922292753784477,-0.4488753524140713,2.384018150141214,-0.5302042219466581,2.002947251863787,-0.584104051970939,0.7272135794407786,-0.2923007480950846
2023-06-13 00:00:00+00:00,2.77920094270543,-0.615935857434105,1.9787211054037852,-0.3332764718960864,4.557620286140008,-0.2134066408742484,5.179677473665763,-0.4217429201710545,3.0233482221431776,-0.4667601265831681,1.6648431179575018,-0.5984317089722371,0.9372052556581902,-0.3547418226037631,1.9244491489865572,-0.4482571101908392,2.386692501012337,-0.529677213061171,2.005194123905226,-0.583637506994827,0.7276218695199711,-0.2919034142281526
2023-06-14 00:00:00+00:00,2.6928647949667974,-0.6278668473975014,1.9479865235560632,-0.3436323875369266,4.557620286140008,-0.2134066408742484,5.179677473665763,-0.4217429201710545,2.92942761541001,-0.4833252751422462,1.6131246044866103,-0.6109064670109896,0.90809088318854,-0.3747868306768432,1.864665948898603,-0.4653970567547365,2.312549666211231,-0.5442878362061344,1.9429025733138556,-0.5965718483576818,0.7163012526477481,-0.3029202493341956
2023-06-15 00:00:00+00:00,2.7432197784719254,-0.6209081769154057,1.9661996231229664,-0.3374955439121271,4.557620286140008,-0.2134066408742484,5.179677473665763,-0.4217429201710545,2.9842061841406604,-0.4736637625047172,1.6432890832240736,-0.6036306474183261,0.925071647142818,-0.3630957131401218,1.899534102425977,-0.455400297006819,2.355792981105654,-0.5357662875068395,1.9792337055764748,-0.5890279798502756,0.7230314591513965,-0.296370643767891
2023-06-16 00:00:00+00:00,2.823218286072455,-0.6098529999557147,1.9948690423085809,-0.3278354779958532,4.557620286140008,-0.2134066408742484,5.179677473665763,-0.4217429201710545,2.976745668680309,-0.4749796030984553,1.6912111182158878,-0.5920716185304602,0.9520488335045364,-0.344522140277669,1.9549288230834072,-0.4395185350637731,2.423261415630009,-0.5224709249318806,2.036952647340223,-0.5770431040719788,0.7336444104170811,-0.2860424844986375
2023-06-17 00:00:00+00:00,2.841649309531237,-0.6073059746174108,2.001380667409865,-0.3256414074674892,4.557620286140008,-0.2134066408742484,5.179677473665763,-0.4217429201710545,2.976745668680309,-0.4749796030984553,1.7022519760721018,-0.5894085096927699,0.9582641638850432,-0.3402429359848755,1.9676913286169857,-0.4358595027178106,2.4380808594266026,-0.5195505981179568,2.050250635034892,-0.5742818834786723,0.7360816651224793,-0.2836706320188771
2023-06-18 00:00:00+00:00,2.8226792544543513,-0.6099274899693881,1.994700338953564,-0.3278923220330209,4.557620286140008,-0.2134066408742484,5.179677473665763,-0.4217429201710545,2.976745668680309,-0.4749796030984553,1.690888218541391,-0.5921495035089681,0.9518670606583596,-0.3446472894002502,1.9545555722965369,-0.4396255467080558,2.4226445570237685,-0.5225924833893322,2.036563735902906,-0.577123858415745,0.7335985351685956,-0.2860871287131461
2023-06-19 00:00:00+00:00,2.876730301678842,-0.6024580519780297,2.013798442652266,-0.3214572791948363,4.557620286140008,-0.2134066408742484,5.179677473665763,-0.4217429201710545,2.976745668680309,-0.4749796030984553,1.723266774768596,-0.5843396376123803,0.9700942153610742,-0.3320980419951735,1.991983053783984,-0.428895023220315,2.466561608831748,-0.5139381677656375,2.0755615789951607,-0.569026268771859,0.7406304448538203,-0.2792439159839183
2023-06-20 00:00:00+00:00,3.033578857846126,-0.5807827908224094,2.0686978153806717,-0.3029591172374921,4.557620286140008,-0.2134066408742484,5.179677473665763,-0.4217429201710545,2.976745668680309,-0.4749796030984553,1.8172248025182831,-0.5616765024347725,1.0229868612016733,-0.2956818865727406,2.1005923543198657,-0.3977565494553022,2.6007183192386205,-0.4875011810577384,2.188727848600515,-0.5455281996446588,0.7608780436825061,-0.2595396489720856
2023-06-21 00:00:00+00:00,3.2142455387529223,-0.5558160484661876,2.130299109696345,-0.2822027649805974,4.817658154130417,-0.1685270661750342,5.475207202464372,-0.3887501018254018,3.1465857493880622,-0.445024236900675,1.9254507590261656,-0.5355718731571297,1.0839114817522633,-0.2537357820479399,2.225694442110198,-0.3618895651419228,2.755605720795721,-0.4569789942527141,2.319078900722393,-0.5184618481227362,0.7885960054209811,-0.2325654816281089
2023-06-22 00:00:00+00:00,3.2025679492052546,-0.5574298013071375,2.1264293433208663,-0.2835066699542446,4.800155249070233,-0.1715478682650234,5.455315373533462,-0.3909708174912952,3.1351539728125393,-0.4470405045106761,1.9184554553422797,-0.5372591745702531,1.0799735519216698,-0.2564470146299835,2.2176083311270363,-0.3642078671056389,2.7455944033108897,-0.4589518293533391,2.310710241100619,-0.5201995332384534,0.7850375814719343,-0.2360284174668999
2023-06-23 00:00:00+00:00,3.2886822688227193,-0.5455294662797856,2.1550182786719696,-0.2738737227996568,4.92922732806686,-0.149271497305369,5.602004149272665,-0.3745945424174337,3.2194555881246334,-0.4321718954802583,1.9700410856469268,-0.5248164686001906,1.109013119263768,-0.2364535092773294,2.277237927014429,-0.3471119591309396,2.819421094184165,-0.4444035056848051,2.3715636657347545,-0.5075638072074864,0.8059534091380515,-0.2156738531260277
2023-06-24 00:00:00+00:00,3.2714214690756065,-0.547914775723594,2.1493629225264153,-0.2757792763371164,4.903356052320841,-0.1537365848765771,5.572601773518772,-0.3778770116503002,3.2025581277867468,-0.4351521673343729,1.9597012346387268,-0.5273104911624719,1.1031924130344049,-0.2404610180594693,2.2652857392925068,-0.3505386719628727,2.8046232332382,-0.4473195793716699,2.3589949049528816,-0.5101736096753564,0.8017192805593982,-0.2197943614777645
2023-06-25 00:00:00+00:00,3.264480499313264,-0.5488739642296812,2.1470827725679675,-0.2765475653197076,4.892952609531558,-0.1555321006274133,5.560778393140181,-0.3791969690117751,3.1957632652668178,-0.4363506040885233,1.9555433396253712,-0.5283133957465593,1.100851771434629,-0.2420725307174391,2.2604794861184274,-0.35191663303647,2.7986726685553283,-0.4484922005469243,2.3539882184448806,-0.5112132080121533,0.8000214641145603,-0.2214466180662727
2023-06-26 00:00:00+00:00,3.2436190112225556,-0.5517568610411681,2.1402223637373567,-0.2788591573714063,4.861684457489107,-0.1609286275876609,5.525242536133847,-0.383164177589177,3.1753409109862174,-0.4399525754167686,1.9430465444694376,-0.531327683771637,1.093816837047902,-0.2469160256862054,2.24603401282218,-0.3560581751423396,2.780787900501992,-0.45201658165217,2.3389802352943003,-0.5143294954603658,0.795075850069967,-0.2262595196106315
2023-06-27 00:00:00+00:00,3.2891044923963437,-0.545471118237266,2.1552286027094247,-0.2738028548112808,4.929860176061145,-0.1491622749484398,5.602723372967149,-0.3745142485776279,3.21986892390244,-0.4320989938157322,1.9702940130261557,-0.5247554612810412,1.109155501970316,-0.2363554799447309,2.2775302944299898,-0.3470281368886982,2.8197830707913987,-0.4443321743982449,2.3715789060422487,-0.5075606426797499,0.8011361266829238,-0.2203618667799122
2023-06-28 00:00:00+00:00,3.2231958212070047,-0.5545791884379583,2.1336348446451527,-0.2810788001288479,4.831073246638692,-0.1662117739794214,5.490453284434729,-0.3870480354546994,3.155347628617095,-0.443478869636407,1.930812305907677,-0.5342786418638923,1.0869297060291396,-0.2516577592411828,2.231892037680664,-0.3601127038038521,2.763278889891189,-0.4554669158127381,2.3240228283378954,-0.5174352811671046,0.7928793881475016,-0.228397040833161
2023-06-29 00:00:00+00:00,3.2628355419896273,-0.5491012846491414,2.1467548494765896,-0.2766580579201216,4.8904870722949445,-0.1559576242768702,5.557976341437057,-0.3795097889206625,3.194152934254298,-0.4366346245328063,1.954557949962642,-0.5285510765457833,1.1002970570829762,-0.2424544470259129,2.2593404404765858,-0.3522431993863189,2.797262429742883,-0.4487701028943097,2.3526042801385056,-0.5115005717125243,0.7977572645012047,-0.2236500592805682
2023-06-30 00:00:00+00:00,3.2654814049421086,-0.548735646788785,2.147625260971621,-0.2763647756474028,4.894452812644912,-0.1552731826543885,5.562483354893092,-0.379006627777312,3.1967431018568457,-0.4361777864370834,1.9561429187426287,-0.5281687743351747,1.101189297952182,-0.2418401464619901,2.261172560144148,-0.3517179275180602,2.799530755233389,-0.4483231055681244,2.354512028300055,-0.5111044430928066,0.7980808332438126,-0.2233351733054472
2023-07-01 00:00:00+00:00,3.277687309773525,-0.5470488848489464,2.151639019786675,-0.2750123528977678,4.912747580804543,-0.1521157140111859,5.583275126162531,-0.3766854429159256,3.208692072692416,-0.4340702992316221,1.963454702624382,-0.5264051363526587,1.1053053868546747,-0.2390062528114919,2.2696245014214003,-0.3492947413781384,2.809995002838439,-0.446261015837362,2.3633128592275745,-0.5092770210682683,0.7995722116695162,-0.2218838150992526
2023-07-02 00:00:00+00:00,3.281023304658529,-0.5465878760764515,2.152733977310991,-0.2746434105835922,4.917747722444659,-0.151252746505805,5.588957723525284,-0.3760510400648725,3.211957844967318,-0.4334943020700241,1.965453085699351,-0.5259231165950142,1.1064303547873753,-0.2382317215617991,2.2719345008240417,-0.3486324605657085,2.8128549855245253,-0.4456974262559868,2.365718213632962,-0.5087775684991387,0.7999792019649642,-0.2214877461371704
2023-07-03 00:00:00+00:00,3.338802564605452,-0.5386032278314761,2.171688944179867,-0.2682565972265219,5.004349918657371,-0.1363061936668632,5.687380017777637,-0.3650632152912669,3.2685208529165224,-0.4235180608358839,2.00006497784619,-0.5175745591671557,1.1259147415613606,-0.2248168801259862,2.3119435717499055,-0.3371617909339125,2.86238973865196,-0.4359360836735887,2.4073788283054007,-0.5001270756723583,0.8070245991486077,-0.2146314078382188
2023-07-04 00:00:00+00:00,3.297042081253789,-0.5443742046561963,2.158107611015722,-0.2728327824902383,4.941757397111047,-0.1471089500809945,5.616244413335255,-0.3730047651475763,3.227639426710084,-0.4307284795285635,1.975048919366116,-0.5236085546492154,1.1118322245779335,-0.2345125782529626,2.2830266534326777,-0.3454523212839219,2.8265880472629177,-0.4429911824196886,2.3772682417896407,-0.5063792976981906,0.8019760897420732,-0.2195444436109925
2023-07-05 00:00:00+00:00,3.268997434244294,-0.5482497586479058,2.1489291770334016,-0.275925425445554,4.899722798099852,-0.1543636431795553,5.56847262631847,-0.3783379879590318,3.2001851188288843,-0.4355707043017787,1.9582491490249856,-0.5276607413043901,1.1023749772927514,-0.2410238159029656,2.263607223825507,-0.3510199052419331,2.8025450832748446,-0.4477291006158299,2.3570471930299233,-0.5105780364499171,0.798564843466641,-0.2228641511981959
2023-07-06 00:00:00+00:00,3.203694235946065,-0.5572741571632593,2.1274651118269534,-0.2831576711838817,4.801843379126054,-0.1712565162418442,5.457233911865702,-0.3907566326546561,3.1362565512452165,-0.4468460383954046,1.919130142336111,-0.5370964367722173,1.0803533595982744,-0.2561855201412497,2.218388224918292,-0.3639842702107257,2.746559980504297,-0.4587615522412204,2.309961588546939,-0.5203549849425695,0.7905879342011087,-0.2306270050272892
2023-07-07 00:00:00+00:00,3.2518395113069976,-0.5506208513097808,2.1434509372656656,-0.277771300205655,4.8740057188194434,-0.1588021181967911,5.539245492886074,-0.3816008932106259,3.1833883697465035,-0.4385332133137752,1.9479709249924344,-0.5301398991391628,1.0965889632964554,-0.2450074393654878,2.251726272834279,-0.3544261943803254,2.787835419674804,-0.450627794090741,2.34467580549871,-0.513146855943761,0.7965292232107398,-0.2248451468410049
2023-07-08 00:00:00+00:00,3.2454022092593844,-0.5515104368209844,2.14132936252936,-0.2784861577919327,4.864357196226388,-0.1604673433188032,5.5282800697064856,-0.3828250685804546,3.177086572748324,-0.4396446861533895,1.9441147453806968,-0.5310700284948233,1.0944181690877397,-0.2465020134794949,2.2472687828208944,-0.3557041644542946,2.782316654498023,-0.4517153246449719,2.3400343137180597,-0.5141106245215836,0.7957407085911845,-0.2256125021574506
2023-07-09 00:00:00+00:00,3.2321225277255032,-0.5533455864222555,2.136948369025318,-0.279962319054699,4.8444530024569294,-0.1639025804940941,5.505659206706409,-0.3853504524963719,3.164086428183409,-0.4419375730234575,1.9361597299406017,-0.5329888170707089,1.0899399800026048,-0.2495852101535047,2.2380733081670137,-0.3583405228955508,2.770931847094882,-0.4539588203380015,2.3304592569266793,-0.5160988083431883,0.7941124809354985,-0.2271970373290106
2023-07-10 00:00:00+00:00,3.259005524090815,-0.5496305635932135,2.145835342638567,-0.2769678827061856,4.884746466377253,-0.15694838748414,5.551452215842944,-0.3802381396401175,3.190403538137853,-0.4372959203424915,1.9522636290150233,-0.5291044779636507,1.0990054941560663,-0.2433436775708536,2.256688356356754,-0.353003556477107,2.793978916051887,-0.4494171537018377,2.3498427200213023,-0.5120739875435777,0.7974152937879723,-0.2239828534207905
2023-07-11 00:00:00+00:00,3.281566622810376,-0.5465127936968642,2.1532628236052793,-0.2744652175748908,4.918562072528675,-0.1511121989551372,5.5898832220356995,-0.3759477177887771,3.2124897262854613,-0.433400492060088,1.9657785531645011,-0.5258446122528599,1.1066135731432638,-0.2381055772175667,2.2723107198080257,-0.3485245979341946,2.813320777757692,-0.4456056370116059,2.366109962647911,-0.5086962249551137,0.8001753446729862,-0.2212968667976502
2023-07-12 00:00:00+00:00,3.255622377334645,-0.5500980883907614,2.144750916688464,-0.2773332764412833,4.879675651357065,-0.1578235524100916,5.545689299082839,-0.3808815093159203,3.187091606537511,-0.4378800588067268,1.950237000242882,-0.5295933107214033,1.0978646256165436,-0.2441291562587044,2.254345706785878,-0.3536751981490762,2.791078509582253,-0.4499887092136916,2.3474033676737895,-0.5125804995129777,0.7970122248508016,-0.2243751062518242
2023-07-13 00:00:00+00:00,3.3707404558864615,-0.5341896574984641,2.1826698728641425,-0.2645566096465421,5.052219890164086,-0.1280443817289032,5.74178363139863,-0.358989618063532,3.2997864523732843,-0.4180036235062645,2.019196944047059,-0.512959835480332,1.1366848730416936,-0.2174017324116929,2.334058866384318,-0.3308212978234569,2.88977042094988,-0.4305404330813225,2.4304070253319927,-0.4953454550755789,0.811103312099815,-0.2106621446314949
2023-07-14 00:00:00+00:00,3.248336341606041,-0.5511049623529178,2.1430394450618584,-0.2779099511419391,4.868755007922707,-0.1597083311023773,5.533278126750888,-0.3822670875312466,3.179958941681406,-0.4391380750938148,1.9458723980820352,-0.5306460740790087,1.0954076204850205,-0.2458207842595593,2.249300513744259,-0.3551216636947591,2.7848321163015908,-0.4512196265165409,2.3421499129348775,-0.5136713372956674,0.796376222579361,-0.2249940417948794
2023-07-15 00:00:00+00:00,3.2459262380093907,-0.5514380200880096,2.142244430855947,-0.2781778285476081,4.865142634473102,-0.1603317856220052,5.529172710281621,-0.3827254145508477,3.1775995707060596,-0.4395542066763505,1.9444286577879129,-0.5309943112890768,1.094594882649928,-0.2463803476326909,2.2476316449178735,-0.3556001312653195,2.7827659097288295,-0.4516267941903322,2.340412154483957,-0.514032168914033,0.7960807833515794,-0.2252815530933417
2023-07-16 00:00:00+00:00,3.2397611308544185,-0.5522899903636804,2.1402100090145457,-0.2788633202543709,4.855902090028646,-0.1619265983616314,5.518670949077664,-0.3838978268868929,3.1696555717792947,-0.4409553211596596,1.9407355328825813,-0.5318851110532044,1.0925158783078703,-0.2478117251718756,2.2433626354211196,-0.356824063650128,2.7774805000298084,-0.4526683396004355,2.3359669235510316,-0.5149551854993859,0.7953247679912548,-0.2260172812481181
2023-07-17 00:00:00+00:00,3.22968884819327,-0.5536819021698738,2.1368830970456796,-0.2799843122322277,4.840805292317288,-0.1645321337240073,5.501513630538467,-0.3858132629283477,3.1518771054571895,-0.4440909795207148,1.934701866797893,-0.533340460780831,1.0891192918641015,-0.2501502472457151,2.236388114256511,-0.3588236708958807,2.768845428630347,-0.4543699709770321,2.3287044995046964,-0.5164631696616893,0.7940884512474723,-0.2272204221951907
2023-07-18 00:00:00+00:00,3.19980420657486,-0.5578117292301261,2.1269966979934347,-0.2833155016749212,4.796012825270088,-0.1722628034389315,5.450607561584049,-0.3914963956965198,3.1439974126935466,-0.445480752071913,1.9167998723193636,-0.5376585092811312,1.0790415595354088,-0.2570886837893008,2.2156945860388886,-0.3647565411227459,2.743225018361513,-0.4594187415057211,2.3071567583215766,-0.520937385464876,0.7904145582786006,-0.2307957285139322
2023-07-19 00:00:00+00:00,3.2051709468203144,-0.5570700871059198,2.1287804069400034,-0.2827144868483653,4.8040567408928645,-0.1708745152066965,5.459749369355546,-0.3904758080068076,3.1414105597532394,-0.4459370055475579,1.920014746215748,-0.5368830659961059,1.0808513376937654,-0.2558426662825673,2.219410768823478,-0.3636911051096883,2.747825979907262,-0.4585120737821341,2.3110263422798747,-0.520133897361374,0.7910774035007629,-0.2301506703341692
2023-07-20 00:00:00+00:00,3.193467638070192,-0.5586873941423531,2.1248939099673,-0.2840240291413795,4.786515286716278,-0.1739019704351788,5.439813729844261,-0.3927014146680191,3.1299400646371645,-0.4479601020995615,1.9130040357879492,-0.5385740835911064,1.0769047348049048,-0.2585598701945156,2.2113068486576424,-0.3660145129967896,2.7377926130859493,-0.4604892539357474,2.302587898508194,-0.5218860725966666,0.7896331395344363,-0.2315561783684232
2023-07-21 00:00:00+00:00,3.2043682933770548,-0.557181007623298,2.128520490647197,-0.2828020647830618,4.802853687218453,-0.171082148570503,5.458382114159689,-0.3906284478190268,3.1406238734752487,-0.4460757565151844,1.9195339274161491,-0.5369990418388542,1.0805806660003532,-0.2560290215366694,2.2188549739142016,-0.3638504524686698,2.7471378568645775,-0.4586476756441481,2.3104476045832363,-0.5202540676068859,0.7909808157107655,-0.2302446662504403
2023-07-22 00:00:00+00:00,3.192824658008836,-0.5587762490294385,2.1246865267940724,-0.2840939062152865,4.7908465530004065,-0.1731544431990768,5.438718465334897,-0.3928236895509718,3.129309875362406,-0.448071251072293,1.91261886719014,-0.5386669881380343,1.076687908348233,-0.2587091534421273,2.210861619090799,-0.366142161081421,2.737241379673919,-0.4605978802604582,2.302124290206481,-0.5219823371458082,0.7895560737206885,-0.2316311761686275
2023-07-23 00:00:00+00:00,3.2238752368051733,-0.5544852984406043,2.1350179344791527,-0.2806127725864666,4.7908465530004065,-0.1731544431990768,5.491610613932963,-0.386918831661712,3.1597427657559836,-0.4427036819307947,1.9312193007260312,-0.5341804727259712,1.087158819318358,-0.2515000166095387,2.232362496922965,-0.3599778223277573,2.7638613598632364,-0.4553521339962932,2.324512707776708,-0.5173335616268445,0.7933953353571973,-0.227894938748372
2023-07-24 00:00:00+00:00,3.1266512933609056,-0.5679208978253141,2.1028245573061572,-0.2914602244844336,4.7908465530004065,-0.1731544431990768,5.325997492912788,-0.4054078129215255,3.064452895835109,-0.4595103328492568,1.8729785989988963,-0.5482284144260372,1.0543728521823932,-0.2740728876755127,2.165040076169789,-0.3792792764580815,2.6805102743524234,-0.4717773395119574,2.254411269155179,-0.5318895636616322,0.7814319328722605,-0.2395373107119673
2023-07-25 00:00:00+00:00,3.1322677241968537,-0.5671447503866229,2.10471321830128,-0.2908238464124447,4.7908465530004065,-0.1731544431990768,5.3355646284020875,-0.4043397418189333,3.06995759915013,-0.458539446572446,1.876343046700764,-0.5474168932086215,1.0562668312814243,-0.2727688985076232,2.1689291564361697,-0.3781642704388253,2.6853252982065117,-0.4708284885656075,2.2584608876706427,-0.5310486928248803,0.7821337791280335,-0.2388542980672575
2023-07-26 00:00:00+00:00,3.145454173621838,-0.5653224847439792,2.109143506011495,-0.2893310756300423,4.7908465530004065,-0.1731544431990768,5.358026678048307,-0.4018320877610439,3.0828817308599823,-0.4562599663900082,1.884242212694177,-0.5455115757920405,1.0607135805303418,-0.269707347904517,2.1780600728028583,-0.3755464209698406,2.6966301767649083,-0.4686007436896611,2.267968721258274,-0.5290744673629011,0.7837801210663331,-0.237252134698677
2023-07-27 00:00:00+00:00,3.1316108129008344,-0.5672355304629285,2.1045022630058052,-0.2908949271011214,4.7908465530004065,-0.1731544431990768,5.334445633161686,-0.4044646659910167,3.0751745265328325,-0.4576193164740331,1.8759495327833349,-0.5475118106873996,1.0560453069181908,-0.2729214162256,2.1684742802287107,-0.3782946842319572,2.6847621214038866,-0.4709394684606872,2.257987234522392,-0.53114704310592,0.7820553852248372,-0.2389305883184497
2023-07-28 00:00:00+00:00,3.1414012559684212,-0.5658825667155744,2.107791945348625,-0.2897864795225536,4.7908465530004065,-0.1731544431990768,5.351122860757611,-0.4026028271065895,3.0751745265328325,-0.4576193164740331,1.88181436663265,-0.5460971841195098,1.0593468510984516,-0.2706483299752972,2.175253642433186,-0.3763510293966347,2.6931555688244075,-0.469285451623089,2.2650464435964763,-0.5296812549043237,0.7832778662439401,-0.237740911822925
2023-07-29 00:00:00+00:00,3.145554907164784,-0.5653085641450024,2.1091854369503182,-0.2893169471389716,4.7908465530004065,-0.1731544431990768,5.358198269488106,-0.4018129313627149,3.071552674524224,-0.4582581168253985,1.8843025557745003,-0.5454970207463551,1.0607475500085537,-0.2696839601957246,2.178129825434997,-0.375526422769915,2.696716536666126,-0.4685837255654564,2.268041353225543,-0.5290593859168689,0.7837957026040054,-0.2372369712819505
2023-07-30 00:00:00+00:00,3.137859507463783,-0.5663720090519366,2.1066054430446495,-0.290186267547278,4.7908465530004065,-0.1731544431990768,5.34508977875186,-0.4032763579201878,3.064038316571259,-0.4595834538323302,1.8796927296063817,-0.5466089333321713,1.058152498699616,-0.2714706318642257,2.1728011695691545,-0.3770541575961466,2.6901191914464713,-0.4698838016283717,2.2624927345345403,-0.5302115121291788,0.7828369493056162,-0.2381699970273625
2023-07-31 00:00:00+00:00,3.132625649764342,-0.567095287832812,2.104848564973541,-0.2907782417991416,4.7908465530004065,-0.1731544431990768,5.336174325645632,-0.4042716754674231,3.0589275904548017,-0.4604848527937361,1.876557457220211,-0.5473651763441649,1.0563875313423048,-0.2726857974997861,2.1691770008950457,-0.3780932130050471,2.685632151472541,-0.4707680199115186,2.258718962958596,-0.5309951055591915,0.7821840746383344,-0.2388053522059309
2023-08-01 00:00:00+00:00,3.1833932121421737,-0.5600796021315031,2.1219042305341898,-0.2850313917323476,4.7908465530004065,-0.1731544431990768,5.4226527604233645,-0.3946172582924173,3.108500796646664,-0.4517414305173974,1.9069690858079356,-0.5400297430005558,1.0735074256062809,-0.2608988898791803,2.204330843394478,-0.3680145457361577,2.729155704241781,-0.4621912474000931,2.295323929100854,-0.5233943776408003,0.7885221418341752,-0.2326373631311546
2023-08-02 00:00:00+00:00,3.1276704167581557,-0.5677800628292837,2.1033330978805873,-0.291288873420839,4.7908465530004065,-0.1731544431990768,5.327733487160129,-0.4052140072320456,3.054088934115224,-0.4613382657334453,1.8735890912264248,-0.5480811607191565,1.0547165221162185,-0.273836273728048,2.165745765033236,-0.3790769542439407,2.681383979310491,-0.4716051667872908,2.2551460883133942,-0.5317369843512427,0.7816209100422175,-0.2393534046277212
2023-08-03 00:00:00+00:00,3.128488073069514,-0.5676670690312067,2.1036080315138044,-0.2911962354429894,4.7908465530004065,-0.1731544431990768,5.329126298527871,-0.405058514339224,3.054887354268143,-0.4611974452159283,1.874078897293306,-0.5479630171036465,1.0549922530936198,-0.2736464351981683,2.166311948632406,-0.3789146284296509,2.6820849644661235,-0.4714670303110334,2.255735643537073,-0.5316145679329177,0.7817230781053319,-0.2392539781815177
2023-08-04 00:00:00+00:00,3.119952512755008,-0.5688466176572657,2.100738358877743,-0.2921631621408415,4.7908465530004065,-0.1731544431990768,5.3145866621660565,-0.4066817134104217,3.047250135882473,-0.4625444516028886,1.868965784157383,-0.5491963249641152,1.0521138818812974,-0.2756281703102153,2.160401526132554,-0.3806091567531343,2.674767340921416,-0.4729090447715708,2.249581243331832,-0.5328924798227725,0.7806566772560372,-0.2402917628222515
2023-08-05 00:00:00+00:00,3.115466655193611,-0.5694665285861651,2.0992281414925165,-0.2926720248908936,4.7908465530004065,-0.1731544431990768,5.30694536677239,-0.4075347845104886,3.0352506842220515,-0.4646608423109157,1.8662785912399975,-0.5498444890198493,1.0506011559685815,-0.2766696697677206,2.1572953078545405,-0.3814997148902469,2.6709215691501487,-0.4736668944303039,2.246346802746881,-0.5335640854939505,0.7800954644414331,-0.2408379158373811
2023-08-06 00:00:00+00:00,3.1172123460601937,-0.5692252875677282,2.0998162722284635,-0.2924738561857708,4.7908465530004065,-0.1731544431990768,5.309919009915314,-0.407202808203272,3.036951427636654,-0.4643608754739914,1.8673243239830504,-0.5495922531749399,1.051189839798446,-0.2762643657504547,2.158504106128521,-0.3811531503404726,2.6724181678638117,-0.4733719739587139,2.2476054992860313,-0.5333027272430311,0.7803140200671569,-0.2406252250169713
2023-08-07 00:00:00+00:00,3.130354858514319,-0.5674090936757019,2.104242801198172,-0.2909823518985428,4.7908465530004065,-0.1731544431990768,5.332306216486726,-0.4047035095957179,3.049755551170533,-0.4621025616077907,1.87519717012228,-0.5476932842357323,1.0556217725728243,-0.2732130161692687,2.1676045984748087,-0.3785440234906042,2.68368537880572,-0.4711516518816226,2.257081652973046,-0.5313350798585765,0.7819589652293454,-0.2390244209428772
2023-08-08 00:00:00+00:00,3.1902977463677056,-0.5591254487356841,2.1243897806860472,-0.2841938938343367,4.7908465530004065,-0.1731544431990768,5.434414075813091,-0.3933042298409764,3.1081550500282513,-0.4518024112147867,1.9111051546007476,-0.5390321030074612,1.075835780373511,-0.2592958366052422,2.209111866893102,-0.3666438180540232,2.7350750323646373,-0.4610247817165723,2.300302309580749,-0.5223606568239347,0.7894457967092829,-0.2317384939644998
2023-08-09 00:00:00+00:00,3.170104957540808,-0.5619159364646021,2.1176666849693144,-0.286459218686737,4.7908465530004065,-0.1731544431990768,5.400017293896496,-0.3971442725401074,3.088482178228767,-0.4552721933560798,1.8990089347865355,-0.5419497703037339,1.069026345501723,-0.2639840769964919,2.1951294323463717,-0.370652606151876,2.7177635470598127,-0.4644361914441188,2.2857426908654506,-0.5253838449897269,0.7869474229545619,-0.2341698254016199
2023-08-10 00:00:00+00:00,3.156576657049869,-0.5637854432888796,2.1131481545677,-0.287981722551977,4.7908465530004065,-0.1731544431990768,5.376972928619464,-0.3997169360774332,3.075302199796633,-0.4575967982359654,1.8909049874886208,-0.5439044819710983,1.0644643168533414,-0.2671249965262451,2.185761802259978,-0.3733383218525231,2.7061655960706865,-0.4667216893160366,2.275988372197408,-0.5274092511036663,0.7852682890792253,-0.2358039007558475
2023-08-11 00:00:00+00:00,3.1533917624792833,-0.5642255711629094,2.112082101875887,-0.2883409254784982,4.7908465530004065,-0.1731544431990768,5.371547718416411,-0.4003226043309925,3.0721993088032633,-0.4581440673822756,1.8889971190341368,-0.5443646691602149,1.0633903031379588,-0.2678644462127492,2.1835564318055445,-0.3739706053650647,2.7034351532364274,-0.4672597517111048,2.2736919657429224,-0.5278860815037478,0.7848721325795356,-0.2361894266403934
2023-08-12 00:00:00+00:00,3.153835418721619,-0.5641642612908205,2.1122306781517515,-0.2882908631940426,4.7908465530004065,-0.1731544431990768,5.372303450927873,-0.4002382346617551,3.072631541936256,-0.4580678327165379,1.8892628853666251,-0.5443005650228345,1.0635399133930623,-0.267761440771897,2.183863640206667,-0.3738825281866689,2.7038155042907284,-0.4671847995470543,2.2740118554711044,-0.5278196589648402,0.784927345100965,-0.236135695712897
2023-08-13 00:00:00+00:00,3.14029747352976,-0.5660351009384043,2.107697267342862,-0.2898183809632688,4.7908465530004065,-0.1731544431990768,5.349242656683202,-0.402812732322325,3.0594421671316665,-0.4603940948717656,1.8811531605397431,-0.5462566702584029,1.058974632347831,-0.2709045995503641,2.174489331676771,-0.3765701586085853,2.692209284800422,-0.4694719268138426,2.264250582678536,-0.5298465090470168,0.7832426815099923,-0.2377751523962549
2023-08-14 00:00:00+00:00,3.1539168628627245,-0.5641530063384563,2.112267781748254,-0.2882783612599915,4.7908465530004065,-0.1731544431990768,5.372442184432394,-0.4002227465099143,3.072710889081444,-0.4580538379469822,1.8893116733890147,-0.544288797113557,1.0635673780775745,-0.2677425315605327,2.183920035951801,-0.373866359429282,2.703885327189586,-0.4671710402125908,2.2740705791893214,-0.5278074654552822,0.784941133185527,-0.2361222776230735
2023-08-15 00:00:00+00:00,3.129169631934552,-0.5675728828508961,2.103980819718186,-0.2910706256912247,4.7908465530004065,-0.1731544431990768,5.330287278907799,-0.4049289029632938,3.048600841399785,-0.4623062223331671,1.8744871760069843,-0.5478645382839027,1.0552220891376922,-0.2734881949556997,2.1667838919732607,-0.3787793214599414,2.6826692718828773,-0.4713518864068395,2.256227068336889,-0.5315125275108274,0.7818616101139645,-0.2391191635938288
2023-08-16 00:00:00+00:00,3.0788575137668484,-0.5745256296738527,2.087066471172818,-0.2967698594573931,4.7908465530004065,-0.1731544431990768,5.244584656490868,-0.4144967087628748,2.999584142460443,-0.4709514912262081,1.844348375176042,-0.5551341642401044,1.038255780280526,-0.2851693602759136,2.13194542041701,-0.38876757133555,2.6395361761138263,-0.4798517152715948,2.219950491408345,-0.5390450680402433,0.77557605861753,-0.2452360461955772
2023-08-17 00:00:00+00:00,2.853053632552832,-0.6057299851034716,2.010533583984108,-0.3225573625183782,4.7908465530004065,-0.1731544431990768,4.859946015210505,-0.4574376097411639,2.7795941824291597,-0.5097519898194198,1.709083583101922,-0.5877606927120902,0.9621099424715526,-0.3375951487830657,1.9755882170342411,-0.4335954511900621,2.4459521890321687,-0.5179994700713259,2.057138982651747,-0.5728515732896247,0.7471356251910903,-0.2729132981457135
2023-08-18 00:00:00+00:00,2.792033753096673,-0.6141624619793578,1.9890333718013635,-0.3298017878607443,4.7908465530004065,-0.1731544431990768,4.7560035878309534,-0.4690416999248512,2.772645196973087,-0.5109776098448713,1.672530441222123,-0.5965774890564657,0.94153275035594,-0.3517623777868423,1.9333351890914845,-0.4457094671684011,2.393639219508099,-0.5283082893302671,2.0131417821386752,-0.5819872394440787,0.7391270378819172,-0.2807069799576998
2023-08-19 00:00:00+00:00,2.7969643385338405,-0.6134810930868909,1.9907896362029256,-0.3292100203828038,4.7908465530004065,-0.1731544431990768,4.744113578861376,-0.470369095675039,2.772645196973087,-0.5109776098448713,1.67548404241966,-0.5958650660224397,0.9431954479011871,-0.3506176240830722,1.9367493578198984,-0.444730619106085,2.3978662610560213,-0.5274753064636089,2.0166968851323115,-0.5812490507930778,0.739777762222605,-0.2800737174030384
2023-08-20 00:00:00+00:00,2.806606896187316,-0.6121485659635664,1.9942212680579616,-0.328053743385861,4.7908465530004065,-0.1731544431990768,4.744113578861376,-0.470369095675039,2.772645196973087,-0.5109776098448713,1.6812602874914788,-0.5944718075003433,0.9464471219964136,-0.3483788729797198,1.9434263172239996,-0.4428163233302277,2.4061329247917755,-0.5258462736806939,2.0236494642970015,-0.5798054034377841,0.7410529736860955,-0.2788327254520537
2023-08-21 00:00:00+00:00,2.7998481041090244,-0.6130825789183127,1.9918200541709687,-0.3288628244585275,4.7908465530004065,-0.1731544431990768,4.744113578861376,-0.470369095675039,2.772645196973087,-0.5109776098448713,1.6772115235808362,-0.5954483891294677,0.9441679145593618,-0.349948088717533,1.938746212427193,-0.4441581174465127,2.400338542908979,-0.5269881173972804,2.0187761683654943,-0.5808173042901776,0.7401606601448197,-0.2797010943102248
2023-08-22 00:00:00+00:00,2.7922480797837923,-0.6141328436836624,1.989116714507476,-0.3297737058117334,4.7908465530004065,-0.1731544431990768,4.744113578861376,-0.470369095675039,2.772645196973087,-0.5109776098448713,1.6726588307547263,-0.5965465208741563,0.9416050258414974,-0.3517126167043048,1.9334835989470995,-0.4456669178068571,2.3938229639787765,-0.5282720805553633,2.0132963182392465,-0.5819551512610315,0.7391560767831408,-0.2806787202974664
2023-08-23 00:00:00+00:00,2.8326186545694902,-0.6085539415065251,2.003496129012566,-0.3249286096813487,4.7908465530004065,-0.1731544431990768,4.744113578861376,-0.470369095675039,2.772645196973087,-0.5109776098448713,1.6968422831158687,-0.5907133540543724,0.9552188363010848,-0.3423396191975826,1.961438079350667,-0.4376523200664595,2.428433072475479,-0.5214517957145135,2.0424047381428037,-0.5759110211022602,0.7444995224497839,-0.2754786626970763
2023-08-24 00:00:00+00:00,2.805541692552336,-0.6122957688931712,1.9939204333044136,-0.3281551086604892,4.7908465530004065,-0.1731544431990768,4.744113578861376,-0.470369095675039,2.772645196973087,-0.5109776098448713,1.680622191514441,-0.5946257193664206,0.9460879128331936,-0.3486261855599301,1.9426887202415952,-0.4430277936571004,2.4052197147725116,-0.526026231291965,2.0228814198771636,-0.5799648817075287,0.7409411161583349,-0.2789415813521003
2023-08-25 00:00:00+00:00,2.7926778047914653,-0.6140734590007937,1.9893492004608195,-0.3296953704391412,4.7908465530004065,-0.1731544431990768,4.744113578861376,-0.470369095675039,2.772645196973087,-0.5109776098448713,1.672916251767596,-0.596484429668626,0.94174993819004,-0.3516128457338175,1.933781160707607,-0.4455816063369616,2.3941913716424836,-0.5281994819616815,2.0136061631208912,-0.5818908144540218,0.7392424136009379,-0.280594700274884
2023-08-26 00:00:00+00:00,2.788108359822093,-0.6147049210650142,1.9877216905345445,-0.3302437545227328,4.7908465530004065,-0.1731544431990768,4.744113578861376,-0.470369095675039,2.772645196973087,-0.5109776098448713,1.6701789869324954,-0.5971446713154608,0.9402090248379568,-0.3526737520135123,1.930617062585904,-0.4464887587250762,2.390273939527652,-0.528971453042627,2.0103114534567172,-0.5825749345165881,0.7386376191632694,-0.2811832654271236
2023-08-27 00:00:00+00:00,2.7971529460185063,-0.613455028986679,1.9909457618123312,-0.3291574143753952,4.7908465530004065,-0.1731544431990768,4.744113578861376,-0.470369095675039,2.772645196973087,-0.5109776098448713,1.6755970252083512,-0.5958378140220074,0.943259050328478,-0.3505738343304391,1.93687995849284,-0.4446931756679262,2.3980279561902176,-0.5274434427416934,2.016832876900814,-0.5812208131919963,0.7398357051053708,-0.2800173293817668
2023-08-28 00:00:00+00:00,2.7991065337715937,-0.6131850582214178,1.9916410200503325,-0.3289231494129822,4.7908465530004065,-0.1731544431990768,4.744113578861376,-0.470369095675039,2.772645196973087,-0.5109776098448713,1.6767672957980293,-0.595555539040258,0.9439178413793334,-0.3501202620631118,1.9382327143267672,-0.4443053382374541,2.3997027870404373,-0.5271133997584468,2.0182414734575187,-0.580928329403521,0.7400940675962332,-0.2797658998888739
2023-08-29 00:00:00+00:00,2.97017566562921,-0.5895446231464246,2.0525012081427354,-0.3084165104454079,4.7908465530004065,-0.1731544431990768,4.744113578861376,-0.470369095675039,2.772645196973087,-0.5109776098448713,1.77924396903594,-0.5708376649664266,1.0016059656866645,-0.3104024588143304,2.056689008782678,-0.4103437143340076,2.5463621112006263,-0.4982126418936076,2.14158755285029,-0.5553165043407344,0.762709898278291,-0.2577569510636767
2023-08-30 00:00:00+00:00,2.925558207538254,-0.5957104118527612,2.0370850514999352,-0.3136109334081087,4.7908465530004065,-0.1731544431990768,4.744113578861376,-0.470369095675039,2.724063393957017,-0.5195461744253307,1.7525164780862654,-0.5772844663186696,0.986560016480758,-0.3207614721715287,2.0257937870901075,-0.4192014276733964,2.509962161868719,-0.5053856336413729,2.1094170001139183,-0.561996461846586,0.7567914928607077,-0.2635165397249811
2023-08-31 00:00:00+00:00,2.779900719338878,-0.6158391536986596,1.9863739271945924,-0.3306978789198538,4.7908465530004065,-0.1731544431990768,4.744113578861376,-0.470369095675039,2.588437915497123,-0.5434669760175417,1.6652623097814552,-0.5983305978569963,0.937441235118537,-0.3545793526692775,1.9249337071651424,-0.4481181865253977,2.392091581290982,-0.5286132676712718,2.0043934934853502,-0.5838037514863808,0.737879546920433,-0.2819209952692392
2023-09-01 00:00:00+00:00,2.76535543871756,-0.6178491993360107,1.9811772728700476,-0.3324488743967478,4.7908465530004065,-0.1731544431990768,4.744113578861376,-0.470369095675039,2.5819668207083804,-0.5446083085774978,1.6565491541513375,-0.6004322535494184,0.9325362592911856,-0.3579563885356701,1.9148618723138568,-0.4510057989465703,2.379235528136475,-0.5311466877687904,1.993905901020098,-0.5859814160288792,0.7358043062375317,-0.2839405481493453
2023-09-02 00:00:00+00:00,2.772263187843399,-0.6168946016657562,1.9836517243244955,-0.3316151161680991,4.7908465530004065,-0.1731544431990768,4.744113578861376,-0.470369095675039,2.5819668207083804,-0.5446083085774978,1.6606871487871395,-0.5994341490335889,0.9348656981907,-0.3563525888454936,1.9196451219603157,-0.4496344330240124,2.3851787649115903,-0.5299755106346083,1.998886599541502,-0.584947213889268,0.7367115029586495,-0.2830576954922768
2023-09-03 00:00:00+00:00,2.7831616998833906,-0.615388511329658,1.9875508584859811,-0.3303013158161462,4.7908465530004065,-0.1731544431990768,4.744113578861376,-0.470369095675039,2.5819668207083804,-0.5446083085774978,1.6672157565200132,-0.5978594169631599,0.9385409066312924,-0.3538222377984727,1.9271917631183184,-0.4474707979895082,2.3945555439998496,-0.5281277179795305,2.0067447602555384,-0.5833155297813175,0.7381722322985278,-0.2816361639226072
2023-09-04 00:00:00+00:00,2.7676026540320016,-0.6175386515056469,1.981995235372088,-0.3321732646386433,4.7908465530004065,-0.1731544431990768,4.744113578861376,-0.470369095675039,2.561077621900055,-0.5482926191199449,1.6578953184006828,-0.6001075521579051,0.933294067757255,-0.3574346435852665,1.9164179496499765,-0.450559668890783,2.3811689701962675,-0.5307656827346017,1.9955262120345856,-0.5856449714296292,0.7360841101157621,-0.2836682526354799
2023-09-05 00:00:00+00:00,2.7639676734184664,-0.6180409778006366,1.980693655059213,-0.3326118278176282,4.7908465530004065,-0.1731544431990768,4.744113578861376,-0.470369095675039,2.554674927845305,-0.5494218875721449,1.655717831927732,-0.6006327725298712,0.9320682755222018,-0.3582785915450989,1.9139009184987523,-0.4512813060625666,2.3780415331591604,-0.5313819770006808,1.9929052797689009,-0.5861891870141098,0.735594801087414,-0.2841444313580754
2023-09-06 00:00:00+00:00,2.7605223719230323,-0.618517091903936,1.979459182080856,-0.3330277794023316,4.7908465530004065,-0.1731544431990768,4.744113578861376,-0.470369095675039,2.554674927845305,-0.5494218875721449,1.6536539701911357,-0.6011305860604934,0.9309064470918672,-0.3590785009468855,1.911515230069748,-0.4519652870493837,2.375077290802351,-0.5319661120435593,1.9904211119522224,-0.5867050045565936,0.7351312125822156,-0.2845955797518843
2023-09-07 00:00:00+00:00,2.813573585152114,-0.6111858232619954,1.9984796240477296,-0.3266189044276738,4.7908465530004065,-0.1731544431990768,4.744113578861376,-0.470369095675039,2.554674927845305,-0.5494218875721449,1.685433589248747,-0.5934651867343786,0.9487964366544568,-0.3467613889918451,1.9482503795807533,-0.4414332563332449,2.420721091074157,-0.5229715225263889,2.0286726602460634,-0.5787623770478345,0.7421867391087467,-0.2777293839247091
2023-09-08 00:00:00+00:00,2.7766558132959,-0.6162875746954841,1.9853682884833717,-0.3310367255555478,4.7908465530004065,-0.1731544431990768,4.744113578861376,-0.470369095675039,2.554674927845305,-0.5494218875721449,1.6633184922578426,-0.5987994561371595,0.9363469842671984,-0.3553327354588919,1.922686781951137,-0.4487623838591713,2.388958058666042,-0.529230761166254,2.002053816922705,-0.5842895665777155,0.7373173042671748,-0.2824681504879384
2023-09-09 00:00:00+00:00,2.775703131171657,-0.6164192280198489,1.9850276944368537,-0.3311514875923633,4.7908465530004065,-0.1731544431990768,4.744113578861376,-0.470369095675039,2.5474117209637943,-0.5507029280721213,1.6627478007854213,-0.5989371097075242,0.936025719733896,-0.3555539234707701,1.9220271001429303,-0.4489515157712337,2.3881383972491825,-0.5293922840443626,2.001366903955667,-0.5844321985513602,0.737190808612862,-0.2825912517094463
2023-09-10 00:00:00+00:00,2.769273330558093,-0.6173077768907033,1.9827285774772088,-0.3319261674432385,4.7908465530004065,-0.1731544431990768,4.744113578861376,-0.470369095675039,2.541043191661385,-0.551826170751941,1.658896114807325,-0.5998661551768039,0.9338574551671748,-0.3570467559468885,1.917574804474492,-0.4502279966175488,2.382606374188263,-0.5304824272037004,1.9967308209385368,-0.5853948440427763,0.7363369349807498,-0.2834222121696894
2023-09-11 00:00:00+00:00,2.6964997755803384,-0.627364521102511,1.9566765793687513,-0.3407043019896342,4.7908465530004065,-0.1731544431990768,4.744113578861376,-0.470369095675039,2.541043191661385,-0.551826170751941,1.6153020909595652,-0.6103812466390226,0.9093166754235956,-0.3739428827170095,1.8671829800498303,-0.4646754195829519,2.3199940151809293,-0.5428208491716133,1.9442588606701496,-0.5962902261555391,0.7266615005433013,-0.2928380122961157
2023-09-12 00:00:00+00:00,2.769111513909318,-0.6173301387039531,1.9830214151929983,-0.3318274967440178,4.7908465530004065,-0.1731544431990768,4.744113578861376,-0.470369095675039,2.541043191661385,-0.551826170751941,1.6587991807102094,-0.5998895361544474,0.9338028871755788,-0.3570843255642041,1.917462755033503,-0.4502601213855145,2.382467151607896,-0.5305098624732105,1.9966141461826052,-0.585419070620977,0.7364466546322046,-0.2833154367773576
2023-09-13 00:00:00+00:00,2.8100371948146536,-0.6116745251409654,1.997675303499588,-0.3268899175745591,4.7908465530004065,-0.1731544431990768,4.744113578861376,-0.470369095675039,2.5722455619870948,-0.5463228853940301,1.683315161960794,-0.5939761617424825,0.94760389114276,-0.3475824468537103,1.9126690981459191,-0.4516344710820507,2.41767847839065,-0.5235711012640247,2.0261228145866417,-0.5792918320681134,0.7418902433357534,-0.2780179234166445
2023-09-14 00:00:00+00:00,2.842264427123273,-0.607220970108765,2.0091305871168066,-0.3230300976697501,4.7908465530004065,-0.1731544431990768,4.744113578861376,-0.470369095675039,2.6017456538129045,-0.5411198376221036,1.679106874055892,-0.5949912213381263,0.9584715945285948,-0.3401001216779921,1.9126690981459191,-0.4516344710820507,2.445405899975824,-0.5181071220588966,2.049359635349003,-0.5744668924242207,0.7461453629026573,-0.2738769873568701
2023-09-15 00:00:00+00:00,2.850544938680108,-0.6060766672545831,2.012057237587299,-0.3220439724791485,4.7908465530004065,-0.1731544431990768,4.744113578861376,-0.470369095675039,2.6093254499602136,-0.5397829590222408,1.679106874055892,-0.5949912213381263,0.9612639579131042,-0.3381776022541641,1.9126690981459191,-0.4516344710820507,2.4525302236744455,-0.5167031993601959,2.0553301375945647,-0.5732271654721919,0.747232500458509,-0.2728190224663004
2023-09-16 00:00:00+00:00,2.846223041034357,-0.6066739201872757,2.010531931790459,-0.3225579192195604,4.7908465530004065,-0.1731544431990768,4.744113578861376,-0.470369095675039,2.60536928096033,-0.5404807241824903,1.679106874055892,-0.5949912213381263,0.9598065227468396,-0.3391810344835285,1.9126690981459191,-0.4516344710820507,2.4488117821736637,-0.5174359572537977,2.05221391712655,-0.5738742236833387,0.7466658953724062,-0.2733704230546513
2023-09-17 00:00:00+00:00,2.8427766679054867,-0.6071501823820536,2.0093146970332803,-0.322968062442686,4.7908465530004065,-0.1731544431990768,4.744113578861376,-0.470369095675039,2.602214547634363,-0.5410371369658679,1.679106874055892,-0.5949912213381263,0.9586443329390768,-0.339981192690728,1.9126690981459191,-0.4516344710820507,2.4458466178130105,-0.5180202739872027,2.0497289766293676,-0.5743902016667379,0.7462137490482293,-0.2738104363113036
2023-09-18 00:00:00+00:00,2.8679600536419465,-0.6036700326378741,2.0182146833833525,-0.3199692414955642,4.821310243913995,-0.1678967570684528,4.744113578861376,-0.470369095675039,2.5957090112652774,-0.5421845441234532,1.679106874055892,-0.5949912213381263,0.9671367024920688,-0.3341342654925974,1.9126690981459191,-0.4516344710820507,2.4675137081349465,-0.5137505466131292,2.0678869684464627,-0.5706198401586914,0.7495196612967963,-0.2705932361773715
2023-09-19 00:00:00+00:00,2.915942440720669,-0.5970392366891237,2.0350975472194595,-0.3142806163979862,4.90197314368358,-0.1539752591587799,4.744113578861376,-0.470369095675039,2.5957090112652774,-0.5421845441234532,1.679106874055892,-0.5949912213381263,0.9833173768212264,-0.3229940031395637,1.9126690981459191,-0.4516344710820507,2.5087964302270604,-0.5056153532865701,2.1024837379618,-0.5634360981789986,0.7557894059568089,-0.2644917362453463
2023-09-20 00:00:00+00:00,2.906805694048795,-0.5983018646346077,2.0319091834023566,-0.3153549250346164,4.88661341429362,-0.1566261735346116,4.744113578861376,-0.470369095675039,2.5957090112652774,-0.5421845441234532,1.679106874055892,-0.5949912213381263,0.9802362728719156,-0.3251153180881277,1.9126690981459191,-0.4516344710820507,2.500935425457494,-0.5071644467159893,2.095895863994458,-0.5648040174223008,0.7546053153170986,-0.2656440525436131
2023-09-21 00:00:00+00:00,2.8471242847536935,-0.6065493752538773,2.0110499969982936,-0.3223833588622609,4.786283359263634,-0.1739419984723111,4.744113578861376,-0.470369095675039,2.5957090112652774,-0.5421845441234532,1.679106874055892,-0.5949912213381263,0.9601104411636088,-0.3389717891314588,1.9126690981459191,-0.4516344710820507,2.4495871874060366,-0.5172831555209636,2.052863741429452,-0.5737392928736251,0.7468586804216678,-0.2731828112731912
2023-09-22 00:00:00+00:00,2.848416674677019,-0.6063707769308357,2.0115064331232184,-0.3222295642204931,4.788455988121749,-0.1735670274733372,4.744113578861376,-0.470369095675039,2.5957090112652774,-0.5421845441234532,1.679106874055892,-0.5949912213381263,0.9605462623415196,-0.3386717298037591,1.9126690981459191,-0.4516344710820507,2.450699124041281,-0.5170640367459367,2.0537955941158947,-0.5735458011298505,0.7470281904837907,-0.2730178499089563
2023-09-23 00:00:00+00:00,2.8479687319009415,-0.6064326791688386,2.011348268100565,-0.3222828574014462,4.787702954238919,-0.17369699254595,4.744113578861376,-0.470369095675039,2.5957090112652774,-0.5421845441234532,1.679106874055892,-0.5949912213381263,0.9603952065767049,-0.3387757304662621,1.9126690981459191,-0.4516344710820507,2.450313726434704,-0.5171399833860373,2.0534726136657016,-0.5736128654324192,0.7469694515297061,-0.2730750126394643
2023-09-24 00:00:00+00:00,2.8128641638177525,-0.6112838598207462,1.9989521502244023,-0.3264596882962178,4.728688877842448,-0.1838821500786147,4.744113578861376,-0.470369095675039,2.5957090112652774,-0.5421845441234532,1.679106874055892,-0.5949912213381263,0.9485572047972622,-0.3469260981750433,1.9126690981459191,-0.4516344710820507,2.420110724529769,-0.523091801654969,2.0281611457531743,-0.5788685889337206,0.742365812341773,-0.2775551160113592
2023-09-25 00:00:00+00:00,2.81891139129481,-0.6104481796077077,2.0011008708280578,-0.3257356839997729,4.738854835260645,-0.1821276215983402,4.744113578861376,-0.470369095675039,2.5957090112652774,-0.5421845441234532,1.679106874055892,-0.5949912213381263,0.9505964576222636,-0.3455220892312537,1.9126690981459191,-0.4516344710820507,2.425313592218564,-0.5220665220136118,2.0325213818307857,-0.5779632208490437,0.7431637988106559,-0.2767785430168162
2023-09-26 00:00:00+00:00,2.8100018309112804,-0.6116794121597549,1.9979384924189256,-0.3268012369391833,4.723877027361497,-0.1847126206741868,4.744113578861376,-0.470369095675039,2.5957090112652774,-0.5421845441234532,1.679106874055892,-0.5949912213381263,0.9475919656876436,-0.3475906574323286,1.9126690981459191,-0.4516344710820507,2.4176480522638157,-0.5235770970514011,2.026097316130048,-0.5792971266183161,0.741989362617739,-0.2779214639394102
2023-09-27 00:00:00+00:00,2.8262177880586896,-0.6094384919074602,2.003703343640698,-0.324858789398154,4.751137574526508,-0.1800077606771086,4.744113578861376,-0.470369095675039,2.5957090112652774,-0.5421845441234532,1.679106874055892,-0.5949912213381263,0.9530603289249148,-0.3438257339275579,1.9126690981459191,-0.4516344710820507,2.4315998144234556,-0.5208277560035508,2.0377895174992515,-0.5768693346889646,0.7441302986397746,-0.2758379786140453
2023-09-28 00:00:00+00:00,2.895702500022606,-0.5998362404430946,2.0283346283000525,-0.3165593595467372,4.8679479021883685,-0.1598476283607895,4.744113578861376,-0.470369095675039,2.5957090112652774,-0.5421845441234532,1.679106874055892,-0.5949912213381263,0.976492041342616,-0.3276931909689715,1.9126690981459191,-0.4516344710820507,2.4913825436351287,-0.5090469422616393,2.0878901213043757,-0.5664663457450614,0.7532778032571961,-0.2669359416367873
2023-09-29 00:00:00+00:00,2.8834397986191034,-0.6015308512312922,2.0240398394028793,-0.3180064744525037,4.855778032432898,-0.1619480092898875,4.744113578861376,-0.470369095675039,2.5957090112652774,-0.5421845441234532,1.679106874055892,-0.5949912213381263,0.9723567994364506,-0.3305402713063421,1.9126690981459191,-0.4516344710820507,2.4808320536541113,-0.5111260269570232,2.079048338310205,-0.568302271138107,0.7516828152231654,-0.2684881291514222
2023-09-30 00:00:00+00:00,2.8893980805210067,-0.6007074626109672,2.026131056973924,-0.3173018456125969,4.855778032432898,-0.1619480092898875,4.744113578861376,-0.470369095675039,2.5957090112652774,-0.5421845441234532,1.679106874055892,-0.5949912213381263,0.9743660579349458,-0.3291569132118055,1.9126690981459191,-0.4516344710820507,2.4859583950238973,-0.51011582762937,2.0833444419060796,-0.5674102196493946,0.752459446364349,-0.2677323384275409
2023-10-01 00:00:00+00:00,2.9997773960206264,-0.5854538922364896,2.064831670899191,-0.3042618018259431,5.0291365493845825,-0.1320283034739443,4.744113578861376,-0.470369095675039,2.5957090112652774,-0.5421845441234532,1.679106874055892,-0.5949912213381263,1.0115882943744223,-0.3035297068996933,1.9126690981459191,-0.4516344710820507,2.5809257129068635,-0.4914015217035429,2.1629313063806572,-0.5508846449391698,0.7668319835607152,-0.2537454793954727
2023-10-02 00:00:00+00:00,2.9464036211274305,-0.5928297364134513,2.046462331070657,-0.310451290089839,4.939655242388245,-0.1474717580467743,4.744113578861376,-0.470369095675039,2.5957090112652774,-0.5421845441234532,1.679106874055892,-0.5949912213381263,0.9935895302060688,-0.3159217092839523,1.9126690981459191,-0.4516344710820507,2.535004389478168,-0.5004508000692068,2.1244471812554564,-0.5588755651634147,0.7600100227612338,-0.2603843770877165
2023-10-03 00:00:00+00:00,2.939111155598213,-0.5938374989244786,2.043929793454432,-0.3113046202584688,4.927429400238502,-0.149581799173709,4.744113578861376,-0.470369095675039,2.5957090112652774,-0.5421845441234532,1.679106874055892,-0.5949912213381263,0.9911303568099792,-0.3176148301172833,1.9126690981459191,-0.4516344710820507,2.5287301533232416,-0.5016872041024225,2.1191890904335273,-0.559967365591596,0.7590694951172068,-0.2612996662529513
2023-10-04 00:00:00+00:00,2.9768444404989145,-0.5886230498758699,2.057050118125812,-0.3068837702807321,4.990689374953357,-0.138663847943658,4.744113578861376,-0.470369095675039,2.5957090112652774,-0.5421845441234532,1.679106874055892,-0.5949912213381263,1.0038548174197832,-0.3088541427311821,1.9126690981459191,-0.4516344710820507,2.5611948306562495,-0.495289698971848,2.1463959436195585,-0.5543180805252204,0.7639420884807879,-0.2565578259247014
2023-10-05 00:00:00+00:00,2.9373890406672136,-0.5940754819303891,2.0434179420906244,-0.3114770868815875,4.924542268962288,-0.1500800851532806,4.744113578861376,-0.470369095675039,2.5957090112652774,-0.5421845441234532,1.679106874055892,-0.5949912213381263,0.9905496232835258,-0.3180146604154702,1.9126690981459191,-0.4516344710820507,2.5272484931467587,-0.5019791807785985,2.1179473928654393,-0.5602251941423801,0.7588794049452084,-0.2614846554725162
2023-10-06 00:00:00+00:00,2.993188993658595,-0.5863643586461582,2.062826781630058,-0.304937342630215,5.018091071421818,-0.1339346271842152,4.744113578861376,-0.470369095675039,2.5957090112652774,-0.5421845441234532,1.679106874055892,-0.5949912213381263,1.0093665459483887,-0.3050593625768891,1.9126690981459191,-0.4516344710820507,2.575257233277108,-0.492518555060811,2.1581808666491047,-0.5518710356860406,0.7660874117598515,-0.254470071071643
2023-10-07 00:00:00+00:00,2.9959302319868444,-0.5859855406442173,2.063771376149536,-0.3046190646329094,5.022686766384204,-0.1331414625695645,4.744113578861376,-0.470369095675039,2.5957090112652774,-0.5421845441234532,1.679106874055892,-0.5949912213381263,1.0102909494086674,-0.3044229183312374,1.9126690981459191,-0.4516344710820507,2.5776157191087465,-0.49205379069388,2.1601573833754077,-0.5514606278248669,0.7664382128866405,-0.2541286834765613
2023-10-08 00:00:00+00:00,2.991684420315021,-0.5865722790819381,2.062308994865874,-0.3051118091668479,5.01556864932362,-0.1343699685129759,4.744113578861376,-0.470369095675039,2.5957090112652774,-0.5421845441234532,1.679106874055892,-0.5949912213381263,1.0088591720397757,-0.305408685376301,1.9126690981459191,-0.4516344710820507,2.5739627398808524,-0.4927736485600962,2.157096023223096,-0.552096294731032,0.7658951172717654,-0.254657205455834
2023-10-09 00:00:00+00:00,2.9566495084051456,-0.5914138337877448,2.0502333873125775,-0.3091806451690236,4.95683250569371,-0.1445071580152352,4.744113578861376,-0.470369095675039,2.5957090112652774,-0.5421845441234532,1.679106874055892,-0.5949912213381263,0.9970446597931392,-0.3135428807332576,1.9126690981459191,-0.4516344710820507,2.543819668225744,-0.4987136569448018,2.1318347795432544,-0.5573415895728431,0.7614105078097043,-0.2590214731910802
2023-10-10 00:00:00+00:00,2.9352168396932656,-0.5943756633572591,2.042802345376868,-0.3116845101570374,4.920900566972939,-0.1507086014448742,4.744113578861376,-0.470369095675039,2.5957090112652774,-0.5421845441234532,1.679106874055892,-0.5949912213381263,0.9898171112374018,-0.3185189889869856,1.9126690981459191,-0.4516344710820507,2.525379591356012,-0.5023474674759281,2.1163811694861527,-0.5605504078775634,0.7586507856746972,-0.2617071398860171
2023-10-11 00:00:00+00:00,2.8800705830975972,-0.6019964508396197,2.023612468024543,-0.3181504758240951,4.828447688644394,-0.1666649153893354,4.744113578861376,-0.470369095675039,2.5957090112652774,-0.5421845441234532,1.679106874055892,-0.5949912213381263,0.9712206288034888,-0.3313225155238279,1.9126690981459191,-0.4516344710820507,2.4779332735701898,-0.5116972619725162,2.0766190308092294,-0.568806697375609,0.7515240961190303,-0.2686425891263663
2023-10-12 00:00:00+00:00,2.8676514232124983,-0.6037126829836748,2.019249455719677,-0.319620578381306,4.807626926752643,-0.1702583417846397,4.744113578861376,-0.470369095675039,2.5957090112652774,-0.5421845441234532,1.679106874055892,-0.5949912213381263,0.9670326257928668,-0.3342059214514505,1.9126690981459191,-0.4516344710820507,2.4672481710280234,-0.5138028734847773,2.0676644364616417,-0.5706660471422791,0.7499037712179042,-0.2702194336089069
2023-10-13 00:00:00+00:00,2.878621734692674,-0.6021966705185189,2.023111814182444,-0.3183191694793312,4.826018689586869,-0.1670841329651791,4.744113578861376,-0.470369095675039,2.5957090112652774,-0.5421845441234532,1.679106874055892,-0.5949912213381263,0.9707320465211212,-0.3316589004417799,1.9126690981459191,-0.4516344710820507,2.476686724373796,-0.5119429075644203,2.075574366769369,-0.569023613493008,0.7513381643270189,-0.2688235315535042
2023-10-14 00:00:00+00:00,2.8776015396619887,-0.6023376536060278,2.022753314732086,-0.3184399646827144,4.8243083293037605,-0.1673793216724298,4.744113578861376,-0.470369095675039,2.5957090112652774,-0.5421845441234532,1.679106874055892,-0.5949912213381263,0.970388015209868,-0.3318957631946573,1.9126690981459191,-0.4516344710820507,2.475808976714797,-0.5121158769457019,2.0748387749306514,-0.5691763532443126,0.7512050256807777,-0.2689530975063526
2023-10-15 00:00:00+00:00,2.909929505513554,-0.5978701779748505,2.0341154681059126,-0.314611524705212,4.878506269073237,-0.1580253744753337,4.744113578861376,-0.470369095675039,2.5957090112652774,-0.5421845441234532,1.679106874055892,-0.5949912213381263,0.981289688073915,-0.3243900503101464,1.9126690981459191,-0.4516344710820507,2.5036230666612584,-0.5066348188310774,2.0981482276602814,-0.5643363321543877,0.755424673966005,-0.2648466808783056
2023-10-16 00:00:00+00:00,3.054238878850952,-0.5779277352088747,2.0845534474353236,-0.2976166144891637,5.120441402271002,-0.1162701256470596,4.744113578861376,-0.470369095675039,2.5957090112652774,-0.5421845441234532,1.679106874055892,-0.5949912213381263,1.0299538566319797,-0.2908851670215573,1.9126690981459191,-0.4516344710820507,2.6277828702366985,-0.4821678274534241,2.2021997022162574,-0.5427308771859598,0.7741562060797602,-0.2466177978668918
2023-10-17 00:00:00+00:00,3.043000659011878,-0.5794807705436495,2.080718339764015,-0.2989088413271401,5.101600490202766,-0.1195218525093907,4.714797099293781,-0.4736419754927132,2.5957090112652774,-0.5421845441234532,1.679106874055892,-0.5949912213381263,1.026164091546779,-0.2934943893843994,1.9126690981459191,-0.4516344710820507,2.6181138159300548,-0.4840732160054201,2.194096601782816,-0.5444134210640399,0.7727318615310859,-0.248003921008771
2023-10-18 00:00:00+00:00,3.034865889602284,-0.5806049329567586,2.077937176399794,-0.2998459451187576,5.087962522861297,-0.1218756103631103,4.702193162747729,-0.4750490738262531,2.5957090112652774,-0.5421845441234532,1.6704203969540925,-0.5970864420392221,1.0234208754924488,-0.2953830712721019,1.9126690981459191,-0.4516344710820507,2.611114884754148,-0.485452428792509,2.1882311840856428,-0.5456313280515965,0.7716989707762075,-0.2490090947777881
2023-10-19 00:00:00+00:00,3.077057169595056,-0.574774423357691,2.0923811143538957,-0.2949791080257616,5.158696340830072,-0.1096677588996943,4.76756394205936,-0.467751106695467,2.5957090112652774,-0.5421845441234532,1.693642897465561,-0.5914850614988005,1.037648666201846,-0.2855873533692254,1.9126690981459191,-0.4516344710820507,2.64741509807606,-0.4782990910714604,2.2186523881635507,-0.5393146087778393,0.777063134347831,-0.2437888752246098
2023-10-20 00:00:00+00:00,3.179433526597661,-0.56062680014447,2.127188780273342,-0.2832507801863819,5.330330635920648,-0.0800456341415088,4.92618492349184,-0.4500427250464004,2.5957090112652774,-0.5421845441234532,1.7499918634903548,-0.577893415689243,1.0721721360106105,-0.261818225879055,1.9126690981459191,-0.4516344710820507,2.7354968912558686,-0.4609416499979556,2.2924688746428075,-0.5239872068225967,0.7899899551999546,-0.2312089376310465
2023-10-21 00:00:00+00:00,3.2052341731930225,-0.5570613497086885,2.135819696048483,-0.2803426216790233,5.373585503752713,-0.0725803365409093,4.966160206890962,-0.4455799007178131,2.5957090112652774,-0.5421845441234532,1.7641927962153077,-0.5744680813596301,1.0808726589620072,-0.2558279867632173,1.9126690981459191,-0.4516344710820507,2.7576950557916526,-0.4565672688805857,2.311071930429547,-0.5201244313473743,0.7931953350211324,-0.2280895721988677
2023-10-22 00:00:00+00:00,3.214092295171643,-0.5558372255476083,2.1387710172889354,-0.279348183754129,5.388436174026008,-0.0700172799714394,4.979884899222626,-0.4440476816656407,2.5957090112652774,-0.5421845441234532,1.7690683947326886,-0.5732920631851584,1.0838598047800936,-0.2537713612219514,1.9126690981459191,-0.4516344710820507,2.765316339561913,-0.4550654149880713,2.3174589074661474,-0.5187982267420334,0.7942913709838141,-0.2270229476847226
2023-10-23 00:00:00+00:00,3.5438906998760116,-0.5102616287722697,2.2485007955204845,-0.2423750981177531,5.941344270882693,0.0,5.490871499651687,-0.3870013460785118,2.855565758818135,-0.4963525826719968,1.950592719741097,-0.5295075094411248,1.1950747923137897,-0.1772007490514724,1.9126690981459191,-0.4516344710820507,3.049065788406455,-0.3991496103687849,2.555253650261313,-0.4694220537554031,0.8350425697536198,-0.1873652821804599
2023-10-24 00:00:00+00:00,3.6352731694628577,-0.4976332760367309,2.2774906223751668,-0.2326070718977411,6.094547278006449,0.0,5.632458653521798,-0.3711946139886316,2.9291991389665597,-0.4833655724354564,2.000890540690908,-0.517375429377019,1.2258908910908886,-0.1559841162900517,1.9126690981459191,-0.4516344710820507,3.1144792692517074,-0.3862591979669111,2.6211432074617793,-0.4557406151495667,0.855424191938711,-0.1675305882462656
2023-10-25 00:00:00+00:00,3.6967120575923342,-0.4891428953927609,2.2967362863240903,-0.2261223091215791,6.197549773543414,0.0,5.727651499004374,-0.3605673235580549,2.9787048376633423,-0.474634056722797,2.0347071163258557,-0.5092187061760982,1.246609381780766,-0.1417196043699148,1.9126690981459191,-0.4516344710820507,3.159607733698526,-0.3773661607784609,2.665442526051468,-0.4465422165972553,0.8695413817005789,-0.1537922245579027
2023-10-26 00:00:00+00:00,3.659806073703911,-0.4942430178199862,2.2852715967488035,-0.2299852983328311,6.135676771663181,-0.0099834618746204,5.670469708632951,-0.3669510753046995,2.948967051480783,-0.4798790275877289,2.0143936954039976,-0.5141184025117661,1.2341639045452135,-0.1502882139774218,1.9126690981459191,-0.4516344710820507,3.130540014804572,-0.3830942596241901,2.638832182213641,-0.4520676412770685,0.8612152672791954,-0.161894912838035
2023-10-27 00:00:00+00:00,3.631982183182147,-0.49808806496713,2.2765846410140034,-0.2329123393191385,6.089029928815873,-0.0175101207239671,5.627359629791996,-0.3717638669174028,2.926547356354792,-0.4838332778138416,1.9990791490810749,-0.5178123458800197,1.2247811010101546,-0.156748197712412,1.9126690981459191,-0.4516344710820507,3.1090947933223467,-0.3873202654166255,2.6187703056375105,-0.4562333292002567,0.8552520517262635,-0.1676981091823647
2023-10-28 00:00:00+00:00,3.652233911848004,-0.4952894322068957,2.282931695061812,-0.2307737204626131,6.122982017713132,-0.0120318123379343,5.658737471031265,-0.3682608575237475,2.94286562004648,-0.4809551611610501,2.010225902139563,-0.5151236946023561,1.2316104116404714,-0.152046273023464,1.9126690981459191,-0.4516344710820507,3.124208956434072,-0.3843418610708879,2.6333724217804666,-0.4532013167841263,0.8590055414044334,-0.1640453420828884
2023-10-29 00:00:00+00:00,3.6999098117641465,-0.4887009904209894,2.2978322772309983,-0.225753018612559,6.202910818800553,0.0,5.732606069766252,-0.3600141972996854,2.981281496508511,-0.4741796012199961,2.0364671920548494,-0.5087941673141793,1.247687732025282,-0.1409771690184585,1.9126690981459191,-0.4516344710820507,3.160307406949879,-0.3772282828267,2.667748204671987,-0.4460634609061912,0.8670942063606737,-0.1561737314580665
2023-10-30 00:00:00+00:00,3.694427335107647,-0.4894586264248712,2.2961298287307117,-0.2263266530006628,6.19371942887578,-0.0014817865665446,5.72411157110078,-0.360962519664906,2.9768638736358963,-0.4749587548233235,2.033449582326454,-0.5095220295184615,1.2458389251047244,-0.1422500575097621,1.9126690981459191,-0.4516344710820507,3.1561465337149204,-0.3780482265333714,2.6637951712193804,-0.4468842766285386,0.8660599110264078,-0.1571802721154503
2023-10-31 00:00:00+00:00,3.7121135733286903,-0.487014524664108,2.3016259307586853,-0.2244747596110878,6.22337046470816,0.0,5.751514465153741,-0.3579032717533343,2.9911149385087716,-0.4724452381952322,2.0431842639053133,-0.507173976778142,1.251803098172919,-0.1381437729787858,1.9170438976327664,-0.4503802085246431,3.169802526018118,-0.3753571700375174,2.6765474902385007,-0.4442363597634834,0.8681581277502282,-0.1551383597423014
2023-11-01 00:00:00+00:00,3.795878872455334,-0.4754388061575747,2.3275944768119188,-0.2157247439585243,6.3638032608105535,0.0,5.8812996455066155,-0.3434141071716615,3.0586106205769488,-0.4605407580236745,2.0892895184068365,-0.496053164217562,1.2800505261933084,-0.1186956490907402,1.9603027452816864,-0.4379778223019682,3.2364129481438235,-0.3622308878038215,2.7369448344246727,-0.4316953351831447,0.8780509160378045,-0.145511038322155
2023-11-02 00:00:00+00:00,3.74445761368179,-0.4825448276607538,2.3118289792903135,-0.221036876174233,6.2775953534316775,-0.0135466015911837,5.801628022370568,-0.3523086146721986,3.0171768410774296,-0.4678485974494099,2.060986745692343,-0.5028799312250445,1.2627101916983825,-0.1306343280130848,1.933747304993252,-0.4455913128286529,3.1948514962751453,-0.370421007755935,2.6998685331756733,-0.4393939320598299,0.8720383075081386,-0.1513623022131757
2023-11-03 00:00:00+00:00,3.720366222416201,-0.4858740721883664,2.3043919640767205,-0.2235427538384616,6.237206057712594,-0.019893324464879,5.764301043383375,-0.3564757833767579,2.9977646870900867,-0.4712723957598873,2.047726604116099,-0.5060783421348312,1.2545860657443058,-0.1362277224956878,1.921305806720405,-0.449158311839373,3.1758866517462527,-0.3741582292576186,2.682497902790988,-0.4430008042752508,0.869209781750245,-0.1541149262282476
2023-11-04 00:00:00+00:00,3.757368653313827,-0.4807606215280782,2.3158516026330043,-0.219681466551347,6.299240753317071,-0.010145270814871,5.821632267859546,-0.3500753488676288,3.027580187513955,-0.4660137181271094,2.068093110431928,-0.5011658413428721,1.267064066948359,-0.1276367204010389,1.9404149430516688,-0.4436796894986783,3.2045972318191778,-0.3685005083619436,2.7091777878740717,-0.4374609399130663,0.8735667356538166,-0.1498748884933733
2023-11-05 00:00:00+00:00,3.751990125100581,-0.4815038926585477,2.314194076538051,-0.2202399644836394,6.290223633295093,-0.0115622096566965,5.813298825951414,-0.3510056909221719,3.0232463233236397,-0.4667780988806473,2.0651327149614787,-0.5018799031887073,1.2652503136382969,-0.128885474767312,1.9376373139501424,-0.4444760405522259,3.2004211342081192,-0.3693234521915858,2.705299704430242,-0.4382661928666359,0.8729340623781037,-0.1504905843722466
2023-11-06 00:00:00+00:00,3.755656183083748,-0.4809972717106824,2.315324672486603,-0.2198590139203591,6.296369791413281,-0.0105964101392856,5.818978982310792,-0.3503715605837396,3.0262003279849403,-0.4662570894050839,2.0671505497700875,-0.501393191577908,1.2664865858187555,-0.1280343114505118,1.9395305733955144,-0.443933239804231,3.2032227027433127,-0.3687713737312423,2.707943044430509,-0.4377173244956136,0.8733547725162826,-0.1500811637309447
2023-11-07 00:00:00+00:00,3.793488058260525,-0.4757691982460539,2.3269861598183983,-0.2159297143563323,6.359795053046253,-0.000629844701357,5.8775953400878,-0.3438276543172452,3.0566841708840635,-0.4608805335688315,2.0879735904740673,-0.4963705724618453,1.279244293151916,-0.1192507339664435,1.959068058984515,-0.4383318089926364,3.2347352254926087,-0.362561500646781,2.735220984222803,-0.4320532788650364,0.8777627475041317,-0.1457914740310971
2023-11-08 00:00:00+00:00,3.817664108567526,-0.4724282544916417,2.334401147502485,-0.213431258795273,6.400326279923283,0.0,5.915053489011384,-0.3396458418545052,3.0761645407054443,-0.4574447037621337,2.101280329229464,-0.4931609220848696,1.287396967922788,-0.1136376838562384,1.9715532776596376,-0.4347522752671863,3.255350321768198,-0.3584990797319649,2.752652656367214,-0.4284337318173118,0.8805655973714793,-0.1430638369098967
2023-11-09 00:00:00+00:00,3.93301151667456,-0.4564881320229506,2.369667099952599,-0.2015485128260341,6.593706584327669,0.0,6.093771697153572,-0.3196938140153231,3.16910818283594,-0.4410518663107363,2.164768690905646,-0.4778472191758922,1.3262945501174843,-0.0868570156509119,2.0311220490485633,-0.4176738057810919,3.3537079067777533,-0.3391166861145862,2.8358216676530277,-0.4111643530240526,0.8938949145218772,-0.1300922037577848
2023-11-10 00:00:00+00:00,3.997367391015723,-0.4475946463745697,2.3890545334076476,-0.195015981283954,6.70159941672453,0.0,6.193484094115313,-0.3085619627016092,3.220964305586526,-0.4319057970194496,2.200190804789361,-0.4693032323080333,1.3479967101657977,-0.0719152553974425,2.0643573026973137,-0.4081452012443813,3.408584635134767,-0.328302651291077,2.882224222571488,-0.4015292343004688,0.9012374160925836,-0.1229467336846111
2023-11-11 00:00:00+00:00,3.9789749463606223,-0.4501363404196484,2.3835583469197013,-0.1968679031320371,6.6707644235113,-0.0046011394140148,6.164987010339805,-0.3117433655073719,3.206144199768956,-0.4345196776476567,2.1900674201590915,-0.471745042122751,1.3417943893726916,-0.0761855026953792,2.054858906947264,-0.4108684076863097,3.392901262024042,-0.331393224436511,2.868962707100986,-0.4042828817286645,0.8991567931570207,-0.1249715243879509
2023-11-12 00:00:00+00:00,3.971916096920365,-0.4511118189883681,2.3814440863714705,-0.1975802962268487,6.658930239493613,-0.0063670139883967,6.154050094251168,-0.3129643583571977,3.2004563807967292,-0.4355228607565539,2.186182159158125,-0.472682186051525,1.339413996255859,-0.0778243839487446,2.051213510873991,-0.4119135490271581,3.3868821290822293,-0.3325793577062759,2.8638730606286793,-0.4053397060373241,0.8983570634842227,-0.1257497938086079
2023-11-13 00:00:00+00:00,3.907489494772452,-0.4600150786743284,2.3621299383700674,-0.2040881344778531,6.550918831698974,-0.0224842721350245,6.054228112279278,-0.3241084436967335,3.1485432676025176,-0.4446789816775942,2.150721115985498,-0.4812355628539975,1.3176879852973122,-0.0927825653594511,2.017941731319542,-0.4214526256040229,3.331945090603133,-0.343405277271823,2.817419508797031,-0.4149854138613136,0.8910688598820823,-0.132842422965687
2023-11-14 00:00:00+00:00,3.8097843879156024,-0.4735171711328737,2.3325979129676995,-0.2140388527041608,6.387115902652591,-0.0469266356456807,5.902844722653444,-0.3410088235494755,3.0698152871905235,-0.4585645466951412,2.0969432525420335,-0.4942070461638547,1.2847397596962713,-0.1154671500557212,1.9674839597111364,-0.435918955740734,3.2486312258943317,-0.3598231480381105,2.7469711366297203,-0.4296134538670422,0.8799284609262223,-0.1436838761919141
2023-11-15 00:00:00+00:00,4.0570112931405795,-0.4393523189570465,2.408282112444504,-0.1885373121590629,6.80159261239363,0.0,6.285895804870627,-0.2982451570172687,3.2690236559033963,-0.4234293794861438,2.2330194022587375,-0.4613848142658641,1.3681098936641325,-0.0580674925435551,2.095159156234605,-0.3993142567161286,3.459443430055443,-0.3182803923878891,2.925229301318894,-0.3925995742811777,0.908478902714692,-0.1158995678862407
2023-11-16 00:00:00+00:00,3.875402646443896,-0.4644492337228484,2.354379766147816,-0.2066995293597902,6.497125126240107,-0.0447641462087472,6.004513046008447,-0.3296586134112442,3.1226886030106833,-0.4492390710424941,2.133060195249058,-0.4854954631903184,1.3068676223545177,-0.1002322970261072,2.0013711454343235,-0.4262034411539979,3.304584398551551,-0.3487969885764075,2.794283909180544,-0.4197893357453104,0.8881229971720976,-0.1357092352681661
2023-11-17 00:00:00+00:00,3.9236700880164856,-0.4577790454408236,2.3690414539993356,-0.2017593221594791,6.57804564883622,-0.0328668557934609,6.079298173919223,-0.321309632243945,3.161581126819407,-0.4423794429253189,2.159627075580699,-0.479087401903556,1.3231444230794664,-0.089025852433299,2.0262978623822927,-0.4190569084178275,3.345742401714175,-0.3406863724228511,2.8285296908818767,-0.4126784735728697,0.8936664704801861,-0.1303145176446229
2023-11-18 00:00:00+00:00,3.918759863614594,-0.4584576005951992,2.367559101393793,-0.2022587959642322,6.5698136416752915,-0.034077161618883,6.071690317608591,-0.3221589702184252,3.157624608445224,-0.4430772697060942,2.156924439189865,-0.4797392910005109,1.321488591705347,-0.0901658788342282,2.0237620790503152,-0.419783921872172,3.34155541717806,-0.3415114616352487,2.825007613890258,-0.4134098046391758,0.8931046617226408,-0.1308612506109328
2023-11-19 00:00:00+00:00,4.003607512511187,-0.4467323096954055,2.3931898915376553,-0.1936225860475651,6.712061000683084,-0.0131633305334113,6.2031524806925304,-0.3074825879688727,3.225992416999199,-0.4310189691398217,2.203625429779285,-0.4684747839859973,1.350101010927801,-0.0704664614793694,2.067579883740985,-0.4072212817016822,3.4139056327239845,-0.3272540929139949,2.885411037281701,-0.400867517760573,0.9027769868038416,-0.1214484764030986
2023-11-20 00:00:00+00:00,4.013136477020489,-0.4454154802687994,2.3960379006730688,-0.1926629587945634,6.728036340638339,-0.0108145659328756,6.217916570241666,-0.3058343310354203,3.2336705840404987,-0.4296647404766499,2.2088702667036197,-0.467209703704434,1.353314379015682,-0.0682540837497618,2.072500919399637,-0.4058104122918106,3.4220310509900544,-0.3256528940321445,2.89219051580203,-0.3994598133670942,0.9038517408689504,-0.1204025626999413
2023-11-21 00:00:00+00:00,3.8301947183299263,-0.4706966208338251,2.3414253314334834,-0.2110644832654945,6.421333887896383,-0.0559073067393588,5.934468299976075,-0.337478380279735,3.086261347634585,-0.4556638900241143,2.1081773015817187,-0.4914973386691791,1.2916225541859,-0.1107284021656961,1.97802445061922,-0.4328969788198599,3.2660352650638735,-0.3563934996008948,2.760608372550581,-0.4267817910978282,0.883238433977232,-0.1404627242246663
2023-11-22 00:00:00+00:00,4.008802791406946,-0.4460143622077553,2.3960175254934506,-0.1926698241439063,6.720770902628999,-0.0118827625190842,6.2112019978016395,-0.30658394316305,3.2301786241310277,-0.430280631245191,2.2064849630011896,-0.4677850506071153,1.3518529686977117,-0.0692602528386658,2.0702628775413836,-0.4064520627521706,3.401968835053841,-0.3296063640779448,2.8806115423222978,-0.4018640944324471,0.9042416469503944,-0.1200231195075255
2023-11-23 00:00:00+00:00,3.9965797404405614,-0.4477034936112494,2.392364733643321,-0.1939006202692909,6.700278917976544,-0.0148955840478414,6.1922637155932,-0.308698205261898,3.220329639282505,-0.4320177356235241,2.199757274071932,-0.4694078020344107,1.3477310977563746,-0.0720981273757669,2.063950536929307,-0.4082618216915539,3.392783907912847,-0.3314163502948329,2.8713642267267954,-0.4037842254207877,0.9024116416995462,-0.1218040176970274
2023-11-24 00:00:00+00:00,4.041512258761583,-0.4414941660102409,2.405813104401106,-0.1893692362483727,6.775608430907705,-0.003820308414029,6.261881744237568,-0.3009260769485015,3.2565349773250887,-0.4256320570789748,2.2244885794475984,-0.463442490391848,1.3628832919260507,-0.0616659652272386,2.087155002081311,-0.4016090615153834,3.4250965223610037,-0.3250488107504253,2.903646236370748,-0.3970811247811369,0.9079293936182498,-0.1164343312452613
2023-11-25 00:00:00+00:00,4.048702919114419,-0.4405004721896688,2.4079533162572804,-0.1886480989462328,6.787663596348524,-0.0020479050773675,6.273022886936027,-0.2996822843232806,3.2623290057604373,-0.4246101413873551,2.2284463904869916,-0.4624878470394763,1.3653081344665006,-0.059996480908113,2.0908684691606583,-0.4005444040997021,3.4302802917265285,-0.3240272946339555,2.9088124050060817,-0.3960084112584663,0.9086785488611128,-0.1157052791209286
2023-11-26 00:00:00+00:00,4.012991806506684,-0.4454354726183936,2.397333780352947,-0.1922263164250011,6.727793800051974,-0.0108502253144627,6.217692419084543,-0.305859355179147,3.2335540126785363,-0.4296853006284186,2.2087906386126632,-0.4672289103888707,1.3532655930629307,-0.0682876724804746,2.072426207319799,-0.4058318323739442,3.4043034581354945,-0.3291463021161507,2.8831555639324793,-0.4013358487293271,0.9045741861865486,-0.1196995037565155
2023-11-27 00:00:00+00:00,3.9910522551797674,-0.4484673494572271,2.3907805116125864,-0.1944344186397366,6.691012070980456,-0.0162580365680352,6.183699481012178,-0.3096543129162781,3.215875749763947,-0.4328032857185128,2.1967148911596825,-0.4701416396516288,1.3458671129838498,-0.0733814656944035,2.061095982056688,-0.4090802274963355,3.3883647247003656,-0.3322871966915119,2.867392975188635,-0.4046088239826261,0.902051236543544,-0.1221547516031262
2023-11-28 00:00:00+00:00,4.052796558838389,-0.4399347627418914,2.4092740151364427,-0.1882030938296081,6.794526596644193,-0.0010388766502366,6.279365534493125,-0.2989741937378342,3.2656275435582076,-0.4240283652410079,2.2306995705422055,-0.4619443690057861,1.3666885962406468,-0.0590460442316507,2.0929825443086623,-0.3999382951089565,3.4335941880027745,-0.3233742566193771,2.9117535025004155,-0.3953977159296135,0.90915916541553,-0.1152375596150914
2023-11-29 00:00:00+00:00,4.056629791637508,-0.4394050395233839,2.4104133898919735,-0.1878191852763686,6.800953023884402,-9.403510996275344e-05,6.2853047099673995,-0.2983111466110957,3.2687162529044427,-0.4234835973678451,2.2328094200336968,-0.4614354630040823,1.3679812432998402,-0.0581560672704716,2.0949621377129577,-0.3993707422660517,3.436268076340524,-0.3228473388809419,2.91450750923791,-0.3948258684973345,0.9095915004228976,-0.1148168260507904
2023-11-30 00:00:00+00:00,4.0426256859011644,-0.4413402989641047,2.406252832272206,-0.1892210713974371,6.777475095124249,-0.0035458632475922,6.26360687795794,-0.3007334837238212,3.257432145066419,-0.4254738200590653,2.2251014208291076,-0.4632946700575538,1.3632587630735211,-0.0614074564034576,2.0877300083846553,-0.4014442062165918,3.423454716091425,-0.3253723458937227,2.904446184092374,-0.3969150220464045,0.9079850571618128,-0.1163801613985318
2023-12-01 00:00:00+00:00,4.145348180503465,-0.4271448422033361,2.4368240887747423,-0.1789201876911498,6.9496896910251635,0.0,6.422764161788571,-0.2829652294938387,3.3402029930096058,-0.410875198518692,2.281640904434486,-0.4496570704770849,1.3978989577914602,-0.0375579647649897,2.1407789056063993,-0.3862349958980298,3.5104441719347825,-0.3082301613478768,2.978247713259078,-0.3815907258572664,0.9196132350471694,-0.1050640184893023
2023-12-02 00:00:00+00:00,4.227631410588681,-0.4157739342115348,2.4610090002035205,-0.1707711618225521,7.087637793565015,0.0,6.550253038065145,-0.2687324233623419,3.406504466236339,-0.3991813456796992,2.326930413381988,-0.4387330197281786,1.4256466008292203,-0.0184539387626896,2.183272369504092,-0.3740520465167687,3.580124853248634,-0.2944988523428725,3.037364542815987,-0.3693155898794393,0.9289225668360164,-0.0960044968728771
2023-12-03 00:00:00+00:00,4.283561031225769,-0.4080448918584084,2.4772880092274736,-0.1652860036055377,7.181403984253806,0.0,6.6369098754087075,-0.2590580893976759,3.4515709547712548,-0.3912327910058798,2.3577146333457706,-0.4313077155249544,1.4445072501628455,-0.0054685354691733,2.212156059569399,-0.3657710427638886,3.627488259711669,-0.2851653963919435,3.077547479812518,-0.360971924982017,0.9352377070025174,-0.08985881959476
2023-12-04 00:00:00+00:00,4.499906675737233,-0.3781475918178162,2.5398469954412723,-0.1442069602329465,7.54410816008902,0.0,6.972113817664414,-0.2216360580489257,3.6258960869086514,-0.3604863785637091,2.4767934297506713,-0.402585328259646,1.5174635707941722,0.0,2.323883270872965,-0.3337386586048105,3.810698275813743,-0.2490619413671817,3.232982172625601,-0.3286971564558116,0.9593495257084474,-0.0663940266609212
2023-12-05 00:00:00+00:00,4.723044332963491,-0.3473116879866448,2.602818913429223,-0.1229887808656073,7.918199167304848,0.0,7.317841241652287,-0.1830391894932231,3.8056940286173218,-0.328774705070348,2.5996106175665523,-0.3729612227279689,1.592710301562812,0.0,2.4391180759692137,-0.3007006412563751,3.9996600358977816,-0.2118250448713428,3.393296623532686,-0.2954091452609494,0.9883759102285852,-0.0381465472530112
2023-12-06 00:00:00+00:00,4.6897561835536345,-0.3519118535825359,2.59364654294433,-0.1260793807455316,7.862391476680682,-0.0070480281494562,7.26626489058787,-0.1887971522826774,3.778871389975409,-0.3335055198436393,2.581288488756318,-0.3773806096809828,1.5814848345234684,-0.0070480281494562,2.421927103109935,-0.3056293228216969,3.9714703193765186,-0.2173801241417859,3.369380573410572,-0.3003751214389998,0.9834282931286364,-0.0429613981019714
2023-12-07 00:00:00+00:00,4.637294368714128,-0.359161671911315,2.579139668879934,-0.1309674239526107,7.774439073676913,-0.0181556551673437,7.1849810394994815,-0.1978716482540178,3.736599160161326,-0.3409612400646894,2.5524129836246483,-0.3843455225446729,1.5637936025461616,-0.0181556551673437,2.3948342892694816,-0.3133968792724689,3.927043587499416,-0.2261348775681952,3.3316891001553137,-0.3082014538536557,0.97742792433021,-0.0488007507073852
2023-12-08 00:00:00+00:00,4.733510976728938,-0.3458652785163725,2.6058962267782495,-0.1219518903166863,7.935746529579137,0.0,7.334058162775365,-0.1812287390356175,3.814127750782456,-0.3272872161642302,2.6053715624878273,-0.3715716546769086,1.5962398749000066,0.0,2.4445233565897775,-0.2991509379808222,4.00852360223919,-0.2100783861701735,3.400816440084296,-0.2938477156073095,0.9875668307806612,-0.0389339155533497
2023-12-09 00:00:00+00:00,4.684495535018303,-0.3526388346503735,2.592404216805572,-0.1264979784266431,7.853571982321669,-0.0103549863835968,7.258114090363319,-0.1897071042941842,3.774632509857805,-0.3342531478809212,2.5783929754340553,-0.3780790216357955,1.5797108327304628,-0.0103549863835967,2.419210350517906,-0.3064082204749875,3.967015394919677,-0.2182580137254902,3.3656010321541108,-0.3011599128969416,0.9824482002742184,-0.0439151907695976
2023-12-10 00:00:00+00:00,4.692630304427897,-0.3515146722372642,2.5946551113109173,-0.125739546972157,7.867209949663139,-0.0086364376256902,7.270718026909371,-0.1883000059606442,3.781187274366409,-0.3330970581618323,2.582870433496654,-0.3769990368835072,1.5824540487847931,-0.0086364376256902,2.423411383096047,-0.3052037771899744,3.973904238177344,-0.2169004949171994,3.371445501023086,-0.2999463557657056,0.9833018578269868,-0.0430844405903426
2023-12-11 00:00:00+00:00,4.420852277193461,-0.3890723001849702,2.5195191852141567,-0.1510563486163001,7.411573204117456,-0.0660521758738027,6.849627663139028,-0.2353103623652521,3.562196313782622,-0.3717213592747059,2.4332811018257767,-0.4130807142662723,1.4908047579463346,-0.0660521758738026,2.283057269912691,-0.3454435434863026,3.743751896269798,-0.2622544275333793,3.1761851144693285,-0.3404906104897031,0.9548025319470852,-0.0708190046513033
2023-12-12 00:00:00+00:00,4.446463244670722,-0.3855330619408789,2.5268172490110112,-0.1485972901720968,7.454510074291842,-0.0606416111570056,6.889309059465479,-0.2308803474695507,3.5828328988163616,-0.3680816032219457,2.44737763327592,-0.409680562034032,1.4994413170930132,-0.0606416111570056,2.2962835217352424,-0.3416515542795413,3.7641078202162017,-0.2582430792440096,3.193088019319625,-0.3369808577337991,0.9576670618554054,-0.068031342634958
2023-12-13 00:00:00+00:00,4.593988589948339,-0.3651461966479973,2.568734787355736,-0.1344733143483677,7.7018367948946596,-0.0294754543649572,7.117883466088538,-0.2053623939735116,3.7017046023221503,-0.3471157311249048,2.5285770518939596,-0.390094865691125,1.5491899793118666,-0.0294754543649571,2.3724699199485437,-0.3198087825250916,3.883998830241211,-0.2346172984029686,3.293068961608979,-0.3162206161749777,0.9735319726099372,-0.0525921569679985
2023-12-14 00:00:00+00:00,4.610409229081946,-0.3628769909233138,2.573325598384893,-0.1329264557648821,7.72936604974558,-0.026006435445526,7.143325452611414,-0.2025220609785397,3.7149358836507425,-0.3447820777504352,2.537615135136378,-0.3879148358716925,1.554727365637845,-0.026006435445526,2.380950017721545,-0.3173775238692814,3.8966838110750968,-0.2321175899002904,3.3040326856240254,-0.3139440867312174,0.975278054979842,-0.0508929296407307
2023-12-15 00:00:00+00:00,4.494462777884415,-0.3788998965284729,2.5409675195156223,-0.1438294033543466,7.534981447653948,-0.0505012452743299,6.963679092640844,-0.2225777073091522,3.6215095497325622,-0.3612600494598977,2.473797054179865,-0.4033080686814114,1.5156277734610155,-0.0505012452743298,2.321071882979809,-0.3345446883621368,3.8046050681671137,-0.2502626718343635,3.224320158078234,-0.3304957543712916,0.9629885844725956,-0.0628526197925205
2023-12-16 00:00:00+00:00,4.530655053904732,-0.3738984030259124,2.5511982636968273,-0.1403821879600226,7.595657915974779,-0.0428552767325337,7.019755070637129,-0.2163174080048917,3.650672250529438,-0.3561165086770252,2.4937176431863373,-0.398503125322298,1.527832573329662,-0.0428552767325336,2.339762631663981,-0.3291860184813906,3.83197237085325,-0.2448696578349133,3.2499399230144896,-0.3251760154632745,0.9668846295165516,-0.0590611227125077
2023-12-17 00:00:00+00:00,4.433845832600039,-0.3872766910084519,2.523941772707791,-0.1495661723963915,7.433356941966926,-0.0633071615555814,6.869759757806514,-0.2330628235305569,3.572666149070044,-0.3698747530510262,2.440432884069092,-0.4113556694603845,1.4951864592582509,-0.0633071615555813,2.289767521527757,-0.3435197027761478,3.757200810637941,-0.2596041779162864,3.180496509315866,-0.3395953838953133,0.9565105414308444,-0.0691568285477816
2023-12-18 00:00:00+00:00,4.571352476888287,-0.3682743329478397,2.5630792141804077,-0.1363789410132913,7.663887277814719,-0.0342575522984648,7.082811281704104,-0.209277838328585,3.6834650698869993,-0.35033270953833,2.516117909928967,-0.3931000715826523,1.5415566039047248,-0.0342575522984647,2.360779969856585,-0.3231603113762742,3.860575789017468,-0.2392330543171724,3.2791330922459614,-0.3191142877856245,0.9714577555805604,-0.0546107136636906
2023-12-19 00:00:00+00:00,4.5304364406838715,-0.3739286136875213,2.5516087530365343,-0.1402438749354781,7.595291410199828,-0.0429014608909597,7.019416353333033,-0.2163552222665229,3.6504960982491377,-0.3561475773508092,2.4935973162933363,-0.3985321487565579,1.5277588523343937,-0.0429014608909597,2.339649733410004,-0.3292183866055037,3.8269356090634625,-0.2458622045668929,3.249783106875163,-0.3252085770781003,0.9669789995193848,-0.058969285070451
2023-12-20 00:00:00+00:00,4.679708548461506,-0.3533003592847241,2.593644881539435,-0.1260799405504127,7.845546583808389,-0.011366283617369,7.250697177630979,-0.1905351254054896,3.770775293014184,-0.3349334604583375,2.5757581703799617,-0.378714549483045,1.5780965597605396,-0.0113662836173689,2.4167382108094957,-0.3071169871926992,3.952598665597305,-0.2210989814289395,3.356859319185997,-0.302975059550898,0.9831915276782848,-0.0431918100976049
2023-12-21 00:00:00+00:00,4.700377142533808,-0.3504441189393629,2.5993724810970895,-0.1241500448343276,7.880197548913766,-0.0069998431096963,7.2827209062785485,-0.1869600094050966,3.787429454926639,-0.3319961001089678,2.587134370307947,-0.3759705544998566,1.5850664462102655,-0.0069998431096961,2.4274120766156613,-0.3040567714585342,3.970055876127395,-0.2176588550175114,3.3716853627114833,-0.2998965504080263,0.9854470085336344,-0.0409968536788257
2023-12-22 00:00:00+00:00,4.7118693394971185,-0.3488559859241893,2.6025501516996736,-0.1230793392409415,7.899464254455844,-0.0045720052912547,7.300526810048784,-0.1849721655730742,3.796689538524356,-0.3303628625714222,2.593459789918447,-0.3744448323969006,1.588941857745852,-0.0045720052912546,2.4333469828688536,-0.3023552236007447,3.97976247257706,-0.2157460683925229,3.379928971918064,-0.2981848310090449,0.9866680402583032,-0.0398085875868134
2023-12-23 00:00:00+00:00,4.683269586367985,-0.3528082513017493,2.5946517692868944,-0.1257406730560915,7.851516675426847,-0.0106139798994761,7.256214616854077,-0.1899191607417624,3.773644675501616,-0.3344273761299837,2.577718201092914,-0.3782417805024292,1.579297416953076,-0.0106139798994758,2.4185772348191343,-0.3065897358376603,3.9556064071118744,-0.220506274420842,3.359413731102584,-0.3024446563839064,0.9835815469051622,-0.0428122567959435
2023-12-24 00:00:00+00:00,4.60711288463406,-0.3633325203111049,2.5735553838180594,-0.1328490303236265,7.723839717570328,-0.0267028201088532,7.138218126986906,-0.2030922407274487,3.712279783581126,-0.3452505446159228,2.535800794337991,-0.3883524637333758,1.5536157686699734,-0.0267028201088531,2.379247689146871,-0.3178655844073788,3.8912825556299766,-0.2331819639295547,3.304784830330966,-0.3137879099094579,0.9754244237294208,-0.0507504886062016
2023-12-25 00:00:00+00:00,4.669763790179194,-0.3546746482049788,2.591053932182754,-0.1269529523616817,7.828874164241953,-0.0134672100398917,7.235288861052485,-0.1922553035816521,3.762762091243688,-0.3363467805206669,2.5702844764238417,-0.3800348311983965,1.574742977230678,-0.0134672100398915,2.4116024470991624,-0.3085894195052955,3.944199074488308,-0.2227542089447818,3.349725722259752,-0.3044562937939551,0.9820555446723972,-0.0442973097007085
2023-12-26 00:00:00+00:00,4.5553990699326,-0.3704789707879077,2.5593258650457065,-0.1376436195829289,7.637141339227915,-0.0376278638989063,7.058093220399788,-0.2120373526075215,3.67061027088297,-0.3525999612374572,2.507336995928453,-0.3952180709249411,1.536176778137262,-0.0376278638989062,2.35254116443032,-0.325522391100156,3.847603776734838,-0.241789325376969,3.2676893576079205,-0.3214904875891152,0.9700239811967568,-0.0560060135968939
2023-12-27 00:00:00+00:00,4.653980772939765,-0.3568557394999692,2.587018576315701,-0.1283126521665147,7.802413884567977,-0.016801525163913,7.21083479999989,-0.1949853449801998,3.750044587399304,-0.3385898169299332,2.561597346619343,-0.3821302093345712,1.5694206104742328,-0.016801525163913,2.4034516359002613,-0.3109262711324423,3.930868344116184,-0.2253811691660454,3.3384042119655972,-0.306807114691773,0.98052553942991,-0.0457862581969006
2023-12-28 00:00:00+00:00,4.561274836059963,-0.3696669852114252,2.5612522493212615,-0.1369945307764395,7.646992080228215,-0.0363865514447366,7.067197078136846,-0.2110210016441702,3.675344795161811,-0.3517649144808027,2.5105710760967086,-0.3944379949933384,1.5381582105738176,-0.0363865514447365,2.3555755817173636,-0.3246524184309785,3.852566595490295,-0.2408113498953564,3.271904175705616,-0.3206153143827914,0.9707528525747876,-0.0552967010324009
2023-12-29 00:00:00+00:00,4.508035015346215,-0.3770243179535776,2.5463046068904083,-0.1420310894259215,7.557735347848881,-0.0476339787720391,6.98470779193682,-0.220230071899551,3.632445670467838,-0.3593312026291428,2.4812673487870063,-0.4015061971377768,1.5202046185839375,-0.047633978772039,2.3280809829142264,-0.3325351673234472,3.8075989138215336,-0.2496727031512363,3.2337140648335425,-0.328545184903194,0.965083735869219,-0.0608136904904054
2023-12-30 00:00:00+00:00,4.515893303329427,-0.3759383631419151,2.5485239324752587,-0.1412832950147224,7.570909793180852,-0.0459738393909657,6.996883350715926,-0.2188707974851329,3.638777654151357,-0.3582144056445455,2.4855926287202212,-0.4004629184935231,1.5228545992618987,-0.0459738393909655,2.3321392324064547,-0.3313716601954009,3.814236220028675,-0.2483647523566596,3.2393509900770945,-0.3273747225428126,0.9659251965758524,-0.0599948098624476
2023-12-31 00:00:00+00:00,4.53124981046149,-0.3738162122553579,2.552857120099115,-0.1398232417850763,7.596655027274286,-0.0427296286544618,7.020676580949745,-0.2162145309695715,3.6511514883508425,-0.3560319836086422,2.494045003115826,-0.3984241645085026,1.5280331378020848,-0.0427296286544617,2.340069781325538,-0.3290979581437296,3.8272067093166,-0.2458087814189418,3.250366555158249,-0.3250874287170568,0.9675682186617844,-0.0583958772600458
2024-01-01 00:00:00+00:00,4.734428294949811,-0.3457385122107966,2.610091400096153,-0.1205383405506876,7.9372844165563965,0.0,7.335479447149421,-0.1810700674279882,3.814866899566462,-0.3271568495722733,2.6058764635682645,-0.3714498700704058,1.5965492139781945,0.0,2.4449970865182338,-0.2990151187933664,3.9988163295205417,-0.2119913060610575,3.39611101382479,-0.294824759667385,0.9892604075150442,-0.0372857849052834
2024-01-02 00:00:00+00:00,4.816661158263554,-0.3343745645184837,2.632758898257381,-0.1129006020608771,8.075148079040254,0.0,7.462890285615738,-0.1668459734057888,3.8811277886894007,-0.3154701547120445,2.65113825014336,-0.3605325060931182,1.6242798722768486,0.0,2.4874645395436863,-0.2868396267740334,4.068272258759769,-0.1983042868093677,3.4550984808218193,-0.2825764847885862,0.9978536465725985,-0.0289231401137108
2024-01-03 00:00:00+00:00,4.591438102371629,-0.365498654366769,2.5712060938344563,-0.1336406158088823,7.697560894186894,-0.046759165424275,7.1139317642074165,-0.2058035603592084,3.6996494923853223,-0.3474781989857174,2.5271732381422836,-0.3904334724241567,1.548329901033735,-0.046759165424275,2.371152773652145,-0.320186410639744,3.8780432432214313,-0.2357909092823807,3.2935409593999103,-0.3161226096156215,0.9745231440661236,-0.0516275829860438
2024-01-04 00:00:00+00:00,4.731379497825546,-0.34615983246706,2.610389696090245,-0.1204378307026564,7.932173098273365,-0.017705555287338,7.33075566906043,-0.181597428086521,3.812410266049537,-0.3275901357336234,2.60419837528107,-0.3718546331609421,1.5955210951961405,-0.0177055552873379,2.4434225986135027,-0.2994665271909243,3.9962412393583535,-0.2124987545828864,3.39392404364643,-0.2952788665015983,0.989412195304998,-0.0371380702469829
2024-01-05 00:00:00+00:00,4.730737589397625,-0.3462485392626669,2.610212619706196,-0.1204974960042468,7.93109693670868,-0.0178388236254727,7.329761102074384,-0.1817084611390554,3.8118930345990494,-0.3276813618885085,2.603845062492308,-0.3719398539311462,1.5953046301168965,-0.0178388236254727,2.4430910983481486,-0.2995615688886878,3.995699067475349,-0.2126055952382731,3.3934635884137996,-0.2953744763412093,0.9893428361710472,-0.0372055681713857
2024-01-06 00:00:00+00:00,4.711792181889758,-0.3488666485106392,2.604985999033625,-0.122258588542938,7.899334899476453,-0.0217721307204432,7.300407262764986,-0.1849855117830616,3.79662736713131,-0.3303738279856987,2.593417321603271,-0.3744550759619333,1.5889158385710522,-0.0217721307204431,2.433307136426274,-0.3023666476445492,3.9796973033356977,-0.2157589106749732,3.379873625045361,-0.298196323343689,0.9873601768742536,-0.0391350240297349
2024-01-07 00:00:00+00:00,4.7075806624878735,-0.3494486480210488,2.603821797743218,-0.1226508623149432,7.892274273517821,-0.022646495610043,7.293881973524308,-0.1857139924115444,3.7932338452608305,-0.3309723568483016,2.5910992593998707,-0.3750142038866458,1.5874956252798498,-0.0226464956100429,2.431132184768773,-0.3029902100355519,3.9761401489113055,-0.2164598852587298,3.376852608243621,-0.2988236132763632,0.986918533405121,-0.0395648162689752
2024-01-08 00:00:00+00:00,5.03143042999126,-0.304695107042729,2.693384478053591,-0.0924730135822946,7.872543587834027,-0.0250898793710179,7.79565181044828,-0.1296966125416436,4.054182724727187,-0.2849477717754431,2.7693493952756905,-0.3320194005523015,1.6967046067119012,0.0,2.5983776658884272,-0.2550406421765747,4.249671747221783,-0.1625576152433637,3.6091572696989505,-0.2505874116901095,1.0208689389187393,-0.0065254489316209
2024-01-09 00:00:00+00:00,4.94130177152406,-0.317150192748451,2.6692610072910457,-0.1006013372217363,7.711840346088003,-0.044990844675065,7.6560072999399,-0.1452864687192272,3.981559629715776,-0.297756594029987,2.719741684447503,-0.3439850226846225,1.6663113195253134,-0.0179131282288953,2.55183259357227,-0.2683851946785812,4.180983862936484,-0.1760932831822754,3.5445146265306517,-0.264009938588193,1.0104986443345645,-0.0166174630616345
2024-01-10 00:00:00+00:00,4.99959755878694,-0.3090941644108502,2.6850065212289795,-0.0952959384084122,7.802821999305709,-0.0337239734886584,7.746330253986621,-0.1352028509816122,4.028532707637465,-0.2894717666516824,2.751828266076707,-0.3362455824870559,1.6859698902194922,-0.0063268034105312,2.581938241210036,-0.2597538535823592,4.225266029600356,-0.167367017847211,3.5858081924514877,-0.255435660493667,1.0165176238641764,-0.010759999132519
2024-01-11 00:00:00+00:00,4.965859323334134,-0.3137565284277013,2.6759470538278154,-0.0983484959679142,7.750167072041366,-0.0402445879404248,7.694056543766711,-0.1410386666626601,4.001347402536112,-0.2942665463415878,2.733258405427941,-0.3407247235694285,1.674592644660478,-0.013032299178037,2.5645148307690397,-0.2647491754032079,4.199234141152398,-0.1724968744663321,3.561517647264975,-0.2604793975711597,1.013032191772199,-0.0141519018056713
2024-01-12 00:00:00+00:00,4.584740393399167,-0.3664242261072421,2.573260488289674,-0.1329483943959913,7.155358562780083,-0.1139037336847809,7.103554395822116,-0.2069620855317315,3.694252670072219,-0.3484300578639024,2.523486752449853,-0.3913226707777072,1.5460712921100677,-0.0887799290494947,2.367693881067061,-0.3211780811088955,3.898636766030731,-0.2317327396453412,3.288178894334137,-0.3172359994624327,0.9739357866987396,-0.0521991789810173
2024-01-13 00:00:00+00:00,4.5917338731998525,-0.3654577811187097,2.5752230907167015,-0.1322871020032232,7.137470166373133,-0.1161189743505689,7.114390028795312,-0.2057523998875896,3.6998878160586703,-0.3474361648976565,2.527336033350461,-0.390394205424864,1.5484296412038048,-0.0873899704884064,2.371305518348703,-0.3201426184718261,3.9010669159708686,-0.2312538531142778,3.2925377159603766,-0.3163309250772497,0.9742213994722156,-0.0519212304500246
2024-01-14 00:00:00+00:00,4.47217816059124,-0.381979458823375,2.5416973420301567,-0.1435834920733423,7.137470166373133,-0.1161189743505689,6.929151512549271,-0.2264323522631716,3.6035532425324046,-0.3644270743193956,2.4615313789840108,-0.4062666094433443,1.508112929850189,-0.1111517444555008,2.309563455570716,-0.3378441743470981,3.8265461369820537,-0.2459389541249886,3.211045048874865,-0.3332522244291961,0.9488936906905509,-0.076569285799917
2024-01-15 00:00:00+00:00,4.555631614388125,-0.3704468349370783,2.565412119715885,-0.135592876213609,7.137470166373133,-0.1161189743505689,7.058453522630126,-0.2119971286135314,3.670797648553683,-0.3525669126972062,2.5074649907116946,-0.3951871979581057,1.5362551970390923,-0.0945653174029795,2.3526612571808747,-0.3254879603014668,3.877699598862158,-0.2358586280072272,3.2679360696515243,-0.3214392598100665,0.966582886595665,-0.0593547685483614
2024-01-16 00:00:00+00:00,4.622806956298336,-0.3611637206088277,2.5843263396166147,-0.1292197924126078,7.224872489620865,-0.1052953557132101,7.1625343765873435,-0.2003775845431921,3.7249256176251935,-0.3430201488925586,2.544438967612495,-0.3862688941513362,1.558908141099913,-0.0812141754474448,2.387352566252243,-0.3155419021640621,3.920626602384438,-0.2273994117810196,3.3133628051774418,-0.3120067621644912,0.9808223978607808,-0.045497365778788
2024-01-17 00:00:00+00:00,4.584029900431367,-0.3665224107574717,2.5734874090926763,-0.1328719341823894,7.1642687726994705,-0.1128003223501311,7.102453564583804,-0.2070849818820327,3.6936801751612456,-0.3485310310537004,2.5230956900476,-0.3914169969390518,1.545831698875445,-0.0889211399790076,2.3673269617416355,-0.3212832775122631,3.895618966843107,-0.2323274286233905,3.286885197103065,-0.3175046253265829,0.972603901145044,-0.0534953242079779
2024-01-18 00:00:00+00:00,4.428793080951216,-0.3879749423294646,2.529912213354734,-0.147554452178927,6.921652925435872,-0.1428450775532375,6.861931071096645,-0.2339368149207081,3.5685947863170413,-0.3705928353887288,2.437651799262724,-0.4120264806983026,1.4934825646862373,-0.1197745566445384,2.287158132961571,-0.3442678189780753,3.7874903670558937,-0.2536353031728537,3.1789354746964444,-0.339919520226086,0.9397180014894384,-0.0854987510449594
2024-01-19 00:00:00+00:00,4.464320944241465,-0.3830652655435589,2.5400597155759357,-0.1441352848875458,6.904348793122282,-0.1449879648593544,6.916977614149109,-0.2277914413135618,3.597222122340457,-0.3655437190065721,2.4572066888885074,-0.4073097458158613,1.5054633105496558,-0.1127133712054085,2.3055057595013024,-0.3390075228078691,3.81228780360556,-0.2487487082461797,3.2028461094171665,-0.3349546685127431,0.9472500560420778,-0.0781688145271224
2024-01-20 00:00:00+00:00,4.4682870595866,-0.3825171789817202,2.541188013691296,-0.1437551085715548,6.904348793122282,-0.1449879648593544,6.92312267661215,-0.2271054090474004,3.600417904641385,-0.3649800662532658,2.4593896782561373,-0.4067831981188228,1.5068007684098952,-0.1119251032564984,2.307553977334486,-0.3384202952228561,3.81500257955902,-0.2482137331742741,3.2054142310240765,-0.3344214186384063,0.9480900253880532,-0.0773513852400799
2024-01-21 00:00:00+00:00,4.455887189103342,-0.3842307454791627,2.5376620090027906,-0.1449431841824183,6.904348793122282,-0.1449879648593544,6.903910431878339,-0.2292502562108029,3.5904264436837967,-0.366742299705983,2.4525646661045997,-0.4084294243826518,1.5026192701929733,-0.1143895854064145,2.301150321958164,-0.3402562342626248,3.806400815847488,-0.2499088009216613,3.1967899212441058,-0.3362121874610498,0.9454613013255906,-0.0799095691148913
2024-01-22 00:00:00+00:00,4.24024132122532,-0.4140313417843104,2.476256019231468,-0.1656337292194333,6.904348793122282,-0.1449879648593544,6.569790717071528,-0.2665512448495281,3.4166651715416725,-0.3973892619325611,2.3338710337248436,-0.4370589082039814,1.4298989290219912,-0.1572493388857836,2.1897844957518875,-0.372185008691086,3.656789674151683,-0.2793912453880619,3.0468315615062123,-0.3673498393038731,0.8998285223394875,-0.1243178206434746
2024-01-23 00:00:00+00:00,4.275560215995629,-0.4091505428367075,2.486568949456664,-0.1621588215095724,6.904348793122282,-0.1449879648593544,6.62451348623037,-0.2604420172277644,3.445124126708919,-0.3923698435474039,2.3533109049970236,-0.4323699163101709,1.4418092062869914,-0.1502296860729811,2.2080242048429644,-0.3669556526395172,3.6850461081094887,-0.2738230187470718,3.0699391571303254,-0.3625517322245078,0.9073154783131352,-0.1170317725120989
2024-01-24 00:00:00+00:00,4.2956297669774335,-0.4063770856278142,2.49240494752239,-0.1601924012749257,6.904348793122282,-0.1449879648593544,6.655609063049557,-0.256970519718802,3.46129559683369,-0.3895176174560991,2.3643573856446776,-0.4297054512277241,1.448577082754584,-0.1462408500429378,2.2183887072963193,-0.3639841319121134,3.701518167418746,-0.2705770267151425,3.083265120243851,-0.3597847027596317,0.911557917186851,-0.1129031768669381
2024-01-25 00:00:00+00:00,4.2823640166782155,-0.4082103100398652,2.4885564289730793,-0.1614891468638631,6.904348793122282,-0.1449879648593544,6.6350552321308935,-0.2592651410165084,3.4506064346874625,-0.3914029072245881,2.357055784622822,-0.4314666330547002,1.4441035915760103,-0.1488774263573283,2.211537886286597,-0.3659482741101342,3.690258130208782,-0.2727959351331221,3.0743824386116345,-0.361629120427163,0.9087522761654996,-0.1156335302432475
2024-01-26 00:00:00+00:00,4.481947170990119,-0.3806294569055899,2.546547055160304,-0.1419493972837364,6.904348793122282,-0.1449879648593544,6.94428752698134,-0.2247425737875356,3.611424831685409,-0.363038731034029,2.466908339555564,-0.4049696602927893,1.511407246481895,-0.1092101474216539,2.31460845793962,-0.3363977634676115,3.8574492372160454,-0.2398491741382764,3.20897974606019,-0.3336810680102126,0.9507642879859532,-0.0747488848283213
2024-01-27 00:00:00+00:00,4.513787543628488,-0.3762293628971194,2.55559256641736,-0.1389015422008053,6.904348793122282,-0.1449879648593544,6.993620706095591,-0.2192350377993738,3.6370808932161207,-0.3585136700758463,2.484433597618523,-0.4007424824558789,1.5221444926162988,-0.1028818530963312,2.3310517565777067,-0.3316834413909014,3.8845852007381056,-0.2345017479471971,3.2293320138136385,-0.3294550826858434,0.9574972904537178,-0.0681965583258717
2024-01-28 00:00:00+00:00,4.504188922945873,-0.3775558182698263,2.552875318050301,-0.1398171100456483,6.904348793122282,-0.1449879648593544,6.978748691915248,-0.2208953433946203,3.629346599222765,-0.3598777980713512,2.479150421242987,-0.4020168104003191,1.518907634995612,-0.1047895850656336,2.32609474843617,-0.3331046241736523,3.8763245860124926,-0.2361295887092267,3.2230254505795775,-0.3307645900094109,0.9554620311702254,-0.0701772026827438
2024-01-29 00:00:00+00:00,4.6404621171497515,-0.3587239135009398,2.591493644229149,-0.126804792842828,6.904348793122282,-0.1449879648593544,7.189889119651001,-0.1973237121884203,3.7391516412425383,-0.3405110488896616,2.554156543897743,-0.3839249672913769,1.564861834222703,-0.0777052009923522,2.3964702071065287,-0.3129278588073775,3.9936018899053023,-0.2130188660718772,3.3121066584772803,-0.3122675909617752,0.9834306527432184,-0.0429591018061902
2024-01-30 00:00:00+00:00,4.6017118521186715,-0.3640789013626219,2.58067348634346,-0.1304506092342774,6.829433028405467,-0.1542652888147213,7.129849817121002,-0.204026475426571,3.707927786067843,-0.3460181236152907,2.5328280122756177,-0.3890695132856784,1.5517944264339294,-0.0854068408282322,2.3764584381662615,-0.3186652674737019,3.960253243206834,-0.2195905666362395,3.2871472179979784,-0.3174502187872234,0.97543114276374,-0.0507439498730211
2024-01-31 00:00:00+00:00,4.563015168759372,-0.3694264846503799,2.569822795560986,-0.1341067135842533,6.772003007596564,-0.1613772352764794,7.069893533538086,-0.2107199704633414,3.676747105471652,-0.3515175834698942,2.5115289725390317,-0.3942069456931513,1.5387450875165452,-0.0930978312727462,2.356474340366675,-0.3243947427762732,3.926950709128248,-0.2261531802252637,3.262365355419894,-0.322595973984345,0.9675641674941992,-0.0583998197170494
2024-02-01 00:00:00+00:00,4.6169119007691375,-0.3619783718319221,2.5849997175525243,-0.128992899945574,6.755073000077573,-0.1634737921882881,7.153400632029341,-0.2013972720590396,3.7201755504980945,-0.3438579370027818,2.5411942703654473,-0.3870515309741967,1.5569202038696586,-0.0823858214855297,2.3843081873545566,-0.3164147308441901,3.973334471214884,-0.2170127734723866,3.298025880974445,-0.315191351586564,0.9781448677515924,-0.0481030460201865
2024-02-02 00:00:00+00:00,4.629456441766202,-0.3602448129848853,2.588511549230408,-0.1278095998837354,6.755073000077573,-0.1634737921882881,7.172837027920275,-0.1992274007519104,3.730283582817646,-0.3420751433982957,2.548098910607942,-0.3853860980259309,1.561150488039332,-0.0798925859789253,2.3907865548107172,-0.3145573717222876,3.984130357781595,-0.2148853308062798,3.306391892598739,-0.3134542163063062,0.9784694675895798,-0.047787156618494
2024-02-03 00:00:00+00:00,4.609212214534395,-0.3630424091047701,2.5828518765826636,-0.1297166078523229,6.7086459462707895,-0.1692231671040608,7.141470809333598,-0.2027291125973724,3.71397136356695,-0.3449521939691437,2.536956286413429,-0.3880737534014384,1.55432370705101,-0.0839161390248216,2.380331844438743,-0.317554755215527,3.966708087737879,-0.2183185718284416,3.2917517569448824,-0.3164941231692397,0.9763066075980968,-0.0498919775971187
2024-02-04 00:00:00+00:00,4.563323799188823,-0.369383834304579,2.569994692516049,-0.134048793474119,6.691874331405113,-0.1713001091863006,7.123617132310264,-0.204722289815879,3.67699579104384,-0.3514737218127874,2.5116988457997387,-0.3941659714330198,1.5388491642157478,-0.0930364907784782,2.3566337261369954,-0.3243490466010548,3.9272163178187665,-0.2261008392473176,3.2588564938280595,-0.3233245609787757,0.971446333745484,-0.0546218290008728
2024-02-05 00:00:00+00:00,4.576807091075467,-0.3675205473223975,2.573791485173243,-0.1327694767533491,6.691874331405113,-0.1713001091863006,7.123617132310264,-0.204722289815879,3.687860241978796,-0.349557515667935,2.519120183876884,-0.3923759084435204,1.5433960150121622,-0.090356677935142,2.3635968919778816,-0.3223526949461959,3.938820097485805,-0.2238141927732909,3.268485465002706,-0.3213251822674803,0.972881541807418,-0.0532251338614067
2024-02-06 00:00:00+00:00,4.618627585899524,-0.3617412773748825,2.585550472535172,-0.1288073248768345,6.691874331405113,-0.1713001091863006,7.123617132310264,-0.204722289815879,3.721558000501819,-0.3436141088325458,2.5421386005404196,-0.3868237539239515,1.5574987691315452,-0.082044827973991,2.385194217279152,-0.3161607045368122,3.974810997303496,-0.2167218085220676,3.298351193828854,-0.3151238029789485,0.9773264652137564,-0.0488994872310738
2024-02-07 00:00:00+00:00,4.752651421522091,-0.3432202166193164,2.6230643643872487,-0.1161671431654147,6.691874331405113,-0.1713001091863006,7.123617132310264,-0.204722289815879,3.82955057371596,-0.3245670319365059,2.6159066538402302,-0.3690305391900655,1.6026944371377116,-0.0554075053502535,2.454408041463736,-0.2963169817808974,4.090152493413671,-0.1939925571094027,3.3940631060810564,-0.2952499913013002,0.9915068521530618,-0.0350996222225219
2024-02-08 00:00:00+00:00,4.853283159291548,-0.3293136863330539,2.6508344975043214,-0.1068100887138466,6.691874331405113,-0.1713001091863006,7.256642204513128,-0.1898714250299635,3.9106367496058887,-0.3102655426635469,2.6712953640718595,-0.3556705117676408,1.6366295844940388,-0.0354068834257977,2.50637721077612,-0.2814173313159857,4.1767566048135505,-0.1769263087273109,3.465928353112944,-0.2803277485827975,1.0020039840871997,-0.024884174344542
2024-02-09 00:00:00+00:00,5.050905224416313,-0.3020038406043893,2.7048044978635466,-0.0886250757006412,6.691874331405113,-0.1713001091863006,7.552127254789229,-0.1568835945763346,4.069874957030557,-0.2821800707525207,2.7800685159938574,-0.3294338962836497,1.7032719187070733,0.0,2.60843501868023,-0.2521571817868306,4.346831013966147,-0.1434113628070906,3.6070583668038494,-0.2510232320586024,1.0224047491159158,-0.0050308512531155
2024-02-10 00:00:00+00:00,5.1171664630059635,-0.2928470483072785,2.7225462380277565,-0.0826470550666665,6.762933242270457,-0.1625004054322871,7.65120123928412,-0.1458230153699447,4.123266367792774,-0.2727632166475678,2.816539361327355,-0.3206369502681728,1.7256166078219917,0.0,2.6426542580915853,-0.2423464668350559,4.403855724216691,-0.132174045625242,3.6543782321408993,-0.2411976411766423,1.0291119673312286,0.0
2024-02-11 00:00:00+00:00,5.1759884222857195,-0.2847183070537462,2.7381941073230274,-0.0773745572925435,6.840673332741319,-0.152873326187432,7.739151993083521,-0.1360042291000724,4.170663420075381,-0.2644036112357929,2.848915553272556,-0.3128276546479513,1.7454526148332137,0.0,2.673031636330835,-0.2336372201067773,4.454478158322856,-0.122198364099306,3.696385403320073,-0.2324751886680579,1.0350270393962913,0.0
2024-02-12 00:00:00+00:00,5.349301554557471,-0.2607677684228248,2.784037041927065,-0.0619279321899099,7.0697268825986965,-0.1245080816599778,7.998290260718237,-0.1070741386308811,4.3103141847239765,-0.2397728540116076,2.9443088265630193,-0.2898183312362703,1.8038974634743303,0.0,2.762535601130934,-0.2079762790451805,4.603632194087509,-0.0928059971503797,3.820155412073315,-0.2067753380703472,1.0523554231344538,0.0
2024-02-13 00:00:00+00:00,5.32597423793146,-0.2639914237262842,2.7779667061165663,-0.0639733117521426,7.03889710869872,-0.1283259403045763,7.963411193334281,-0.1109680234828137,4.291517700226112,-0.2430880642612618,2.931469239274567,-0.2929153023978841,1.7960309996262656,-0.0043608154051695,2.7504886933241934,-0.2114301482887799,4.583556603895798,-0.0967621027334837,3.803496419502204,-0.2102344443958503,1.0500608532145976,-0.00218041345102
2024-02-14 00:00:00+00:00,5.550543597427674,-0.232957669679869,2.8365330994208544,-0.0442395593473597,7.33569175032548,-0.0915718599184697,8.299187911583415,-0.0734820476558524,4.472469266672431,-0.2111729214140998,3.0550744502720626,-0.2631011218261521,1.8717605306384293,0.0,2.8664628712994307,-0.1781801514608584,4.776821971839316,-0.0586771351763314,3.963870600190223,-0.1769340307905681,1.0721987591652726,0.0
2024-02-15 00:00:00+00:00,5.559634263861819,-0.2317014096679593,2.8388559328319993,-0.0434568883166386,7.347706127943704,-0.0900840385806284,8.31278030080696,-0.0719645988686902,4.479794265661561,-0.2098809823959164,3.060078043572685,-0.2618942306848451,1.8748260953583455,0.0,2.871157557027315,-0.1768341769664879,4.78464543892845,-0.0571354389405049,3.970362617554277,-0.1755860154028777,1.0730767784460018,0.0
2024-02-16 00:00:00+00:00,5.585793907658105,-0.2280863485868886,2.845534740867501,-0.0412064860518637,7.382279153057281,-0.085802627914821,8.351894271493737,-0.0675979311398897,4.500872958379191,-0.2061632500638552,3.0744765719307523,-0.2584212353234818,1.8836476797480513,0.0,2.884667161330437,-0.1729609501148936,4.80715854220711,-0.0526989958410401,3.989044291003992,-0.1717069155998706,1.075601331143987,0.0
2024-02-17 00:00:00+00:00,5.53419797263456,-0.2352165090010589,2.8323926496962035,-0.0456346701797136,7.314089097748472,-0.0942470619538452,8.27474788885246,-0.0762105218218999,4.459298429753747,-0.2134959139691334,3.046077655669401,-0.2652711926240246,1.8662484407323965,-0.009236992247925,2.8580215131233837,-0.1806003034074136,4.762754856018196,-0.0614492078729079,3.9521975198113584,-0.1793578523994845,1.0706336667760683,-0.0046184996467372
2024-02-18 00:00:00+00:00,5.587247042596771,-0.2278855365420753,2.845967859381253,-0.0410605482020134,7.384199640626575,-0.0855648009981507,8.354067002813686,-0.0673553683018146,4.502043852948242,-0.2059567347616442,3.0752763918665824,-0.2582283148486954,1.8841377075401304,0.0,2.8854176026656972,-0.1727457972899063,4.808409116458303,-0.0524525570698763,3.990082034201641,-0.1714914365399026,1.0757650503494287,0.0
2024-02-19 00:00:00+00:00,5.548353178685322,-0.233260368661873,2.836062204075945,-0.0443982259754501,7.332796856083864,-0.0919303541792908,8.295912791511164,-0.0738476807244552,4.4707042899031535,-0.2114842173416216,3.053868821991211,-0.263391925255697,1.8710218751760337,-0.0069611856456185,2.865331675068406,-0.1785044673710893,4.774936887938551,-0.0590486107281442,3.962306332420317,-0.177258838459133,1.0720207471393304,-0.0034805957015261
2024-02-20 00:00:00+00:00,5.6002298816689935,-0.2260914082803419,2.8493206928442216,-0.0399308220625033,7.401357979049867,-0.0834399683318832,8.373478979171487,-0.065188223181401,4.5125050533199635,-0.2041116515121697,3.0824222757327897,-0.2565046927601732,1.8885157950777685,0.0,2.8921223200526263,-0.1708235432525024,4.819582204255646,-0.0502507829455056,3.999353611516921,-0.1695662677998497,1.077032408415887,0.0
2024-02-21 00:00:00+00:00,5.556353993915467,-0.2321547176835734,2.838158965778138,-0.0436917290589007,7.343370868025117,-0.0906209030289523,8.307875632244745,-0.0725121540658496,4.477151117965495,-0.2103471648000965,3.058272550339961,-0.2623297244704797,1.87371991905189,-0.007834658340927,2.869463529794845,-0.1773198574954594,4.781822424339291,-0.0576917435706906,3.968020042386134,-0.1760724323664187,1.0728133163493148,-0.0039173306518957
2024-02-22 00:00:00+00:00,5.496238573078949,-0.2404622053516258,2.822805631485945,-0.048864984238468,7.263921317011382,-0.1004596762918169,8.217990891201111,-0.0825468498825927,4.4287118313577825,-0.2188905931984264,3.0251844242778376,-0.2703107420767388,1.8534477294853295,-0.0185691142662616,2.8384181702195637,-0.1862206156247405,4.7300868315891815,-0.0678867846812831,3.925089157313477,-0.1849866866636325,1.0670098106982513,-0.0093057531410567
2024-02-23 00:00:00+00:00,5.437912780079873,-0.2485223802506239,2.807827899465259,-0.0539116814756662,7.186836968240066,-0.1100055506233843,8.130782006576592,-0.0922828141804671,4.381714575672131,-0.2271796849045053,2.993081327192732,-0.2780541658829291,1.8337790402231733,-0.0289840069102208,2.808297026743017,-0.1948563994046642,4.679891400343123,-0.07777832081559,3.8834363188042977,-0.1936355648324194,1.0613482758675428,-0.01456235896505
2024-02-24 00:00:00+00:00,5.526222876606871,-0.2363186057838749,2.8306270471218093,-0.0462295841240865,7.303549076737649,-0.0955523037782249,8.26282350354047,-0.0775417553329289,4.452872325489088,-0.2146293113725662,3.0416880834257114,-0.2663299788875639,1.863559069914807,-0.0132149941387881,2.8539029405444727,-0.1817811052684417,4.755891453675,-0.0628017132821994,3.946502176981784,-0.1805404447035267,1.069966282830841,-0.006560736269245
2024-02-25 00:00:00+00:00,5.543436524482818,-0.2339398123651195,2.83503561137494,-0.044744132988657,7.32629892321667,-0.092735036991741,8.288561396750158,-0.0746683874361726,4.466742590579551,-0.2121829579069197,3.0511626465741126,-0.264044667983071,1.8693638755373476,-0.0101412546245779,2.862792571199547,-0.1792324328290842,4.770705593938205,-0.0598824315851488,3.958795148208802,-0.1779879077269301,1.0716327041123133,-0.0050135021577633
2024-02-26 00:00:00+00:00,5.8378806705135045,-0.1932499015561735,2.910328224167666,-0.019374536280846,7.715441257666567,-0.0445449195300005,8.728815086227861,-0.0255186451683158,4.7039972613624546,-0.170337414052846,3.213227635665886,-0.2249538011001545,1.9686566603509272,0.0,3.0148521303136455,-0.1356366949978709,5.024105507217091,-0.0099473212293605,4.169069776875812,-0.134326065931272,1.100093053777448,0.0
2024-02-27 00:00:00+00:00,6.112312062134472,-0.1553255991077615,2.978733649844332,0.0,8.07813439937565,0.0,9.139145650779277,0.0,4.925126227073802,-0.1313360245267905,3.3642774055086764,-0.1885198588976468,2.0612007217005863,0.0,3.1565765183835093,-0.0950040685284833,5.26028235697015,0.0,4.365052477654844,-0.0936318284460132,1.1259518072838028,0.0
2024-02-28 00:00:00+00:00,6.6904325814349965,-0.0754338006655933,3.119602360980179,0.0,8.842188198735434,0.0,10.003553026561493,0.0,5.390959205343278,-0.0491752212999243,3.682480694374216,-0.1117676715408497,2.2561551709333427,0.0,3.455134844180516,-0.0094068816459028,5.7578153914364885,0.0,4.777912027282391,-0.0079048510453737,1.1792077067082845,0.0
2024-02-29 00:00:00+00:00,6.551000211862987,-0.0947022791130263,3.087095229040692,-0.010420280592836,8.657912034564461,-0.020840561185672,9.795073367637324,-0.020840561185672,5.278608590174859,-0.0689909432772764,3.6057357301480546,-0.1302789317291945,2.209135631049136,-0.0208405611856721,3.3831278950556243,-0.030051398139067,5.653184305210123,-0.0181720112773989,4.678337659338054,-0.028580670699171,1.1558625692627371,-0.0197973073893099
2024-03-01 00:00:00+00:00,6.685695961649672,-0.0760883650004559,3.118832261027467,-0.0002468583696256,8.83592820238125,-0.000707969137671,9.996470819751632,-0.0007079691376709,5.387142572603452,-0.0498483758985768,3.67987361169253,-0.1123965126164804,2.254557882702525,-0.000707969137671,3.452688715344344,-0.0101081910016869,5.7481295860763755,-0.0016822014430192,4.774529413024569,-0.0086072237924665,1.1769743011867833,-0.0018939882336214
2024-03-02 00:00:00+00:00,6.642764182952905,-0.0820212058111501,3.1088185678240348,-0.0034567845219721,8.779188841761036,-0.0071248604483907,9.932279107259165,-0.0071248604483907,5.35254937332224,-0.0559497151590344,3.656243533322906,-0.1180962029268705,2.2400803801905274,-0.0071248604483907,3.430517490585357,-0.0164647193753121,5.71781960321629,-0.0069463477901156,4.743870070853316,-0.0149733905332009,1.1703293699733897,-0.0075290694628161
2024-03-03 00:00:00+00:00,6.763504050507849,-0.0653358870227691,3.137071741637934,0.0,8.938760680953266,0.0,10.112809686232106,0.0,5.4498381050334626,-0.0387905170876321,3.722699958359778,-0.1020665886394823,2.280796413601848,0.0,3.492871085572387,0.0,5.803490446337553,0.0,4.830095357236744,0.0,1.188548850784177,0.0
2024-03-04 00:00:00+00:00,7.31343846718538,0.0,3.264607979173246,0.0,9.665563253139348,0.0,10.935073124567944,0.0,5.892959528026256,0.0,4.02538933575615,-0.0290564324978986,2.466245913728954,0.0,3.77687328452573,0.0,6.192716406459214,0.0,5.22282605613821,0.0,1.2688729398622112,0.0
2024-03-05 00:00:00+00:00,6.828877976612827,-0.0662561793261438,3.1564577533244145,-0.0331280896630719,9.025159960951164,-0.0662561793261437,10.210556958682073,-0.0662561793261438,5.50251454477564,-0.0662561793261438,3.758682418068743,-0.0933874436218836,2.3028418822065593,-0.0662561793261437,3.5266320908940707,-0.0662561793261438,5.890678812392562,-0.0487730382343386,4.89001548997796,-0.0637223148125158,1.1843131073164574,-0.0666416864047366
2024-03-06 00:00:00+00:00,7.08071504887773,-0.031821340857909,3.2146600730940342,-0.0152998174353113,9.35799207027752,-0.0318213408579091,10.587104435364903,-0.0318213408579092,5.7054376542230685,-0.0318213408579092,3.897296049617261,-0.0599531587131773,2.38776666186876,-0.031821340857909,3.656688112361705,-0.0318213408579091,6.022427775419205,-0.0274982123939007,5.041894814440431,-0.0346424023609089,1.2279224648881415,-0.0322731092196798
2024-03-07 00:00:00+00:00,7.160994324438386,-0.0208443871416973,3.232883556178745,-0.0097176822445111,9.464090510748347,-0.0208443871416974,10.707138226936676,-0.0208443871416975,5.770124398213722,-0.0208443871416975,3.941482562045588,-0.0492951561116533,2.4148385291165586,-0.0208443871416973,3.6981466755979406,-0.0208443871416974,6.064520531399577,-0.0207010731067749,5.090077823285219,-0.0254169354725066,1.241833049297722,-0.0213101640952524
2024-03-08 00:00:00+00:00,7.300415977676042,-0.0017806247454967,3.264355021572108,-7.748483209990553e-05,9.648352512031645,-0.0017806247454968,10.91560186276852,-0.0017806247454968,5.88246637846644,-0.0017806247454968,4.0182216278946425,-0.030785318640674,2.461854455226488,-0.0017806247454968,3.770148090494697,-0.001780624745497,6.13853869324344,-0.0087486184833628,5.173760343238292,-0.0093944757823694,1.2659977315290558,-0.0022659544882938
2024-03-09 00:00:00+00:00,7.320678422676253,0.0,3.268885161655086,0.0,9.67513170005538,0.0,10.945898325746091,0.0,5.898793277073828,0.0,4.029374279330239,-0.0280952446456449,2.468687379631082,0.0,3.780612209054502,0.0,6.149268202854906,-0.0070160170032959,5.185890390558214,-0.0070719693099078,1.2695096650046658,0.0
2024-03-10 00:00:00+00:00,7.389542658880961,0.0,3.2842600536323774,0.0,9.766143832570377,0.0,11.048864319367942,0.0,5.954282108859811,0.0,4.067277840463243,-0.018952720582044,2.491909854518095,0.0,3.816175712480125,0.0,6.1860926395294,-0.0010696060492784,5.227126352795016,0.0,1.2814457265811887,0.0
2024-03-11 00:00:00+00:00,7.724130193409,0.0,3.3586132663290473,0.0,10.208340344266372,0.0,11.549140512713846,0.0,6.223883173858536,0.0,4.251438150201167,0.0,2.604739837776571,0.0,3.988966490192188,0.0,6.365493203825329,0.0,5.42974402784519,0.0,1.339441882421414,0.0
2024-03-12 00:00:00+00:00,7.657036295639893,-0.0086862722519045,3.3440263517189512,-0.0043431361259522,10.119667920795974,-0.0086862722519045,11.448821533944914,-0.0086862722519044,6.169820830146353,-0.0086862722519045,4.214509000966387,-0.0086862722519045,2.582114358400262,-0.0086862722519045,3.954317241254654,-0.0086862722519045,6.3296022346599825,-0.0056383642266364,5.389852672500916,-0.0073468206124819,1.327813954132822,-0.0086811741824671
2024-03-13 00:00:00+00:00,7.83068377754355,0.0,3.381944531349765,0.0,10.349163352748944,0.0,11.708459722060327,0.0,6.309741004164819,0.0,4.310086303622616,0.0,2.640671956798849,0.0,4.0439938739726005,0.0,6.422550593376245,0.0,5.491681337949907,0.0,1.3579084484765198,0.0
2024-03-14 00:00:00+00:00,7.650277503561603,-0.0230383806966266,3.3429872685457096,-0.0115191903483133,10.110735387536735,-0.0230383806966265,11.43871576961238,-0.0230383806966267,6.164374788813755,-0.0230383806966265,4.210788894524442,-0.0230383806966265,2.579835150963211,-0.0230383806966266,3.9508268035691936,-0.0230383806966266,6.306038101152013,-0.018141155998739,5.385522531868371,-0.0193308386901354,1.3266378623054986,-0.0230284937148043
2024-03-15 00:00:00+00:00,7.447836302876971,-0.0488906825435206,3.298756300701552,-0.0245977513460315,9.843185692678658,-0.0488906825435205,11.136025134715476,-0.0488906825435208,6.001253459798362,-0.0488906825435205,4.099363242417026,-0.0488906825435206,2.511567702457419,-0.0488906825435206,3.846280253272264,-0.0488906825435206,6.177501913780144,-0.0381544179424333,5.267874265620824,-0.040753834491903,1.2915554170467864,-0.0488641421328344
2024-03-16 00:00:00+00:00,6.997833847335454,-0.1063572420835715,3.1990999458099085,-0.0540649273945605,9.248454880678198,-0.1063572420835715,10.46318023697541,-0.1063572420835716,5.638654352700224,-0.1063572420835714,3.851677411227139,-0.1063572420835715,2.359817370226295,-0.1063572420835715,3.613885838534016,-0.1063572420835715,5.900661660555181,-0.0812588278182352,5.007662455580233,-0.0881367385658182,1.2136310865037512,-0.106249697565869
2024-03-17 00:00:00+00:00,7.329273994463153,-0.0640314176034428,3.274859829500144,-0.0316636481932134,9.686491752262828,-0.064031417603443,10.95875044810399,-0.0640314176034431,5.905719342957575,-0.0640314176034428,4.034105367608476,-0.064031417603443,2.4715859879793607,-0.064031417603443,3.785051213442496,-0.064031417603443,6.083467416194409,-0.0527957191231068,5.186780900552783,-0.0555204169058625,1.2680630171909717,-0.0661645719829996
2024-03-18 00:00:00+00:00,7.245312586417798,-0.0747535218832933,3.2561020478533043,-0.0372100968333255,9.575526943585446,-0.0747535218832935,10.83321112200763,-0.0747535218832935,5.838065641932071,-0.0747535218832933,3.9878921728058794,-0.0747535218832934,2.4432724278896867,-0.0747535218832934,3.741691089418685,-0.0747535218832934,6.038895168504171,-0.0597356796640494,5.142442891109725,-0.0635940844613093,1.254430746165727,-0.0762037399700162
2024-03-19 00:00:00+00:00,6.637418875376164,-0.152383231920228,3.119505873858661,-0.0775999295844045,8.772124393386676,-0.152383231920228,9.924286788804958,-0.1523832319202281,5.348242277370599,-0.152383231920228,3.653301422821492,-0.1523832319202281,2.2382778295807273,-0.152383231920228,3.427757017591052,-0.1523832319202281,5.662235486885563,-0.11838211243907,4.822325361585649,-0.121885436385159,1.153829604299976,-0.1502891041038195
2024-03-20 00:00:00+00:00,7.2700158803751105,-0.0715988428464312,3.268162310188195,-0.0336440234624896,9.608175232263426,-0.0715988428464313,10.870147554446758,-0.0715988428464313,5.857970849605939,-0.0715988428464312,4.001489111714983,-0.0715988428464315,2.4516029003550295,-0.0715988428464314,3.7544485921181048,-0.0715988428464314,6.03214101190366,-0.0607873111774667,5.1283572449641195,-0.0661589904124735,1.2283877392962723,-0.0953825048555819
2024-03-21 00:00:00+00:00,7.019335100587214,-0.103611472510623,3.211816802154097,-0.0503047071347939,9.276871298517648,-0.1036114725106231,10.495328969426334,-0.1036114725106233,5.655979447562645,-0.103611472510623,3.863511915056407,-0.1036114725106234,2.367068046937411,-0.1036114725106233,3.624989713866359,-0.1036114725106233,5.909979574623384,-0.079808015725324,5.018327879816239,-0.0861946331194765,1.2257647907319642,-0.0973141141384102
2024-03-22 00:00:00+00:00,6.83666125025555,-0.126939428985577,3.170024030231843,-0.0626623231556497,9.035446466272532,-0.126939428985577,10.222194530641358,-0.1269394289855773,5.508786084049255,-0.126939428985577,3.7629664093622033,-0.1269394289855774,2.3054665664645757,-0.1269394289855774,3.5306516007893456,-0.1269394289855774,5.822565047910913,-0.0934185782956874,4.93883714452245,-0.1006693869156359,1.2257138223869457,-0.097351648587125
2024-03-23 00:00:00+00:00,6.8573834259996325,-0.1242931497674699,3.174828260883535,-0.0612417703916532,9.062833242177708,-0.1242931497674698,10.253178384279892,-0.12429314976747,5.5254834205402155,-0.1242931497674699,3.774372101175728,-0.1242931497674703,2.312454521785691,-0.1242931497674701,3.541353137736192,-0.1242931497674703,5.832538284728811,-0.091865731545335,4.947793886334386,-0.0990384215954086,1.225714116030381,-0.0973514323402668
2024-03-24 00:00:00+00:00,7.202447248994038,-0.0802275441579108,3.2547070068274704,-0.0376225935531571,9.518875392868845,-0.0802275441579108,10.769118752687609,-0.0802275441579111,5.803525979128206,-0.0802275441579108,3.964298664374324,-0.0802275441579112,2.4288173307782115,-0.0802275441579111,3.719554176874141,-0.0802275441579112,5.998655633134943,-0.0660010309110646,5.098237793059408,-0.0716435497033728,1.225734346560944,-0.0973365340379656
2024-03-25 00:00:00+00:00,7.488575519564514,-0.0436881717737239,3.3193561222518992,-0.018506633836743,9.89702732647972,-0.0436881717737239,11.196938522517224,-0.0436881717737241,6.034079955327158,-0.0436881717737238,4.121786512830375,-0.0436881717737243,2.5253058267521644,-0.0436881717737241,3.8673191749545968,-0.0436881717737243,6.127212719691705,-0.0459845149354106,5.219130359297795,-0.0496297876514914,1.225820963101404,-0.0972727473073084
2024-03-26 00:00:00+00:00,7.500148089035495,-0.0422103226101339,3.3219209277495083,-0.0177482519431803,9.912321828884435,-0.0422103226101339,11.2142418599244,-0.0422103226101341,6.043404800792633,-0.0422103226101338,4.128156170269184,-0.0422103226101342,2.529208341594835,-0.0422103226101341,3.8732955879188102,-0.0422103226101342,6.132310245334409,-0.0451908231507228,5.223857309184088,-0.0487690403510922,1.225809446044772,-0.0972812287749986
2024-03-27 00:00:00+00:00,7.444636405438289,-0.0492993183063206,3.3096274755878268,-0.0213832767189341,9.838956654417665,-0.0492993183063207,11.13124063934574,-0.0492993183063208,5.998675073970055,-0.0492993183063205,4.09760198701261,-0.0492993183063209,2.510488629458047,-0.0492993183063209,3.844627732750813,-0.049299318306321,6.107525220673433,-0.0490498857303991,5.200931962166458,-0.0529435992169181,1.225374944153369,-0.0976012075569927
2024-03-28 00:00:00+00:00,7.585085755140678,-0.0313635474729787,3.3408469335565134,-0.0121520614582194,10.02457687662939,-0.0313635474729788,11.341240889732026,-0.0313635474729789,6.111845142638496,-0.0313635474729786,4.174906707226311,-0.031363547472979,2.5578511165212237,-0.031363547472979,3.917159880125824,-0.031363547472979,6.170933871573914,-0.0391770711875482,5.259812880932036,-0.0422217610143471,1.226616475303953,-0.096686910903211
2024-03-29 00:00:00+00:00,7.4854174158298195,-0.0440914703648063,3.3188975003853933,-0.0186422427629848,9.892853523480674,-0.0440914703648063,11.192216517207576,-0.0440914703648064,6.031535245670084,-0.044091470364806,4.120048261096681,-0.0440914703648065,2.524240847472477,-0.0440914703648064,3.865688237922878,-0.0440914703648066,6.12617904142687,-0.046145460069249,5.217633313212591,-0.0499023901557297,1.2254055948220604,-0.0975786355870446
2024-03-30 00:00:00+00:00,7.456659060952218,-0.0477639919088473,3.312522035477009,-0.0205273904492599,9.854845998104905,-0.0477639919088473,11.149216946630771,-0.0477639919088475,6.00836258589497,-0.0477639919088471,4.104219376289951,-0.0477639919088475,2.514542922820388,-0.0477639919088475,3.850836583296743,-0.0477639919088477,6.11298690146333,-0.0481994944862211,5.2038716435160355,-0.052408302070439,1.2250695182651972,-0.0978261313274535
2024-03-31 00:00:00+00:00,7.638604200547679,-0.0245290938125617,3.352935394813364,-0.0085776500080039,10.095307753987838,-0.0245290938125618,11.421261815137306,-0.0245290938125619,6.154968775140694,-0.0245290938125616,4.204363792340819,-0.0245290938125619,2.5758986666423285,-0.0245290938125618,3.9447983688605,-0.0245290938125621,6.201926228952705,-0.0343515183284155,5.287630708415988,-0.0371563127896442,1.2273192398195842,-0.096169376369554
2024-04-01 00:00:00+00:00,7.463905446243706,-0.0468386084433229,3.3145937278440503,-0.0199148161305987,9.864422942753547,-0.0468386084433231,11.160051761664322,-0.0468386084433233,6.014201515891965,-0.0468386084433228,4.108207858890307,-0.0468386084433231,2.5169865569870837,-0.0468386084433231,3.8545788283624,-0.0468386084433233,6.113837366784682,-0.0480670758607877,5.207911313148414,-0.0516727041025703,1.2230310771092463,-0.0993272937646103
2024-04-02 00:00:00+00:00,7.015340051139321,-0.1041216513866172,3.214993588490119,-0.049365369926104,9.271591373990862,-0.1041216513866173,10.48935556060571,-0.1041216513866175,5.652760350989326,-0.1041216513866172,3.861313000070588,-0.1041216513866173,2.3657208318866223,-0.1041216513866174,3.622926553617208,-0.1041216513866175,5.8885510739254245,-0.0831444628869952,5.002998303049237,-0.0889860508700054,1.2108087965761674,-0.1083281071455061
2024-04-03 00:00:00+00:00,7.068845636945096,-0.0972888399328825,3.2272538719589177,-0.0457401527307453,9.342305255884098,-0.0972888399328825,10.569357258300196,-0.0972888399328827,5.695873621592684,-0.0972888399328824,3.8907630071325663,-0.0972888399328825,2.383764045478594,-0.0972888399328825,3.6505584012781216,-0.0972888399328827,5.917669967229165,-0.078610610972497,5.026690069694268,-0.0846719318985876,1.2105741711663978,-0.1085008915552598
2024-04-04 00:00:00+00:00,7.339380569394245,-0.0627407800016442,3.2890097054491485,-0.0274797014082088,9.318949492744387,-0.0995456178330503,10.973861826480425,-0.0627407800016446,5.91386293195516,-0.0627407800016442,4.0396681270589285,-0.0627407800016444,2.4749941385008203,-0.0627407800016444,3.7902705439976865,-0.0627407800016447,6.115101852108149,-0.0478701937490655,5.155765309777026,-0.0611681573458304,1.2114496266730117,-0.1078561827697773
2024-04-05 00:00:00+00:00,7.2678844014717185,-0.0718710386040361,3.272989852821516,-0.0322165776281269,9.204872090439927,-0.1105684801085944,10.866960561382324,-0.0718710386040364,5.85625336487302,-0.0718710386040361,4.000315924508227,-0.0718710386040363,2.450884120651163,-0.0718710386040361,3.7533478341418287,-0.0718710386040364,6.062536589042644,-0.0560546778261107,5.120271440506257,-0.0676313636184688,1.211310957996897,-0.1079583020814806
2024-04-06 00:00:00+00:00,7.383125717868629,-0.05715440341984,3.298938508465826,-0.0245438747189654,9.35082674771993,-0.0964654408284931,11.03926969168074,-0.0571544034198403,5.949111521338077,-0.05715440341984,4.063745892251041,-0.0571544034198402,2.489745926480509,-0.0571544034198401,3.812861816672207,-0.0571544034198404,6.149583886612957,-0.0425012933405003,5.177735284602796,-0.0571675656374318,1.2122160808981983,-0.1072917454352523
2024-04-07 00:00:00+00:00,7.43289130298418,-0.0507992004095657,3.31005667246625,-0.0212563684049612,9.41385552200833,-0.0903752118756708,11.113679330152053,-0.050799200409566,5.989211206361796,-0.0507992004095657,4.091137365702365,-0.0507992004095659,2.506527932849504,-0.0507992004095657,3.8385622187136086,-0.050799200409566,6.187049614199959,-0.0366678277971316,5.202441583730162,-0.052668706798585,1.213586519442357,-0.1062825179385857
2024-04-08 00:00:00+00:00,7.675038665724443,-0.0198763117296932,3.363973880527446,-0.005313703597364,9.720538371918565,-0.0607416232021698,11.475738726750096,-0.0198763117296935,6.184326625032412,-0.0198763117296931,4.22441768466993,-0.0198763117296935,2.588185137809656,-0.0198763117296932,3.96361419110055,-0.0198763117296936,6.387149167247618,-0.0055120509545129,5.322899471747623,-0.0307340968668243,1.2342536634337398,-0.0910626818630609
2024-04-09 00:00:00+00:00,7.40991655375848,-0.0537331394982039,3.305872293118727,-0.0224936386525169,9.384757697077369,-0.0931868232049319,11.079327422505756,-0.0537331394982041,5.970698810590494,-0.0537331394982039,4.078491835020762,-0.0537331394982042,2.4987803621751814,-0.0537331394982038,3.826697387012547,-0.0537331394982042,6.166515167809325,-0.039865069468036,5.193617146689798,-0.054275580267259,1.1907567351179416,-0.123094980037948
2024-04-10 00:00:00+00:00,7.569062692011678,-0.0334097369992306,3.3413731523518337,-0.0119964649395768,9.586318394164335,-0.0737107853633385,11.317283162080203,-0.0334097369992307,6.098934216682411,-0.0334097369992306,4.166087453774597,-0.033409736999231,2.5524478012209557,-0.0334097369992305,3.9088851022166744,-0.033409736999231,6.294291375042999,-0.0199701374817543,5.270663219741082,-0.0402459838085457,1.216235186834334,-0.1043319686250818
2024-04-11 00:00:00+00:00,7.502101676788586,-0.0419608440449678,3.3265931361447545,-0.0163667365599633,9.562352598178927,-0.07602650839993,11.217162869656166,-0.0419608440449679,6.044978945924921,-0.0419608440449678,4.129231444415954,-0.0419608440449682,2.5298671326456925,-0.0419608440449676,3.874304477708029,-0.0419608440449682,6.241110708391777,-0.028250440747262,5.237593224378734,-0.0462678181662351,1.2055745037496834,-0.1121827799935589
2024-04-12 00:00:00+00:00,7.192430691271546,-0.0815066863129315,3.2579357505702937,-0.0366678931691343,9.562352598178927,-0.07602650839993,10.75414196828676,-0.0815066863129317,5.795454923422516,-0.0815066863129315,3.9587854512915825,-0.0815066863129321,2.42543953596069,-0.0815066863129315,3.7143813338352967,-0.0815066863129321,5.993119907916583,-0.066862950975045,5.085087952025791,-0.0740380515370363,1.157717426177763,-0.1474260083758647
2024-04-13 00:00:00+00:00,6.850364226996495,-0.125189520914938,3.1804632930056145,-0.059575559704327,9.562352598178927,-0.07602650839993,10.242683258803742,-0.1251895209149384,5.519827550756085,-0.125189520914938,3.770508664170062,-0.1251895209149386,2.310087499633689,-0.125189520914938,3.537728218307024,-0.1251895209149386,5.736557186689242,-0.1068101211058558,4.916579281346958,-0.1047224012487293,1.1029041020407215,-0.1877920022678227
2024-04-14 00:00:00+00:00,7.036542318662552,-0.1014140631190341,3.2236823516486717,-0.0467962079904159,9.562352598178927,-0.07602650839993,10.52105724878063,-0.1014140631190343,5.669844531703691,-0.101414063119034,3.8729829391785455,-0.1014140631190345,2.3728706842953873,-0.101414063119034,3.6338760239845542,-0.1014140631190345,5.864757416331166,-0.086849168244832,5.007684703158072,-0.0881326874243791,1.1328212767830634,-0.1657601968276939
2024-04-15 00:00:00+00:00,6.796298176903905,-0.1320939052099135,3.1686502943681907,-0.063068520197298,9.562352598178927,-0.07602650839993,10.1618435533804,-0.1320939052099137,5.476262674061568,-0.1320939052099135,3.7407501719853418,-0.1320939052099139,2.291855285646985,-0.1320939052099133,3.5098069305145914,-0.1320939052099139,5.69986955109235,-0.1125224366514475,4.891233258806345,-0.1093377496240003,1.0943898752230494,-0.1940621059903708
2024-04-16 00:00:00+00:00,6.8363129693889855,-0.1269839054165579,3.177978378619836,-0.0603103187646085,9.562352598178927,-0.07602650839993,10.22167378014064,-0.126983905416558,5.508505449288977,-0.1269839054165579,3.7627747121061983,-0.1269839054165583,2.3053491188005473,-0.1269839054165578,3.5304717383749225,-0.1269839054165583,5.72674561085705,-0.1083377970174027,4.911180189820125,-0.1057055412371192,1.1008022057361917,-0.1893398947688879
2024-04-17 00:00:00+00:00,6.566687853726656,-0.1614157792250172,3.115308428330511,-0.0788410633431758,9.562352598178927,-0.07602650839993,9.81852957249923,-0.1614157792250172,5.291249243269513,-0.1614157792250171,3.614370364396296,-0.1614157792250176,2.214425835214512,-0.161415779225017,3.3912294516241155,-0.1614157792250176,5.51800385999702,-0.1408391759984124,4.771066469619757,-0.1312193523230104,1.057658261057574,-0.2211122463784697
2024-04-18 00:00:00+00:00,6.801665988782795,-0.1314084207705745,3.171046524987438,-0.062359983851703,9.562352598178927,-0.07602650839993,10.1698695203285,-0.1314084207705745,5.480587903336182,-0.1314084207705744,3.743704669078684,-0.1314084207705748,2.2936654251827697,-0.1314084207705743,3.5125790253879816,-0.1314084207705749,5.688973311522911,-0.1142189962053226,4.892137105376559,-0.1091731649522772,1.0954295824124656,-0.1932964378847024
2024-04-19 00:00:00+00:00,6.838951330907419,-0.1266469793455551,3.1797380392996843,-0.0597900084332188,9.590865578287,-0.0732714083849613,10.225618665472288,-0.1266469793455552,5.510631365534556,-0.1266469793455551,3.764226892550161,-0.1266469793455554,2.306238830027759,-0.1266469793455549,3.5318342653420394,-0.1266469793455555,5.716213246858083,-0.1099777006422694,4.912004351601664,-0.1055554666550703,1.1014277483741668,-0.188879228485622
2024-04-20 00:00:00+00:00,6.9592507571203335,-0.1112844095329541,3.207704363603412,-0.0515207053608334,9.566888414341282,-0.075588229863999,10.405490695350466,-0.1112844095329542,5.607565202210469,-0.111284409532954,3.8304408942878982,-0.1112844095329544,2.346806337316259,-0.1112844095329539,3.593960403552674,-0.1112844095329546,5.80409151794879,-0.0962949324315621,4.987867033712548,-0.0917413581075403,1.1207734002916194,-0.1746325744205727
2024-04-21 00:00:00+00:00,6.959310768592727,-0.1112767459017696,3.2077181940478505,-0.0515166158660737,9.566888414341282,-0.075588229863999,10.405580424667514,-0.1112767459017698,5.607613557738395,-0.1112767459017695,3.830473925199703,-0.1112767459017699,2.346826574452215,-0.1112767459017693,3.5939913952302365,-0.11127674590177,5.804096453943449,-0.0962941638903747,4.987720559015684,-0.0917680302117376,1.1207829386707997,-0.174625550103734
2024-04-22 00:00:00+00:00,7.1605817455656915,-0.0855738848629725,3.2541035758936823,-0.0378010207651337,9.819656204475748,-0.0511642468308849,10.706521337881984,-0.0855738848629726,5.769791953959243,-0.0855738848629724,3.9412554745269377,-0.0855738848629729,2.414699398806865,-0.0855738848629722,3.6979336078147007,-0.0855738848629731,5.950991378118584,-0.0734224212642238,5.1209934704873605,-0.0674998865831729,1.153125132663816,-0.1508078958065669
2024-04-23 00:00:00+00:00,7.117146299154193,-0.0911207116338428,3.2442340257292894,-0.0407193271042544,9.760091050972267,-0.0569197993787784,10.641576540050004,-0.0911207116338429,5.734792913640083,-0.0911207116338428,3.9173481724332424,-0.0911207116338431,2.4000520489038064,-0.0911207116338425,3.675502274333314,-0.0911207116338433,5.918888177124031,-0.0784209340089364,5.092524889919176,-0.0726838327767466,1.1461663510403195,-0.1559325282008227
2024-04-24 00:00:00+00:00,6.889487420463161,-0.1201933807848946,3.192346748900612,-0.0560617658544159,9.735690823344838,-0.0592774998803314,10.301180364282128,-0.1201933807848947,5.551351900997174,-0.1201933807848946,3.7920424593155424,-0.1201933807848949,2.323280666767333,-0.1201933807848942,3.5579325783864286,-0.120193380784895,5.743160159258253,-0.1057820291550005,4.935584380972278,-0.1012616943256989,1.1100169390497805,-0.1825539193786272
2024-04-25 00:00:00+00:00,6.911857768431186,-0.1173366254103286,3.1975295660863567,-0.0545292696417485,9.735690823344838,-0.0592774998803314,10.334628569521016,-0.1173366254103285,5.569377287522942,-0.1173366254103285,3.80435532152826,-0.1173366254103288,2.330824420572384,-0.1173366254103281,3.569485279620612,-0.1173366254103289,5.760278922506593,-0.1031166140680419,4.951024346282744,-0.0984501755283919,1.1135694507663856,-0.1799377549968599
2024-04-26 00:00:00+00:00,6.833807490416566,-0.1273038620185094,3.1794759486687014,-0.0598675054555837,9.735690823344838,-0.0592774998803314,10.217927581153884,-0.1273038620185093,5.506486605998091,-0.1273038620185094,3.761395671538374,-0.1273038620185097,2.304504218374382,-0.127303862018509,3.529177835836694,-0.1273038620185097,5.700532481802024,-0.1124192174241272,4.896458650336152,-0.1083862392926019,1.1013222491823136,-0.1889569209044088
2024-04-27 00:00:00+00:00,6.800797965699964,-0.1315192697216355,3.1717969944356033,-0.0621380791335125,9.735690823344838,-0.0592774998803314,10.168571649849769,-0.1315192697216356,5.479888475164403,-0.1315192697216356,3.7432269005329446,-0.1315192697216358,2.2933727094662624,-0.1315192697216354,3.5121307529089543,-0.1315192697216359,5.67262999018022,-0.1167636739163159,4.873391381804689,-0.1125866411571562,1.0962145980388087,-0.1927183314392908
2024-04-28 00:00:00+00:00,6.764002360055408,-0.1362181704421673,3.1632165166754596,-0.0646752223895904,9.735690823344838,-0.0592774998803314,10.113554760025462,-0.1362181704421674,5.450239628613564,-0.1362181704421673,3.7229742328952984,-0.1362181704421675,2.280964454105772,-0.1362181704421672,3.4931284271807184,-0.1362181704421677,5.641665315558743,-0.1215849165318916,4.847263200225613,-0.1173444156839699,1.0907033571007585,-0.1967769562635444
2024-04-29 00:00:00+00:00,6.844094099764835,-0.1259902335231577,3.181944150139506,-0.0591376882016563,9.735690823344838,-0.0592774998803314,10.23330814748146,-0.1259902335231578,5.514775261579449,-0.1259902335231578,3.767057523724237,-0.125990233523158,2.307973080303708,-0.1259902335231576,3.534490141424571,-0.1259902335231583,5.708467597096937,-0.1111837090105233,4.903946636544996,-0.1070227249610076,1.0995175886154276,-0.1902859210803121
2024-04-30 00:00:00+00:00,6.501814380436103,-0.1697003013859803,3.1023781086186215,-0.0826644021330432,9.735690823344838,-0.0592774998803314,9.721530578461078,-0.1697003013859803,5.23897605409057,-0.1697003013859804,3.578663358898271,-0.1697003013859807,2.192549129868578,-0.1697003013859801,3.35772689475639,-0.1697003013859809,5.422981649877328,-0.155634265385126,4.662812948747919,-0.1509316251607948,1.0693470848127435,-0.2125042847973457
2024-05-01 00:00:00+00:00,6.254585331944254,-0.2012721354065086,3.043394727751612,-0.100105072824194,9.735690823344838,-0.0592774998803314,9.697226752014926,-0.1717760506325154,5.039765958394557,-0.2012721354065089,3.442586029506145,-0.201272135406509,2.109178273145861,-0.2012721354065085,3.2300505913872937,-0.2012721354065091,5.216774810549196,-0.1877409551386951,4.49362250634733,-0.1817401211365918,1.0437388354853665,-0.2313628826329419
2024-05-02 00:00:00+00:00,6.329132440257917,-0.1917522632687209,3.0615315237476786,-0.0947422421130622,9.735690823344838,-0.0592774998803314,9.697226752014926,-0.1717760506325154,5.099833885976762,-0.1917522632687212,3.4836175000194625,-0.1917522632687213,2.134317132532428,-0.1917522632687207,3.2685488959935096,-0.1917522632687214,5.278952470011891,-0.1780598076632947,4.543574116919483,-0.1726442527680166,1.0526640290636875,-0.2247901320264229
2024-05-03 00:00:00+00:00,6.7386464413358205,-0.1394561914681602,3.1605766958585777,-0.0654557854036823,9.735690823344838,-0.0592774998803314,9.697226752014926,-0.1717760506325154,5.429808554573507,-0.1394561914681605,3.709018082820324,-0.1394561914681604,2.2724139027869077,-0.13945619146816,3.4800338899878085,-0.1394561914681606,5.62051665244928,-0.1248777925944445,4.836830676973492,-0.1192441113527675,1.0962143775296072,-0.1927184938281483
2024-05-04 00:00:00+00:00,6.846884633231125,-0.1256338746730798,3.1859597686970416,-0.0579503184738822,9.735690823344838,-0.0592774998803314,9.697226752014926,-0.1717760506325154,5.517023793627982,-0.12563387467308,3.768593461123133,-0.1256338746730801,2.3089141071256662,-0.1256338746730796,3.5359312544312225,-0.1256338746730803,5.701170300800021,-0.1123199081250062,4.906094239784891,-0.1066316601654131,1.1124193900464414,-0.1807846903857917
2024-05-05 00:00:00+00:00,6.859739947924511,-0.1239922153929219,3.1889506556201455,-0.0570659494680102,9.735690823344838,-0.0592774998803314,9.691190637380766,-0.1722915851073692,5.527382238502862,-0.1239922153929221,3.775669154301757,-0.1239922153929222,2.313249190749398,-0.1239922153929217,3.5425701145033313,-0.1239922153929223,5.710878962763258,-0.1108082560450289,4.914365048870433,-0.1051255988015851,1.1144426438008792,-0.179294712356192
2024-05-06 00:00:00+00:00,6.768992956964973,-0.1355808573988445,3.167857459776509,-0.0633029517748512,9.735690823344838,-0.0592774998803314,9.666962660787314,-0.1743608561446007,5.454260908855505,-0.1355808573988448,3.725721107114443,-0.1355808573988448,2.2826473887869767,-0.1355808573988444,3.4957057172237187,-0.1355808573988449,5.6421450230083625,-0.1215102254192806,4.853757159234078,-0.116161907339287,1.1002893819294073,-0.1897175518983945
2024-05-07 00:00:00+00:00,6.677570836941012,-0.1472557152555922,3.1464648946824285,-0.0696284739399183,9.735690823344838,-0.0592774998803314,9.666962660787314,-0.1743608561446007,5.380595579518988,-0.1472557152555925,3.6754014621693343,-0.1472557152555926,2.2518179190450502,-0.1472557152555921,3.44849266357153,-0.1472557152555926,5.569399263053843,-0.1328368407408546,4.792346045183076,-0.1273444778986209,1.0862502293714436,-0.2000563582985717
2024-05-08 00:00:00+00:00,6.557649697330861,-0.1625699768216197,3.1182115324098616,-0.0779826506600465,9.735690823344838,-0.0592774998803314,9.666962660787314,-0.1743608561446007,5.283966555367319,-0.1625699768216201,3.6093956731435046,-0.1625699768216202,2.2113779779885587,-0.1625699768216197,3.3865618836141005,-0.1625699768216202,5.4749749942505055,-0.1475388298385692,4.71181804171667,-0.1420081115857984,1.0699177336086358,-0.2120840438035346
2024-05-09 00:00:00+00:00,6.759221803299228,-0.1368286607763433,3.166136055253659,-0.0638119502243802,9.735690823344838,-0.0592774998803314,9.666962660787314,-0.1743608561446007,5.446387592719365,-0.1368286607763437,3.720342966867471,-0.1368286607763439,2.279352349400416,-0.1368286607763434,3.4906596080091905,-0.1368286607763439,5.638315075493908,-0.1221065535382688,4.850593576156425,-0.1167379755564633,1.088681983183378,-0.1982655499309953
2024-05-10 00:00:00+00:00,6.5155302167782745,-0.167948751108659,3.1090613844632022,-0.0806882384844001,9.735690823344838,-0.0592774998803314,9.666962660787314,-0.1743608561446007,5.25002788269624,-0.1679487511086593,3.586212691758659,-0.1679487511086594,2.197174399566823,-0.1679487511086591,3.364810153347832,-0.1679487511086596,5.450063200030861,-0.1514176306136595,4.683563304643249,-0.1471531182485427,1.0671951892950884,-0.2140889980525504
2024-05-11 00:00:00+00:00,6.518316463710819,-0.1675929396608089,3.10972615098698,-0.0804916750820097,9.735690823344838,-0.0592774998803314,9.666962660787314,-0.1743608561446007,5.252272960778491,-0.1675929396608092,3.58774626980671,-0.1675929396608093,2.198113980879069,-0.167592939660809,3.3662490526632274,-0.1675929396608094,5.451515029662408,-0.1511915787343571,4.685351693132613,-0.146827464158418,1.0673720212533426,-0.2139587742819769
2024-05-12 00:00:00+00:00,6.5888299437729065,-0.1585881730190625,3.126546261990101,-0.0755181721616623,9.735690823344838,-0.0592774998803314,9.666962660787314,-0.1743608561446007,5.309090706090853,-0.158588173019063,3.6265575911766184,-0.1585881730190631,2.221892615627446,-0.1585881730190628,3.4026642737990023,-0.1585881730190631,5.503323802396563,-0.1431248812469777,4.733278879574359,-0.1381002304585039,1.0735880569979988,-0.2093811197636402
2024-05-13 00:00:00+00:00,6.744869416696318,-0.1386615002844422,3.1635683611302277,-0.0645711862495809,9.735690823344838,-0.0592774998803314,9.666962660787314,-0.1743608561446007,5.43482285012106,-0.1386615002844425,3.712443270406876,-0.1386615002844426,2.2745124215100665,-0.1386615002844422,3.483247616266464,-0.1386615002844426,5.6169939681558905,-0.1254262794054355,4.8420143898804575,-0.1183001904316567,1.0865946183255557,-0.199802741087118
2024-05-14 00:00:00+00:00,6.59884971639571,-0.1573086203123708,3.1293243101757926,-0.0746967369902869,9.735690823344838,-0.0592774998803314,9.666962660787314,-0.1743608561446007,5.317164352271257,-0.1573086203123711,3.632072573772494,-0.1573086203123713,2.225271494577253,-0.1573086203123709,3.407838777106289,-0.1573086203123713,5.5126009790370265,-0.1416804120278437,4.736861638400162,-0.1374478330222135,1.074437370767424,-0.2087556624506835
2024-05-15 00:00:00+00:00,7.094909905365623,-0.0939603606888001,3.246945810540998,-0.0399174852092821,9.735690823344838,-0.0592774998803314,9.666962660787314,-0.1743608561446007,5.71687546356058,-0.0939603606888003,3.905109039934376,-0.0939603606888005,2.3925534672772293,-0.0939603606888002,3.664018750950835,-0.0939603606888006,5.900949447803867,-0.081214018946043,5.092949226458246,-0.0726065638106582,1.1158194836106916,-0.1782807707967613
2024-05-16 00:00:00+00:00,6.99082322139981,-0.1072525184265836,3.2231284663503192,-0.0469599851586154,9.568523035045413,-0.0754302827287173,9.50097497723208,-0.1885375871148145,5.63300539084866,-0.1072525184265839,3.847818692923163,-0.1072525184265842,2.3574532390937173,-0.1072525184265837,3.61026534648736,-0.1072525184265842,5.827758071525781,-0.0926100173448053,5.02334795430857,-0.0852805097056432,1.0984238905923984,-0.191091349475913
2024-05-17 00:00:00+00:00,7.182515938725435,-0.08277282766505,3.267318559164635,-0.0338935104117102,9.830897883227228,-0.0500780064877471,9.477222539789002,-0.1905662431470274,5.787465899415984,-0.0827728276650502,3.9533282727913663,-0.0827728276650505,2.422096071998807,-0.0827728276650501,3.709261065963746,-0.0827728276650505,5.956934023051254,-0.0724971432385748,5.14902352025385,-0.062395794040004,1.128424138663424,-0.1689983666207847
2024-05-18 00:00:00+00:00,7.1708565669461715,-0.0842617617237461,3.264666641499044,-0.0346776503173202,9.814939395376678,-0.0516200140207822,9.477222539789002,-0.1905662431470274,5.778071111133332,-0.0842617617237463,3.9469108384979834,-0.0842617617237465,2.418164285584486,-0.0842617617237461,3.70323982575163,-0.0842617617237466,5.946492868531454,-0.0741228454215312,5.14092850808512,-0.0638698439111774,1.1265906117007671,-0.1703486247804669
2024-05-19 00:00:00+00:00,7.102144502689319,-0.0930364825794013,3.249025414962601,-0.0393025713920016,9.720891391471412,-0.060707512275439,9.362717525613991,-0.2003459252651855,5.7227048951503035,-0.0930364825794015,3.909091034319912,-0.0930364825794018,2.394993126292219,-0.0930364825794014,3.667754908365541,-0.0930364825794018,5.893971405543332,-0.0823005097660191,5.093462573450707,-0.0725130866110775,1.115810375062923,-0.1782874785742842
2024-05-20 00:00:00+00:00,7.656458685218122,-0.0222490266846251,3.375816757086683,-0.0018119085651107,10.479595746624192,0.0,9.33931073179996,-0.2023450604520226,6.169355408190081,-0.0222490266846253,4.214191078440277,-0.0222490266846255,2.5819195759666895,-0.0222490266846252,3.9540189463581217,-0.0222490266846256,6.314101633470837,-0.0168856528771069,5.4730772388766775,-0.0033876872907149,1.202775307227047,-0.1142441829738385
2024-05-21 00:00:00+00:00,7.517330659541821,-0.0400160607813518,3.3451452195150635,-0.0108811104066258,10.28916757009286,-0.0181713284687223,9.146254771991456,-0.2188336477121178,6.05725002462757,-0.0400160607813521,4.1376136281239795,-0.0400160607813522,2.5350026672719745,-0.0400160607813518,3.882169169312296,-0.0400160607813523,6.224611016914725,-0.0308194655041971,5.3867743051693875,-0.0191028987890404,1.180971518368197,-0.1303010746466993
2024-05-22 00:00:00+00:00,7.412126261902684,-0.0534509536499462,3.3217377093380422,-0.0178024274063695,10.145171552697272,-0.031911936491887,9.018253721150346,-0.2297660037930752,5.972479330208039,-0.0534509536499465,4.079708080380414,-0.0534509536499464,2.4995255224312807,-0.0534509536499462,3.827838544854223,-0.0534509536499465,6.158926685337552,-0.0410466066722114,5.322836404770542,-0.0307455809594363,1.1644619596974497,-0.1424591539997443
2024-05-23 00:00:00+00:00,7.283854954562385,-0.0698315547550691,3.2929953739026376,-0.0263011875631286,9.96960325120398,-0.0486652832562265,8.862187411178782,-0.2430953668071968,5.869121979742176,-0.0698315547550696,4.009106275912118,-0.0698315547550695,2.456269728457474,-0.0698315547550691,3.761595494333117,-0.0698315547550696,6.07807982752894,-0.0536345741211548,5.244105206154938,-0.0450820279909743,1.1443336793907064,-0.1572821564851663
2024-05-24 00:00:00+00:00,7.34604612936365,-0.06188956953794,3.307053537621964,-0.0221443589726503,10.054725942740625,-0.0405425757019713,8.937854739790943,-0.2366327465814472,5.919233849521167,-0.0618895695379403,4.04333691762004,-0.0618895695379402,2.4772419061016584,-0.06188956953794,3.793712833898368,-0.0618895695379404,6.117267940041733,-0.0475329308654038,5.2820659780103325,-0.0381696145570285,1.1540832370359526,-0.1501023221920778
2024-05-25 00:00:00+00:00,7.425409158336873,-0.0517546909975989,3.324917418483887,-0.016862225958247,10.1633522013101,-0.0301770748567249,8.915510102941466,-0.2385411647149936,5.983182308219387,-0.0517546909975993,4.087019118805643,-0.0517546909975991,2.5040047956486995,-0.0517546909975988,3.834698220628963,-0.0517546909975994,6.169782531268046,-0.0393563364637229,5.331291800180669,-0.0292059076080902,1.1665188491550649,-0.1409444057411831
2024-05-26 00:00:00+00:00,7.341510976664216,-0.0624687210945945,3.3061336370333154,-0.0224163624251378,10.04851856033405,-0.0411349060319437,8.915510102941466,-0.2385411647149936,5.915579553196518,-0.0624687210945948,4.040840724427982,-0.0624687210945947,2.4757125568272644,-0.0624687210945944,3.791370748551155,-0.0624687210945951,6.113372620048287,-0.0481394375696816,5.279134999188644,-0.0387033270289147,1.1533707160445523,-0.1506270416547189
2024-05-27 00:00:00+00:00,7.441040003628446,-0.0497585887751597,3.328544300516185,-0.015789800908493,10.184746549084736,-0.0281355507090468,8.915510102941466,-0.2385411647149936,5.995777196260817,-0.04975858877516,4.0956224916552095,-0.0497585887751598,2.509275846810399,-0.0497585887751595,3.842770445788331,-0.0497585887751601,6.179225777677011,-0.0378860099522114,5.341086651484485,-0.0274223279170893,1.168967973080136,-0.139140805558992
2024-05-28 00:00:00+00:00,7.329800166480045,-0.06396422398002,3.3036642618555874,-0.0231465267299741,10.032489667390044,-0.0426644395494143,8.915510102941466,-0.2385411647149936,5.906143317318502,-0.0639642239800203,4.034394977924482,-0.0639642239800202,2.4717634242964097,-0.0639642239800198,3.7853229440439864,-0.0639642239800204,6.104949575453127,-0.0494509172493975,5.272019180822399,-0.039999071979932,1.151539664525938,-0.1519754768313824
2024-05-29 00:00:00+00:00,7.249859527085039,-0.0741728649705113,3.285648966251287,-0.0284734312481599,9.923072818291947,-0.0531053813322445,8.915510102941466,-0.2385411647149936,5.841729436664001,-0.0741728649705117,3.990394854212764,-0.0741728649705115,2.444805752315792,-0.0741728649705112,3.7440392624168535,-0.0741728649705119,6.050636158246971,-0.0579075913411784,5.222474396400443,-0.0490208599120868,1.139016296662105,-0.1611980189533375
2024-05-30 00:00:00+00:00,7.324847076740731,-0.0645967472538519,3.3026412103139116,-0.0234490306688154,10.025710243599123,-0.0433113560865435,8.915510102941466,-0.2385411647149936,5.902152259281516,-0.0645967472538523,4.031668748025216,-0.0645967472538522,2.470093137825179,-0.0645967472538519,3.782765023799465,-0.0645967472538524,6.11039659851255,-0.0486028082341037,5.268857873398081,-0.0405747258152106,1.1507491898949402,-0.1525576034334259
2024-05-31 00:00:00+00:00,7.237813295635527,-0.0757112020802357,3.2830202305749467,-0.0292507165205742,9.906584825467682,-0.0546787237800747,8.915510102941466,-0.2385411647149936,5.832022927924545,-0.0757112020802361,3.9837644885057863,-0.075711202080236,2.44074350865004,-0.0757112020802357,3.737818236569023,-0.0757112020802364,6.037792909391226,-0.0599073029306815,5.211399701031968,-0.0510374910104618,1.1372175782602667,-0.1625226431604083
2024-06-01 00:00:00+00:00,7.2621222284885425,-0.0726068840482998,3.288533409423333,-0.027620536369102,9.939857099217852,-0.0515037660283993,8.915510102941466,-0.2385411647149936,5.851610370700618,-0.0726068840483004,3.9971443671373215,-0.0726068840483002,2.4489409942219575,-0.0726068840482999,3.750372079673034,-0.0726068840483006,6.0580714516000045,-0.056749905894418,5.227422963166442,-0.0481197575972451,1.1409792497612434,-0.1597524479346572
2024-06-02 00:00:00+00:00,7.2619914892094,-0.0726235798162374,3.288503807850001,-0.0276292891954885,9.939678152938646,-0.0515208417137151,8.893060822624108,-0.240458520272451,5.851505024729066,-0.0726235798162379,3.997072406936605,-0.0726235798162379,2.4488969061757677,-0.0726235798162374,3.7503045620897737,-0.0726235798162381,6.057962388729723,-0.0567668871339888,5.2273227461813025,-0.0481380064683963,1.1409497559006898,-0.159774168000238
2024-06-03 00:00:00+00:00,7.373898953988178,-0.0583326867144498,3.313841769523371,-0.0201371610903428,10.092848834075516,-0.0369047549065296,9.030103105345328,-0.2287539676690874,5.836876262167244,-0.0749420208666973,4.058667389561155,-0.0583326867144503,2.4866344668272684,-0.0583326867144498,3.808096846246999,-0.0583326867144505,6.151315735901124,-0.0422316420138212,5.307082341799631,-0.0336142949290624,1.158085015612688,-0.14715530571153
2024-06-04 00:00:00+00:00,7.559070781858214,-0.0346857315914421,3.355450024638043,-0.0078341044526674,10.346298369888714,-0.012719705984691,9.256865189868783,-0.2093865965625185,5.968858502930114,-0.054024800861034,4.160587806959208,-0.0346857315914427,2.5490783180842755,-0.0346857315914421,3.9037249879025473,-0.0346857315914429,6.305786306454098,-0.0181803607810531,5.440352697688671,-0.0093466166557284,1.1859865785411017,-0.1266078505721816
2024-06-05 00:00:00+00:00,7.620171033822043,-0.0268830602412021,3.3690111386872372,-0.003824247424119,10.42992788673493,-0.0047394824275796,9.331688777558108,-0.2029960388405368,6.01710500954317,-0.0463784479313005,4.194217993877547,-0.0268830602412026,2.569682613506972,-0.0268830602412021,3.935278943043539,-0.0268830602412029,6.3567562131097,-0.0102442759009793,5.4843272721031155,-0.0013391282913616,1.19050368398139,-0.1232813336443605
2024-06-06 00:00:00+00:00,7.5870639904628,-0.0311109213450031,3.3616925366931856,-0.0059882693133634,10.384613408457833,-0.0090635498222304,9.291145773522857,-0.2064587491369958,5.990962741139498,-0.0505216082268524,4.175995547640435,-0.0311109213450038,2.558518219252924,-0.0311109213450032,3.9181814986397607,-0.031110921345004,6.329138276105732,-0.014544426846065,5.460499741200214,-0.0056779690646314,1.1876559932993,-0.1253784490171126
2024-06-07 00:00:00+00:00,7.432377990568545,-0.0508647518263023,3.327423234890202,-0.0161212864238796,10.17289062470092,-0.0292668848435372,9.101716743275148,-0.2226375663977151,5.86881825110919,-0.0698796912210172,4.090854833438904,-0.050864751826303,2.506354833061599,-0.0508647518263024,3.8382971291858934,-0.0508647518263032,6.200099021403375,-0.0346360170680929,5.349170396482462,-0.0259503297255491,1.1755428954101443,-0.134298857386871
2024-06-08 00:00:00+00:00,7.427540637240274,-0.0514824952399929,3.3263404103971332,-0.0164414644998448,10.16626961237028,-0.0298986852002229,9.07896245141696,-0.2245809724817209,5.864998538557428,-0.0704850587866973,4.088192306012403,-0.0514824952399936,2.504723575352569,-0.051482495239993,3.8357989786052418,-0.0514824952399938,6.196063695202951,-0.0352643229322127,5.3456888960456235,-0.0265842886577216,1.1751597189355043,-0.134581038762994
2024-06-09 00:00:00+00:00,7.463727555093413,-0.0468613256357607,3.3344433621722542,-0.0140455198886874,10.215799595618194,-0.025172359448214,9.10049767685073,-0.2227416848260444,5.8935727639557305,-0.0659564695182246,4.108109945830321,-0.0468613256357614,2.516926568334076,-0.0468613256357609,3.854486960175345,-0.0468613256357616,6.22625086736421,-0.0305641385237952,5.3717330490698085,-0.0218418151925902,1.1780228610040515,-0.1324725445771307
2024-06-10 00:00:00+00:00,7.452138911120899,-0.0483412275577036,3.331854730909558,-0.0148109467721564,10.199937914771152,-0.0266859369974389,9.077746432658603,-0.2246848306139791,5.878838832045841,-0.0682915783444291,4.101731440825851,-0.048341227557704,2.513018632829989,-0.0483412275577036,3.848502245868928,-0.0483412275577044,6.216583606059074,-0.0320693444641122,5.363392564859802,-0.0233605639503469,1.1771079234893262,-0.1331463289664626
2024-06-11 00:00:00+00:00,7.2136190275601235,-0.0788008771025864,3.278533556147772,-0.0305773717585843,9.873469496405018,-0.05783870531594,9.077746432658603,-0.2246848306139791,5.878838832045841,-0.0682915783444291,3.970447722509307,-0.0788008771025868,2.432584690462896,-0.0788008771025865,3.7253236097060696,-0.0788008771025873,6.017610020683434,-0.0630498065846982,5.191726981955541,-0.0546197671597495,1.1582701339825687,-0.1470189796064172
2024-06-12 00:00:00+00:00,7.315397413105667,-0.0658034954642908,3.301662297146343,-0.0237384834255044,10.012776241221728,-0.0445455642268303,9.183131796429327,-0.2156840426134737,5.878838832045841,-0.0682915783444291,4.026467559091481,-0.0658034954642913,2.4669065116669553,-0.0658034954642909,3.7778849414290208,-0.0658034954642917,6.102513677281861,-0.049830189959803,5.2649780905042265,-0.0412812094319935,1.166441267772541,-0.1410015387405474
2024-06-13 00:00:00+00:00,7.155619011125467,-0.0862076397918149,3.265605860569758,-0.034399934623876,9.794083353212445,-0.0654140111876523,8.982559491091765,-0.2328145883982157,5.878838832045841,-0.0682915783444291,3.93852393608828,-0.0862076397918154,2.413025859938786,-0.0862076397918151,3.695370706764861,-0.0862076397918157,5.969226334386232,-0.070583213382163,5.149983683740426,-0.062220954418495,1.1537029208705296,-0.1503823971602024
2024-06-14 00:00:00+00:00,7.077494790403794,-0.0961843190884191,3.2477791070321196,-0.0396710895385675,9.687152683977097,-0.0756177129162992,8.884488945519601,-0.2411906299869641,5.878838832045841,-0.0682915783444291,3.8955235872963505,-0.0961843190884198,2.3866807226982676,-0.0961843190884194,3.655025076806804,-0.09618431908842,5.904055011687224,-0.0807304783591366,5.093756757544941,-0.0724595175716285,1.1474049209903288,-0.1550204122541262
2024-06-15 00:00:00+00:00,7.097240708088048,-0.0936627107276166,3.2523096917095575,-0.0383314505718604,9.662934802267152,-0.0779286686340084,8.909276302145107,-0.2390735832349646,5.880543452112021,-0.0680214214449533,3.906391936955346,-0.0936627107276172,2.3933394631826683,-0.0936627107276167,3.665222445570447,-0.0936627107276175,5.920527080931578,-0.0781657544219921,5.107968128180562,-0.0698717179960388,1.149005527210175,-0.153841683141982
2024-06-16 00:00:00+00:00,7.145316327275667,-0.0875233210455191,3.2633250150337787,-0.0350743529991144,9.704232702429808,-0.0739878772942319,8.969626372314082,-0.2339191844838405,5.865842093481741,-0.0703513678913408,3.932853236336757,-0.0875233210455197,2.4095515773480436,-0.0875233210455193,3.69005009983478,-0.08752332104552,5.960631822624851,-0.0719213907365375,5.142568720249118,-0.0635711717809023,1.152897121146773,-0.1509758095693092
2024-06-17 00:00:00+00:00,7.126826363977928,-0.0898845405536754,3.2591027555148937,-0.0363228239541362,9.679972120673732,-0.0763029076009963,8.946415634703287,-0.2359015748376342,5.865842093481741,-0.0703513678913408,3.9226761764748055,-0.089884540553676,2.4033163712090087,-0.0898845405536756,3.680501342608692,-0.0898845405536763,5.945207472101564,-0.0743229834214118,5.12926127484876,-0.0659943723603674,1.1514054427470832,-0.1520743213293347
2024-06-18 00:00:00+00:00,6.984405208754046,-0.1080721164116498,3.226538107821226,-0.0459517955093471,9.679972120673732,-0.0763029076009963,8.767632150339534,-0.2511711737949507,5.733955605091585,-0.0912534125716381,3.844286154873253,-0.1080721164116502,2.3552889496787044,-0.1080721164116498,3.606950897256631,-0.1080721164116506,5.826399566172767,-0.0928215385050147,5.026759083985598,-0.0846593648381405,1.139900707304316,-0.1605467153671469
2024-06-19 00:00:00+00:00,6.962870734865785,-0.1108221283518607,3.2215640406991413,-0.0474225668587812,9.679972120673732,-0.0763029076009963,8.740599591379937,-0.2534799795304022,5.719620716078856,-0.093525279040209,3.832433366074951,-0.1108221283518612,2.348027070267327,-0.1108221283518609,3.595829865817067,-0.1108221283518615,5.80843548110464,-0.0956185713671075,5.011260468283721,-0.0874815634960951,1.1381434231721994,-0.1618408262728475
2024-06-20 00:00:00+00:00,6.951685025065054,-0.1122505744644222,3.218976352241614,-0.048187714966191,9.679972120673732,-0.0763029076009963,8.726557996434911,-0.2546792487151071,5.719620716078856,-0.093525279040209,3.826276640049737,-0.1122505744644226,2.3442550126760877,-0.1122505744644223,3.5900532384885686,-0.1122505744644229,5.799104347989879,-0.0970714416838293,5.003209980565573,-0.0889475057499757,1.1372292208566326,-0.1625140692419096
2024-06-21 00:00:00+00:00,6.873838357403197,-0.1221918094667987,3.2009529103422176,-0.0535170282450824,9.679972120673732,-0.0763029076009963,8.704741601443825,-0.2565425505933193,5.641271953832697,-0.1059423912789592,3.783429059224901,-0.122191809466799,2.318003472189365,-0.1221918094667988,3.5498509450392364,-0.1221918094667994,5.734164560400729,-0.1071826563243375,4.947182812591873,-0.0991496942102799,1.130861735087599,-0.1672032555977186
2024-06-22 00:00:00+00:00,6.886531855447808,-0.1205708146207275,3.203908412595523,-0.052643122057116,9.679972120673732,-0.0763029076009963,8.704741601443825,-0.2565425505933193,5.651689346676679,-0.104291389623407,3.790415686909195,-0.1205708146207279,2.3222839878215007,-0.1205708146207276,3.5564062382664896,-0.1205708146207281,5.744753492355542,-0.1055339449905983,4.956318473352696,-0.097486148895352,1.131905881816926,-0.1664343180964468
2024-06-23 00:00:00+00:00,6.773796018023316,-0.1349674932029722,3.177683652040644,-0.0603974658412266,9.679972120673732,-0.0763029076009963,8.704741601443825,-0.2565425505933193,5.637560123309988,-0.1065306611493484,3.728364759734206,-0.1349674932029726,2.2842670824183204,-0.1349674932029724,3.49818615827434,-0.1349674932029727,5.650709115686372,-0.1201767843582104,4.875181157013431,-0.1122607345543142,1.122640958954065,-0.1732572544094627
2024-06-24 00:00:00+00:00,6.461231622230169,-0.174882831974473,3.1043694595200018,-0.0820755838118315,9.679972120673732,-0.0763029076009963,8.704741601443825,-0.2565425505933193,5.637560123309988,-0.1065306611493484,3.5563262047907025,-0.1748828319744735,2.178863766678292,-0.1748828319744733,3.336768772804849,-0.1748828319744737,5.389967505539283,-0.1607746132668684,4.650224862393755,-0.153223835065105,1.0967398516995075,-0.1923315206338288
2024-06-25 00:00:00+00:00,6.6233386836659145,-0.1541813113868805,3.1433125155901664,-0.0705605942225073,9.679972120673732,-0.0763029076009963,8.704741601443825,-0.2565425505933193,5.637560123309988,-0.1065306611493484,3.6455515451394462,-0.1541813113868809,2.2335296915570417,-0.1541813113868807,3.420485595242991,-0.1541813113868811,5.52519741906706,-0.1397191289134648,4.766895232925666,-0.1319789078101916,1.110498058912303,-0.1821996098792921
2024-06-26 00:00:00+00:00,6.522495834109645,-0.1670592224890325,3.119383451544286,-0.07763612837869,9.679972120673732,-0.0763029076009963,8.704741601443825,-0.2565425505933193,5.637560123309988,-0.1065306611493484,3.5900466368787916,-0.167059222489033,2.1995233528474403,-0.1670592224890328,3.368407401636325,-0.1670592224890331,5.441074187761714,-0.152817232242087,4.694317440699834,-0.1451948589478311,1.1020441591245516,-0.188425287167946
2024-06-27 00:00:00+00:00,6.612671644448011,-0.1555435218299191,3.140946740939433,-0.0712601251074178,9.679972120673732,-0.0763029076009963,8.704741601443825,-0.2565425505933193,5.637560123309988,-0.1065306611493484,3.639680300566254,-0.1555435218299197,2.229932540640851,-0.1555435218299194,3.4149768245562813,-0.1555435218299198,5.516298961601613,-0.1411046310338566,4.759218038564059,-0.1333768757346147,1.1096622543256802,-0.1828151186697121
2024-06-28 00:00:00+00:00,6.475649378472651,-0.1730416445824054,3.1084047017386216,-0.0808824116053645,9.679972120673732,-0.0763029076009963,8.704741601443825,-0.2565425505933193,5.637560123309988,-0.1065306611493484,3.564261881351656,-0.1730416445824059,2.183725738591737,-0.1730416445824056,3.344214523339206,-0.1730416445824061,5.40199481584068,-0.1589019444374783,4.660601492184901,-0.1513343172375795,1.098165472113143,-0.1912816557366519
2024-06-29 00:00:00+00:00,6.535536541387389,-0.1653938880625368,3.122778050873057,-0.0766323865085013,9.679972120673732,-0.0763029076009963,8.704741601443825,-0.2565425505933193,5.637560123309988,-0.1065306611493484,3.597224371981382,-0.1653938880625373,2.203920954766179,-0.1653938880625372,3.375142003855189,-0.1653938880625375,5.451952762093342,-0.1511234231901431,4.703702992054707,-0.1434858101561588,1.1032434484458888,-0.1875420985239083
2024-06-30 00:00:00+00:00,6.726858473544298,-0.1409615475936786,3.1684863050161356,-0.0631170098607253,9.679972120673732,-0.0763029076009963,8.937803199435074,-0.236637148557206,5.637560123309988,-0.1065306611493484,3.702529868001653,-0.140961547593679,2.268438751081255,-0.1409615475936787,3.4739462390380647,-0.1409615475936791,5.611553757339322,-0.126273327745106,4.841399650780924,-0.1184121304845664,1.119391748963613,-0.1756500593103358
2024-07-01 00:00:00+00:00,6.740573238253029,-0.1392101341669148,3.1717162707071807,-0.0621619481614266,9.679972120673732,-0.0763029076009963,8.956025653255871,-0.235080799195004,5.637560123309988,-0.1065306611493484,3.710078611024328,-0.1392101341669152,2.2730636594020712,-0.1392101341669149,3.481028944206691,-0.1392101341669154,5.622994631223466,-0.124491967876031,4.851270329245847,-0.1166147431531653,1.1205328554838594,-0.1748097180328905
2024-07-02 00:00:00+00:00,6.658644718834995,-0.1496726329403916,3.1524409057724565,-0.0678614399053172,9.679972120673732,-0.0763029076009963,8.847169344496091,-0.2443780348129973,5.637560123309988,-0.1065306611493484,3.6649843383590976,-0.1496726329403919,2.2454356322929088,-0.1496726329403916,3.438718663260305,-0.1496726329403921,5.554649757790848,-0.1351333590864176,4.792305404257545,-0.1273518783508741,1.1137229655253171,-0.179824702633791
2024-07-03 00:00:00+00:00,6.4521527437638175,-0.176042229892237,3.1035605572619853,-0.0823147664035383,9.679972120673732,-0.0763029076009963,8.825051421134852,-0.2462670897259647,5.637560123309988,-0.1065306611493484,3.5513290997049003,-0.1760422298922372,2.175802177110082,-0.1760422298922371,3.3320801747279156,-0.1760422298922375,5.382393893760375,-0.1619538350836212,4.643690686119744,-0.1544136667162712,1.0964539360800931,-0.1925420765219927
2024-07-04 00:00:00+00:00,6.113669821697394,-0.2192674362320853,3.0221534449421883,-0.1063858626516209,9.679972120673732,-0.0763029076009963,8.825051421134852,-0.2462670897259647,5.637560123309988,-0.1065306611493484,3.3650247298882583,-0.2192674362320856,2.0616585869016006,-0.2192674362320855,3.1572777050883674,-0.2192674362320859,5.1000310165589084,-0.2059181251419471,4.400080521414694,-0.1987735175003285,1.0676926631835533,-0.2137226450123119
2024-07-05 00:00:00+00:00,6.068530478123303,-0.2250318553883715,3.010996641691159,-0.1096847941236213,9.679972120673732,-0.0763029076009963,8.825051421134852,-0.2462670897259647,5.637560123309988,-0.1065306611493484,3.340179585834409,-0.2250318553883719,2.0464366468883615,-0.2250318553883717,3.1339664293333356,-0.2250318553883721,5.062375719657209,-0.2117811068895,4.3675932016538335,-0.2046892503627505,1.0637317868747416,-0.2166395399718031
2024-07-06 00:00:00+00:00,6.240135426698718,-0.2031174283152805,3.0535688859701353,-0.0970966975761048,9.679972120673732,-0.0763029076009963,8.825051421134852,-0.2462670897259647,5.637560123309988,-0.1065306611493484,3.434632657813875,-0.2031174283152809,2.1043054599095865,-0.2031174283152808,3.2225882381685347,-0.2031174283152811,5.205528782523569,-0.1894919772384237,4.491099313960601,-0.1821995783103526,1.0787710524391343,-0.2055642236783772
2024-07-07 00:00:00+00:00,5.9859096835058745,-0.2355827596215834,2.9913670452773133,-0.1154890278216859,9.679972120673732,-0.0763029076009963,8.825051421134852,-0.2462670897259647,5.637560123309988,-0.1065306611493484,3.294704278008008,-0.2355827596215839,2.0185751699608483,-0.2355827596215838,3.0912986372493547,-0.235582759621584,4.993563370293158,-0.2224952847482184,4.308130038011964,-0.2155171116282893,1.056771646502614,-0.2217651729847919
2024-07-08 00:00:00+00:00,6.077728307901007,-0.2238572670587952,3.0143095236707915,-0.1087052150829472,9.679972120673732,-0.0763029076009963,8.825051421134852,-0.2462670897259647,5.637560123309988,-0.1065306611493484,3.34524216290611,-0.2238572670587957,2.0495383493510566,-0.2238572670587956,3.1387164573425816,-0.2238572670587958,5.065410201962812,-0.2113086338024475,4.374212988594327,-0.2034838295575141,1.0649511529122864,-0.2157415662984581
2024-07-09 00:00:00+00:00,6.220832093623363,-0.2055825173960976,3.049796393297349,-0.0982121779270733,9.679972120673732,-0.0763029076009963,8.825051421134852,-0.2462670897259647,5.637560123309988,-0.1065306611493484,3.424007911129435,-0.2055825173960982,2.0977959683028615,-0.2055825173960979,3.2126194330269136,-0.2055825173960982,5.1840021064857185,-0.192843710436143,4.477206476705666,-0.1847293749973761,1.077537349908528,-0.2064727551276
2024-07-10 00:00:00+00:00,6.186095095808582,-0.210018528196891,3.0412813932897063,-0.1007299602054966,9.679972120673732,-0.0763029076009963,8.825051421134852,-0.2462670897259647,5.637560123309988,-0.1065306611493484,3.4048883217342136,-0.2100185281968914,2.08608191898115,-0.2100185281968911,3.194680232523629,-0.2100185281968916,5.155054745885937,-0.1973508544716661,4.452205848291813,-0.1892818293142514,1.0744902641095893,-0.208716710382726
2024-07-11 00:00:00+00:00,6.144734331728396,-0.2153004122896696,3.0311142587515914,-0.1037362586364342,9.679972120673732,-0.0763029076009963,8.825051421134852,-0.2462670897259647,5.637560123309988,-0.1065306611493484,3.3821229454486064,-0.2153004122896701,2.0721341957782875,-0.2153004122896697,3.1733203256093994,-0.2153004122896701,5.1205876062990425,-0.2027174357209351,4.422438016909396,-0.1947023607600052,1.070864555821868,-0.211386778671784
2024-07-12 00:00:00+00:00,6.203589511644655,-0.2077844428560628,3.0456304904887723,-0.0994439848860462,9.679972120673732,-0.0763029076009963,8.825051421134852,-0.2462670897259647,5.637560123309988,-0.1065306611493484,3.414517422362842,-0.2077844428560631,2.0919814054897707,-0.2077844428560629,3.2037148599558716,-0.207784442856063,5.1696333564610235,-0.1950809446650977,4.464796786402445,-0.1869891001233525,1.076035474620708,-0.2075787761480192
2024-07-13 00:00:00+00:00,6.3445007353577845,-0.1897896894327119,3.0802204257663415,-0.0892161603440025,9.679972120673732,-0.0763029076009963,8.825051421134852,-0.2462670897259647,5.637560123309988,-0.1065306611493484,3.4920763626298927,-0.1897896894327123,2.1394996462243236,-0.1897896894327119,3.27648553256355,-0.1897896894327122,5.287058818129588,-0.176797638062629,4.566212261688402,-0.1685219915922854,1.0883689903791685,-0.1984960461802533
2024-07-14 00:00:00+00:00,6.515307317023683,-0.1679772160244855,3.121683256621617,-0.0769561038969126,9.679972120673732,-0.0763029076009963,8.825051421134852,-0.2462670897259647,5.637560123309988,-0.1065306611493484,3.5860900055148215,-0.167977216024486,2.1970992330618473,-0.1679772160244856,3.3646950414026073,-0.1679772160244859,5.4293969596887015,-0.1546353927848868,4.68914377988231,-0.1461369494478336,1.1033043496910293,-0.1874972492226105
2024-07-15 00:00:00+00:00,6.936055251406919,-0.1142465398363042,3.222479866674869,-0.0471517682199394,9.679972120673732,-0.0763029076009963,8.825051421134852,-0.2462670897259647,5.637560123309988,-0.1065306611493484,3.817673857037883,-0.1142465398363048,2.3389843228918172,-0.1142465398363044,3.5819815667520176,-0.1142465398363047,5.780018571928967,-0.10004312338309,4.991961047497058,-0.0909958644176173,1.1392747136645511,-0.16100771378016
2024-07-16 00:00:00+00:00,6.970331446844394,-0.109869374774963,3.2304421986993344,-0.0447974031643755,9.679972120673732,-0.0763029076009963,8.825051421134852,-0.2462670897259647,5.651325590548979,-0.1043490395534848,3.8365398162174658,-0.1098693747749636,2.350542979919581,-0.109869374774963,3.5996827954454487,-0.1098693747749633,5.801646237336563,-0.0966756660009869,5.01663003098671,-0.086503800517409,1.1429222782963442,-0.1583215498963684
2024-07-17 00:00:00+00:00,6.867883290401605,-0.1229522880112994,3.206702090336082,-0.0518170654158369,9.679972120673732,-0.0763029076009963,8.825051421134852,-0.2462670897259647,5.568263846265383,-0.1175130892710201,3.780151331066049,-0.1229522880112999,2.315995297823155,-0.1229522880112994,3.5467755744639895,-0.1229522880112997,5.7293553990363675,-0.1079314493925185,4.942896880397036,-0.0999301350135761,1.1289028320399794,-0.1686458440504358
2024-07-18 00:00:00+00:00,6.857159454611615,-0.1243217515338519,3.204198542649691,-0.0525573341172257,9.679972120673732,-0.0763029076009963,8.825051421134852,-0.2462670897259647,5.559569297363229,-0.1188910458141515,3.7742488250941846,-0.1243217515338525,2.3123789939032915,-0.124321751533852,3.541237472368158,-0.1243217515338522,5.721040841658444,-0.1092260374626379,4.935178808870353,-0.1013355464079605,1.127158621163209,-0.1699303274622058
2024-07-19 00:00:00+00:00,7.143508481669826,-0.0877541879349503,3.2711008176559995,-0.032775142426575,9.679972120673732,-0.0763029076009963,8.825051421134852,-0.2462670897259647,5.791732085716068,-0.0820967006580514,3.931858180118659,-0.0877541879349509,2.408941933627369,-0.0877541879349504,3.68911647554822,-0.0877541879349506,5.958206667954942,-0.0722989906689398,5.141267592372088,-0.0638080988341962,1.1689735366517182,-0.1391367083964855
2024-07-20 00:00:00+00:00,7.194942600044598,-0.0811859086076364,3.282876976885239,-0.0292930749000154,9.725469151353728,-0.0719614204119841,8.825051421134852,-0.2462670897259647,5.8334332518105825,-0.0754876867433773,3.960168030885683,-0.0811859086076368,2.4262866046514286,-0.0811859086076365,3.7156785569104183,-0.0811859086076367,6.001106471020524,-0.0656194320665014,5.178285336050981,-0.0570674047915387,1.1769803777091947,-0.1332402570808908
2024-07-21 00:00:00+00:00,7.304825749263539,-0.0671535262077676,3.3079454785238944,-0.0218806228605815,9.873999200499052,-0.057788159082398,8.825051421134852,-0.2462670897259647,5.922523054481622,-0.061368279526467,4.020648810074552,-0.0671535262077681,2.46334152334184,-0.0671535262077678,3.7724254253727287,-0.0671535262077678,6.092757025373773,-0.0513493141404907,5.257369538929265,-0.0426666779445932,1.1946762763045635,-0.1202085253649402
2024-07-22 00:00:00+00:00,7.236955988887062,-0.0758206825257267,3.2925782764391287,-0.0264245182267874,9.782259030001082,-0.0665423298267726,8.825051421134852,-0.2462670897259647,5.867496386587135,-0.0700891870658044,3.98329261833716,-0.0758206825257272,2.4404544067078136,-0.0758206825257268,3.7373754983181393,-0.0758206825257269,6.036148699105908,-0.0601633087435455,5.208522869198138,-0.0515613436626449,1.1836835496646705,-0.1283038624638633
2024-07-23 00:00:00+00:00,7.0659232925662545,-0.0976620314014515,3.253671135002077,-0.0379288882944786,9.55107258357543,-0.0886029562111563,8.825051421134852,-0.2462670897259647,5.7288284536618,-0.0920659897323172,3.8891545196952553,-0.0976620314014521,2.382778569233027,-0.0976620314014515,3.64904921726541,-0.0976620314014516,5.893494966101767,-0.0823746920452612,5.0854286136111915,-0.0739760192441124,1.156020097009294,-0.1486759668471985
2024-07-24 00:00:00+00:00,7.005910748539555,-0.105325799436473,3.239854038909119,-0.0420144361102032,9.469953083661377,-0.0963436650968195,8.825051421134852,-0.2462670897259647,5.6801721697535825,-0.0997772862619372,3.856123018053368,-0.1053257994364736,2.362541071899534,-0.1053257994364731,3.618056986280236,-0.1053257994364732,5.8434401308764246,-0.0901682990394927,5.042437363057583,-0.0818044506311488,1.1462999370968914,-0.1558341518657157
2024-07-25 00:00:00+00:00,7.051342648041564,-0.0995240200781625,3.2503589345879265,-0.0389082658045019,9.53136379416398,-0.0904836384328724,8.825051421134852,-0.2462670897259647,5.717006925495247,-0.0939395259295636,3.881129187802263,-0.099524020078163,2.377861667950559,-0.0995240200781626,3.641519346463384,-0.0995240200781627,5.881333645981128,-0.084268226388639,5.075053615107974,-0.0758652400245538,1.1521275817087608,-0.1515425189368481
2024-07-26 00:00:00+00:00,7.277247262798531,-0.0706753752886992,3.30242498211888,-0.0235129667248409,9.836721110281236,-0.0613453659746413,8.825051421134852,-0.2462670897259647,5.900163284720764,-0.0649119701068091,4.005469336587403,-0.0706753752886997,2.4540414752377457,-0.0706753752886995,3.7581830892643855,-0.0706753752886993,6.069754557837051,-0.0549308301133575,5.237643647817608,-0.0462586363809546,1.1722909807258406,-0.1366936540964373
2024-07-27 00:00:00+00:00,7.276015955981033,-0.0708326165785376,3.30214559774125,-0.0235955772984444,9.835056741691368,-0.0615041858976718,8.825051421134852,-0.2462670897259647,5.899164979865305,-0.0650701865620964,4.004791613057707,-0.0708326165785381,2.453626252573218,-0.0708326165785379,3.757547206451544,-0.0708326165785377,6.068727558217867,-0.0550907353728418,5.236757440973414,-0.0464200089715435,1.1720355074495057,-0.1368817914311904
2024-07-28 00:00:00+00:00,7.313885338328056,-0.0659965916000264,3.3107389141222843,-0.0210546378178064,9.886245129183786,-0.0566196093615103,8.825051421134852,-0.2462670897259647,5.929868284462521,-0.0602041699416123,4.025635298081565,-0.0659965916000268,2.466396608116352,-0.0659965916000266,3.7771040618390215,-0.0659965916000265,6.1003133828851634,-0.0501727788370268,5.264013121965678,-0.0414569240226927,1.1750423840015944,-0.1346674473379178
2024-07-29 00:00:00+00:00,7.156870678978254,-0.0860477983413944,3.2752014043890596,-0.0315626486393326,9.67400699043792,-0.0768721213741264,8.613532384867707,-0.2643325775260906,5.802565735187539,-0.080379728524913,3.9392128665344894,-0.0860477983413947,2.413447948774446,-0.0860477983413946,3.696017104611171,-0.0860477983413945,5.969351714300991,-0.0705636915562254,5.15100516669641,-0.0620349489143291,1.162426901046422,-0.1439578254700564
2024-07-30 00:00:00+00:00,7.092927383509793,-0.0942135342189987,3.2605702072839677,-0.0358889162553341,9.587574258158645,-0.0851198376380977,8.591998553905539,-0.2661717460822752,5.75072252159279,-0.0885961059579216,3.904017840169428,-0.094213534218999,2.39188491903583,-0.0942135342189988,3.6629949187456616,-0.0942135342189987,5.9160183459136215,-0.0788677706930054,5.104983342339419,-0.070415228381559,1.1572301202801771,-0.1477848734364161
2024-07-31 00:00:00+00:00,6.925752567557125,-0.1155622210900078,3.2221456475196373,-0.0472505927725404,9.361602543607251,-0.1066828559085478,8.591998553905539,-0.2661717460822752,5.615182436778553,-0.1100771912710545,3.8120031572863633,-0.1155622210900081,2.335510040301076,-0.115562221090008,3.5766609598219414,-0.1155622210900079,5.776582366285513,-0.1005781453488178,4.9846628308562275,-0.0923248229262614,1.1435858197182986,-0.1578329002950651
2024-08-01 00:00:00+00:00,7.0035552982481235,-0.1056265969604627,3.240244166605886,-0.0418990800796265,9.46676920014482,-0.0966474824952706,8.591998553905539,-0.2661717460822752,5.67826244471242,-0.1000799492460283,3.8548265547650575,-0.1056265969604631,2.3617467643132595,-0.105626596960463,3.616840562935916,-0.1056265969604628,5.841475513676283,-0.0904741926516299,5.0406596883863735,-0.0821281538036042,1.1500183522783871,-0.1530958117473758
2024-08-02 00:00:00+00:00,6.590366666119568,-0.158391929320515,3.1446618517709255,-0.0701616118713034,8.90825837958158,-0.1499425555178299,8.591998553905539,-0.2661717460822752,5.343262092393569,-0.1531725170864087,3.627403418453901,-0.1583919293205155,2.2224108308588986,-0.1583919293205153,3.403457882113736,-0.1583919293205152,5.496846082719679,-0.1441334711494949,4.743275974975715,-0.1362798234126196,1.1160579587553598,-0.1781051513395469
2024-08-03 00:00:00+00:00,6.5045995557352345,-0.1693446267886841,3.1241995183510887,-0.0762120758071119,8.792326198796927,-0.1610052132374275,8.591998553905539,-0.2661717460822752,5.329903937162586,-0.1552895857936927,3.5801963471086236,-0.1693446267886844,2.193488349803403,-0.1693446267886843,3.359165240648985,-0.1693446267886842,5.425310062248165,-0.1552717283623366,4.682194306199712,-0.1474024040973185,1.1052484638567694,-0.1860655516969627
2024-08-04 00:00:00+00:00,6.232727224758464,-0.2040634762148904,3.0589085347776495,-0.0955178281540852,8.4248339038612,-0.1960726245976517,8.591998553905539,-0.2661717460822752,5.329903937162586,-0.1552895857936927,3.4305551097191964,-0.2040634762148906,2.1018072577512985,-0.2040634762148905,3.21876242625803,-0.2040634762148904,5.198548725096425,-0.1905787818226246,4.486340979987068,-0.1830660404520379,1.073485345188841,-0.2094567594794641
2024-08-05 00:00:00+00:00,5.788836294700138,-0.2607495770291378,2.949981759587482,-0.1277261551034022,7.824822508798618,-0.253327828860265,8.591998553905539,-0.2661717460822752,5.329903937162586,-0.1552895857936927,3.186233122993938,-0.260749577029138,1.952117860990843,-0.2607495770291379,2.98952418182582,-0.2607495770291379,4.82831134018889,-0.2482252541274705,4.166826584706851,-0.2412475654928725,1.0277814331418398,-0.243114339339342
2024-08-06 00:00:00+00:00,6.003505904518335,-0.233335673477852,3.004679405285394,-0.1115527243475519,7.805260452526621,-0.2551945092881144,8.591998553905539,-0.2661717460822752,5.329903937162586,-0.1552895857936927,3.304389413219166,-0.2333356734778522,2.024508987325112,-0.2333356734778521,3.1003858398488955,-0.2333356734778521,4.995913498719996,-0.2221293665055095,4.307496372607628,-0.2156324980400894,1.0645291512903634,-0.2160523395485961
2024-08-07 00:00:00+00:00,5.9083609299391195,-0.2454859501691504,2.9808699720824205,-0.1185928851137223,7.662047696672523,-0.2688603757315058,8.591998553905539,-0.2661717460822752,5.329903937162586,-0.1552895857936927,3.2520206720667755,-0.2454859501691507,1.9924240923990533,-0.2454859501691505,3.0512501953422126,-0.2454859501691505,4.927899148803256,-0.232719294747863,4.244717662284101,-0.2270640991218381,1.0476637886569358,-0.2284724424298687
2024-08-08 00:00:00+00:00,6.6104769391719245,-0.1558237917703783,3.157984789005257,-0.0662221808395904,7.642892577430842,-0.270688224792177,8.591998553905539,-0.2661717460822752,5.329903937162586,-0.1552895857936927,3.6384723129345646,-0.1558237917703786,2.229192439668747,-0.1558237917703785,3.413843414634008,-0.1558237917703784,5.421818435306032,-0.1558153795008319,4.708199274324867,-0.1426670659513395,1.1719279261382514,-0.1369610171782389
2024-08-09 00:00:00+00:00,6.51960242383355,-0.1674287189925679,3.13627831156138,-0.0726405230810621,7.518718167756659,-0.2825373850724467,8.591998553905539,-0.2661717460822752,5.243308754996654,-0.1690136328043027,3.588454075059668,-0.1674287189925682,2.198547633792419,-0.1674287189925682,3.366913160039575,-0.167428718992568,5.37618728828693,-0.1629202121301245,4.658530384168728,-0.1517114527428501,1.1583314374482157,-0.1469738340992104
2024-08-10 00:00:00+00:00,6.528767032974751,-0.1662583730302546,3.1384826457381396,-0.0719887281872294,7.529287234514232,-0.2815288474329125,8.591998553905539,-0.2661717460822752,5.250679277341777,-0.1678455147563102,3.5934983671623346,-0.1662583730302549,2.2016381335548525,-0.1662583730302549,3.371646031941599,-0.1662583730302547,5.38034598976405,-0.162272696564983,4.663299460562337,-0.1508430344752691,1.1595075432806272,-0.1461077183947745
2024-08-11 00:00:00+00:00,6.291837453432395,-0.1965149363487494,3.0815347281680965,-0.0888275370565502,7.256048681244202,-0.3076022342196164,8.591998553905539,-0.2661717460822752,5.2375525791484225,-0.1699259009694195,3.4630899680086,-0.1965149363487496,2.121740475290595,-0.1965149363487496,3.363216916861745,-0.168342727097679,5.268246828197496,-0.1797266908834031,4.53931301267169,-0.1734201725611676,1.1257245467032282,-0.1709864181446002
2024-08-12 00:00:00+00:00,6.359784371416234,-0.187837926790696,3.0981738092782547,-0.083907562481001,7.334408325510328,-0.3001248804971346,8.591998553905539,-0.2661717460822752,5.2375525791484225,-0.1699259009694195,3.5004886280611687,-0.1878379267906962,2.144653611099422,-0.1878379267906962,3.363216916861745,-0.168342727097679,5.300466537075592,-0.1747100377002697,4.574413937988536,-0.1670285188659171,1.1328293792673658,-0.1657542299421417
2024-08-13 00:00:00+00:00,6.49272157073511,-0.1708614783609806,3.1305540383202675,-0.0743331212854532,7.487717878871376,-0.2854955420123525,8.591998553905539,-0.2661717460822752,5.2375525791484225,-0.1699259009694195,3.57365858592224,-0.1708614783609809,2.1894828423938133,-0.1708614783609808,3.363216916861745,-0.168342727097679,5.363107998839579,-0.1649566755658256,4.643477566020206,-0.1544524745214629,1.1462055009302845,-0.1559036971776349
2024-08-14 00:00:00+00:00,6.288708283800461,-0.1969145399747963,3.081370147379758,-0.0888762016005167,7.468998584174198,-0.2872818031573215,8.591998553905539,-0.2661717460822752,5.2375525791484225,-0.1699259009694195,3.461367641893097,-0.1969145399747965,2.1206852532014575,-0.1969145399747965,3.363216916861745,-0.168342727097679,5.268926216131857,-0.1796209092434636,4.537606527542945,-0.173730912573876,1.130052962443565,-0.167798857344612
2024-08-15 00:00:00+00:00,6.166292381552248,-0.2125473896372066,3.051379194569633,-0.0977441627785066,7.468998584174198,-0.2872818031573215,8.591998553905539,-0.2661717460822752,5.2375525791484225,-0.1699259009694195,3.393988710676551,-0.2125473896372068,2.0794040254930786,-0.2125473896372067,3.363216916861745,-0.168342727097679,5.2119626371522525,-0.1884902171845101,4.470045513864668,-0.1860333404681169,1.125422380664058,-0.1712089412753086
2024-08-16 00:00:00+00:00,6.309198986722455,-0.1942978204769722,3.086737738634744,-0.0872890699355146,7.468998584174198,-0.2872818031573215,8.591998553905539,-0.2661717460822752,5.2375525791484225,-0.1699259009694195,3.4726459287610916,-0.1942978204769724,2.1275951509981708,-0.1942978204769724,3.363216916861745,-0.168342727097679,5.2791777213464,-0.1780247357193319,4.548561372673728,-0.1717361054362004,1.1291081318022629,-0.1684946558296733
2024-08-17 00:00:00+00:00,6.375360563402595,-0.1858488039466564,3.1029223157907304,-0.0825034866694499,7.468998584174198,-0.2872818031573215,8.591998553905539,-0.2661717460822752,5.2375525791484225,-0.1699259009694195,3.509061919187486,-0.1858488039466567,2.149906232012305,-0.1858488039466568,3.363216916861745,-0.168342727097679,5.310902282989463,-0.1730851776447282,4.584378618981008,-0.1652140142762914,1.1301687130193738,-0.1677136155332521
2024-08-18 00:00:00+00:00,6.2612701813155125,-0.2004184616327791,3.075158114137,-0.0907130245244808,7.468998584174198,-0.2872818031573215,8.591998553905539,-0.2661717460822752,5.2375525791484225,-0.1699259009694195,3.4462654371460593,-0.2004184616327793,2.1114325455404024,-0.2004184616327793,3.363216916861745,-0.168342727097679,5.255953401796188,-0.1816407943571828,4.522778207380288,-0.176431054707067,1.1286518614240362,-0.16883066550598
2024-08-19 00:00:00+00:00,6.369628396155603,-0.1865808175753297,3.1017676225873196,-0.0828449154518286,7.468998584174198,-0.2872818031573215,8.591998553905539,-0.2661717460822752,5.2375525791484225,-0.1699259009694195,3.505906877272477,-0.1865808175753298,2.147973224151073,-0.1865808175753299,3.363216916861745,-0.168342727097679,5.30981286569836,-0.1732548014219588,4.582836892611219,-0.1654947527741963,1.1295011873872447,-0.1682051992131961
2024-08-20 00:00:00+00:00,6.324116124145926,-0.1923928607254049,3.0906862468013157,-0.086121543936797,7.468998584174198,-0.2872818031573215,8.591998553905539,-0.2661717460822752,5.2375525791484225,-0.1699259009694195,3.480856469695274,-0.192392860725405,2.1326255247929646,-0.1923928607254051,3.363216916861745,-0.168342727097679,5.283229404895306,-0.1773938829934563,4.557697047319303,-0.170072557592948,1.1291856508633586,-0.1684375687254707
2024-08-21 00:00:00+00:00,6.553684653619187,-0.1630763238820188,3.1467829631497386,-0.0695344249499476,7.468998584174198,-0.2872818031573215,8.591998553905539,-0.2661717460822752,5.2375525791484225,-0.1699259009694195,3.6072132736136,-0.1630763238820191,2.2100408815057544,-0.1630763238820192,3.363216916861745,-0.168342727097679,5.41484796266421,-0.1569006917207172,4.685130644824814,-0.1468677156395577,1.1300974929509735,-0.167766063891225
2024-08-22 00:00:00+00:00,6.470076884607576,-0.1737532674781039,3.126710628499993,-0.0754695709772347,7.468998584174198,-0.2872818031573215,8.591998553905539,-0.2661717460822752,5.2375525791484225,-0.1699259009694195,3.5611947252555627,-0.173753267478104,2.1818465759672496,-0.1737532674781041,3.363216916861745,-0.168342727097679,5.367788211098553,-0.1642279600514938,4.639905513542453,-0.1551029224003426,1.129894697329032,-0.1679154079962486
2024-08-23 00:00:00+00:00,6.8624447507159765,-0.1236468045873901,3.2215179081601173,-0.0474362076913248,7.468998584174198,-0.2872818031573215,8.591998553905539,-0.2661717460822752,5.2375525791484225,-0.1699259009694195,3.777157904683803,-0.1236468045873903,2.3141613073771397,-0.1236468045873904,3.363216916861745,-0.168342727097679,5.6890122591233645,-0.1142129320101268,4.852856913745981,-0.1163258362770197,1.133017035895765,-0.1656160345957547
2024-08-24 00:00:00+00:00,6.875279704374087,-0.1220077454678126,3.224530539559131,-0.0465454091075256,7.468998584174198,-0.2872818031573215,8.586588326717592,-0.2666338245551382,5.2375525791484225,-0.1699259009694195,3.7842223909459216,-0.1220077454678127,2.3184895248297432,-0.122007745467813,3.363216916861745,-0.168342727097679,5.69887232384761,-0.1126777063111009,4.858919082545094,-0.1152219541640464,1.1329478603388874,-0.1656669773209105
2024-08-25 00:00:00+00:00,6.882029923384893,-0.1211457238101173,3.2261134778747316,-0.0460773534369115,7.468998584174198,-0.2872818031573215,8.595018725807263,-0.2659137982417038,5.2375525791484225,-0.1699259009694195,3.7879377786861808,-0.1211457238101174,2.320765841247373,-0.1211457238101175,3.363216916861745,-0.168342727097679,5.704290978583941,-0.1118340142829026,4.862345632897561,-0.1145980012903082,1.1329264835398014,-0.1656827197659258
2024-08-26 00:00:00+00:00,6.733501529211559,-0.1401132109916679,3.191300387869014,-0.0563711621268558,7.468998584174198,-0.2872818031573215,8.409520501671965,-0.2817568919140332,5.2375525791484225,-0.1699259009694195,3.706186271970842,-0.1401132109916679,2.2706789297561105,-0.1401132109916681,3.363216916861745,-0.168342727097679,5.580734726705706,-0.1310718933905678,4.7856712486178035,-0.1285599156042188,1.120982350407052,-0.174478697982388
2024-08-27 00:00:00+00:00,6.367110057581959,-0.1869024163839633,3.104475929565196,-0.0820441019101601,7.468998584174198,-0.2872818031573215,7.951931448051052,-0.3208388091331489,5.2375525791484225,-0.1699259009694195,3.5045207586521245,-0.1869024163839633,2.147123987195775,-0.1869024163839633,3.363216916861745,-0.168342727097679,5.277069003838997,-0.1783530659483813,4.596671230676017,-0.162975608415037,1.0663324941302,-0.2147243097820386
2024-08-28 00:00:00+00:00,6.326377270695031,-0.1921041060504187,3.094545682145961,-0.0849803556917299,7.468998584174198,-0.2872818031573215,7.932051619430925,-0.322536712110316,5.2375525791484225,-0.1699259009694195,3.4957594567554944,-0.1889351603430034,2.133388031165596,-0.1921041060504187,3.363216916861745,-0.168342727097679,5.245586840443534,-0.1832548822809658,4.575756318789718,-0.1667840799193406,1.0603986436013992,-0.2190941555808907
2024-08-29 00:00:00+00:00,6.361109981976069,-0.1876686426518528,3.103040430176705,-0.0824685616773692,7.468998584174198,-0.2872818031573215,7.932051619430925,-0.322536712110316,5.2375525791484225,-0.1699259009694195,3.4957594567554944,-0.1889351603430034,2.1451006349775965,-0.1876686426518529,3.363216916861745,-0.168342727097679,5.271819536618718,-0.1791704152466012,4.593428658717338,-0.1635660600015613,1.0658099106666628,-0.2151091541830906
2024-08-30 00:00:00+00:00,6.335924452972738,-0.1908849044393045,3.096897499542416,-0.0842849517977114,7.468998584174198,-0.2872818031573215,7.932051619430925,-0.322536712110316,5.2375525791484225,-0.1699259009694195,3.4957594567554944,-0.1889351603430034,2.1366075426697493,-0.1908849044393045,3.363216916861745,-0.168342727097679,5.251744487384864,-0.1822961281455479,4.580614924352837,-0.1658993589633843,1.0616879887649315,-0.2181446474126641
2024-08-31 00:00:00+00:00,6.319849951438829,-0.1929376627922859,3.092969021229879,-0.0854465552114047,7.468998584174198,-0.2872818031573215,7.932051619430925,-0.322536712110316,5.2375525791484225,-0.1699259009694195,3.4957594567554944,-0.1889351603430034,2.131186881252946,-0.192937662792286,3.363216916861745,-0.168342727097679,5.238528781068734,-0.1843538318761748,4.572340551173775,-0.167406069325816,1.0590847575852769,-0.2200617362875255
2024-09-01 00:00:00+00:00,6.140658909772843,-0.2158208549574275,3.0491204848711457,-0.0984120358549422,7.468998584174198,-0.2872818031573215,7.932051619430925,-0.322536712110316,5.2375525791484225,-0.1699259009694195,3.4957594567554944,-0.1889351603430034,2.070759877420418,-0.2158208549574276,3.363216916861745,-0.168342727097679,5.093529989090887,-0.2069303440997435,4.480288023214337,-0.1841682451140058,1.0336546649155065,-0.2387891348086123
2024-09-02 00:00:00+00:00,6.336796762589311,-0.190773508086016,3.097816231831585,-0.0840132937972172,7.468998584174198,-0.2872818031573215,7.932051619430925,-0.322536712110316,5.2375525791484225,-0.1699259009694195,3.4957594567554944,-0.1889351603430034,2.1369017038959677,-0.1907735080860161,3.363216916861745,-0.168342727097679,5.248134921480357,-0.182858142543415,4.585046087750703,-0.165092472488154,1.0615029191153715,-0.2182809376388333
2024-09-03 00:00:00+00:00,6.160577360440229,-0.2132772136569696,3.0547427875668185,-0.096749589104691,7.468998584174198,-0.2872818031573215,7.691639791685004,-0.3430698850000815,5.2375525791484225,-0.1699259009694195,3.4957594567554944,-0.1889351603430034,2.0774767996706927,-0.2132772136569696,3.363216916861745,-0.168342727097679,5.113661426678813,-0.2037958514561685,4.49253371613791,-0.1819383828605372,1.0352758483654338,-0.237595252075394
2024-09-04 00:00:00+00:00,6.212355473147825,-0.2066650053009019,3.0675799623227933,-0.0929537921491295,7.468998584174198,-0.2872818031573215,7.756286101395761,-0.3375485516013805,5.2375525791484225,-0.1699259009694195,3.4957594567554944,-0.1889351603430034,2.0949374728490713,-0.206665005300902,3.363216916861745,-0.168342727097679,5.15153162514305,-0.1978994092384469,4.520150816740075,-0.1769094857154463,1.0431158818838038,-0.2318216422807382
2024-09-05 00:00:00+00:00,6.02043664116729,-0.2311735715299343,3.020196456507601,-0.1069645204079638,7.219585672015584,-0.3110816632081215,7.736895386142272,-0.339204680222377,5.2375525791484225,-0.1699259009694195,3.4957594567554944,-0.1889351603430034,2.0302183893067185,-0.2311735715299343,3.363216916861745,-0.168342727097679,4.99955544644138,-0.2215623102140199,4.408772297151674,-0.1971908008053673,1.0158308626275734,-0.251915058215253
2024-09-06 00:00:00+00:00,5.782852293595786,-0.2615137505386739,2.9606034861447403,-0.1245854393232356,6.934679334841702,-0.3382684311009248,7.412232229593275,-0.3669336184649785,5.2375525791484225,-0.1699259009694195,3.4957594567554944,-0.1889351603430034,1.9500999294340828,-0.2615137505386739,3.363216916861745,-0.168342727097679,4.817564571557458,-0.2498985408498072,4.270396427021047,-0.2223881605236725,0.979926336955696,-0.2783561085763136
2024-09-07 00:00:00+00:00,5.804058847652756,-0.2588056148688635,2.9660319663032,-0.1229803035476073,6.917342636504598,-0.3399227600231725,7.393701649019293,-0.368516284418816,5.2375525791484225,-0.1699259009694195,3.4957594567554944,-0.1889351603430034,1.9572512273525575,-0.2588056148688635,3.363216916861745,-0.168342727097679,4.834274387943164,-0.2472967993543117,4.282423919368866,-0.2201980311975763,0.9832323265047738,-0.2759214896940268
2024-09-08 00:00:00+00:00,5.880047302937294,-0.2491016787320917,2.9854480502334213,-0.1172392029026266,6.917342636504598,-0.3399227600231725,7.393701649019293,-0.368516284418816,5.2375525791484225,-0.1699259009694195,3.4957594567554944,-0.1889351603430034,1.9828761393794976,-0.2491016787320917,3.363216916861745,-0.168342727097679,4.897566138217193,-0.237442186400495,4.336125086654516,-0.2104193925656238,0.9957970172631696,-0.2666685162903393
2024-09-09 00:00:00+00:00,6.112811443315498,-0.2193770535281327,3.0445381572729713,-0.0997669745760531,6.917342636504598,-0.3399227600231725,7.393701649019293,-0.368516284418816,5.2375525791484225,-0.1699259009694195,3.4957594567554944,-0.1889351603430034,2.061369123581948,-0.2193770535281329,3.363216916861745,-0.168342727097679,5.091438349336661,-0.2072560152990304,4.5077724181076695,-0.1791635128285756,1.0342032357895357,-0.2383851525853302
2024-09-10 00:00:00+00:00,6.176465397756347,-0.2112482673008823,3.0603898561969096,-0.0950798193678593,6.917342636504598,-0.3399227600231725,7.393701649019293,-0.368516284418816,5.2375525791484225,-0.1699259009694195,3.4957594567554944,-0.1889351603430034,2.0828345814150615,-0.2112482673008824,3.363216916861745,-0.168342727097679,5.142747353535276,-0.1992671324630538,4.554418864697139,-0.1706694936532236,1.0448766598616153,-0.2305249584138788
2024-09-11 00:00:00+00:00,6.144531793009081,-0.2153262770449155,3.052478431640412,-0.0974191317022754,6.917342636504598,-0.3399227600231725,7.393701649019293,-0.368516284418816,5.2375525791484225,-0.1699259009694195,3.4957594567554944,-0.1889351603430034,2.07206589544444,-0.2153262770449157,3.363216916861745,-0.168342727097679,5.115824052027637,-0.2034591277017375,4.530814086728596,-0.1749677725437745,1.039510229474773,-0.2344769408857925
2024-09-12 00:00:00+00:00,6.2296537800651866,-0.2044559636119797,3.07362186764987,-0.0911672739874419,6.917342636504598,-0.3399227600231725,7.393701649019293,-0.368516284418816,5.2375525791484225,-0.1699259009694195,3.4957594567554944,-0.1889351603430034,2.100770827288408,-0.2044559636119797,3.363216916861745,-0.168342727097679,5.186695051382456,-0.1924244151954772,4.593580772789677,-0.1635383610032076,1.053705159745013,-0.2240234156233446
2024-09-13 00:00:00+00:00,6.4831679586567965,-0.1720815010754351,3.13616199833674,-0.072674915491571,6.917342636504598,-0.3399227600231725,7.393701649019293,-0.368516284418816,5.2375525791484225,-0.1699259009694195,3.4957594567554944,-0.1889351603430034,2.186261162625096,-0.1720815010754351,3.363216916861745,-0.168342727097679,5.397766289364261,-0.1595603318514723,4.780515375822432,-0.1294987670193113,1.08846972810106,-0.1984218602349455
2024-09-14 00:00:00+00:00,6.429053685059604,-0.1789920436454696,3.1230734026451463,-0.0765450545699224,6.842310999124621,-0.3470825435867845,7.393701649019293,-0.368516284418816,5.2375525791484225,-0.1699259009694195,3.4957594567554944,-0.1889351603430034,2.1680126866541416,-0.1789920436454696,3.363216916861745,-0.168342727097679,5.352711741393414,-0.1665753872123927,4.740612951786447,-0.1367647428799721,1.0805578212027438,-0.2042483995036221
2024-09-15 00:00:00+00:00,6.336782831354651,-0.1907752871432548,3.1006619667510136,-0.0831718444792141,6.744109007333636,-0.3564533241173806,7.393701649019293,-0.368516284418816,5.2375525791484225,-0.1699259009694195,3.4957594567554944,-0.1889351603430034,2.1368970059894075,-0.1907752871432549,3.363216916861745,-0.168342727097679,5.27605558559161,-0.1785108565695141,4.672574881866046,-0.1491540396605825,1.068295596001957,-0.2132786292032344
2024-09-16 00:00:00+00:00,6.238405810333683,-0.2033383051140596,3.0765934531534938,-0.090288612177327,6.63940834593503,-0.3664442306303855,7.393701649019293,-0.368516284418816,5.2375525791484225,-0.1699259009694195,3.4957594567554944,-0.1889351603430034,2.1037221967411437,-0.2033383051140596,3.363216916861745,-0.168342727097679,5.194111406841949,-0.1912696784049035,4.600034286802428,-0.162363217433213,1.0566456847755652,-0.2218579345602797
2024-09-17 00:00:00+00:00,6.46344883180843,-0.1745996881723164,3.1320856660358465,-0.0738802375372482,6.622809825070193,-0.3680281200538096,7.393701649019293,-0.368516284418816,5.2375525791484225,-0.1699259009694195,3.4957594567554944,-0.1889351603430034,2.1796114565763895,-0.1745996881723163,3.363216916861745,-0.168342727097679,5.38148275785857,-0.1620957002022464,4.765975016896433,-0.1321464732555634,1.0757553104785489,-0.2077850964949275
2024-09-18 00:00:00+00:00,6.618407026595327,-0.1548110976495731,3.169630818272399,-0.0627785911653109,6.765031601363695,-0.3544568163764404,7.393701649019293,-0.368516284418816,5.2375525791484225,-0.1699259009694195,3.4957594567554944,-0.1889351603430034,2.231866632634373,-0.1548110976495731,3.363216916861745,-0.168342727097679,5.510501316701443,-0.142007332354131,4.880237062475447,-0.1113400865503819,1.0888163425467166,-0.1981666041121594
2024-09-19 00:00:00+00:00,6.745717078743899,-0.1385532514939582,3.200115938267622,-0.0537645107412726,6.895162087822973,-0.3420393062352505,7.393701649019293,-0.368516284418816,5.2375525791484225,-0.1699259009694195,3.4957594567554944,-0.1889351603430034,2.274798271055455,-0.1385532514939582,3.363216916861745,-0.168342727097679,5.616499966705133,-0.1255031961137706,4.973845360606449,-0.0942946149779278,1.099388047292373,-0.1903813187657747
2024-09-20 00:00:00+00:00,6.7728358344650434,-0.1350901113019211,3.206548402110694,-0.0518625091609853,6.922881634037944,-0.3393942093359831,7.393701649019293,-0.368516284418816,5.2375525791484225,-0.1699259009694195,3.4957594567554944,-0.1889351603430034,2.2839432882430306,-0.135090111301921,3.363216916861745,-0.168342727097679,5.6390791067471655,-0.1219875928166445,4.993621167132784,-0.0906935672642385,1.1024217925666926,-0.1881471878288008
2024-09-21 00:00:00+00:00,6.788686364610915,-0.1330659547153243,3.210300559504884,-0.0507530417053813,6.93908331775191,-0.3378481875136064,7.393701649019293,-0.368516284418816,5.2375525791484225,-0.1699259009694195,3.4957594567554944,-0.1889351603430034,2.2892884217774263,-0.1330659547153243,3.363216916861745,-0.168342727097679,5.652276295570436,-0.1199327722852373,5.005211147296074,-0.0885831061048849,1.1049466938033636,-0.1862877832131922
2024-09-22 00:00:00+00:00,6.8133125009608655,-0.1299211289185564,3.216123283891947,-0.0490313326906154,6.964255022960952,-0.3354462145923561,7.393701649019293,-0.368516284418816,5.243458055901354,-0.16898997083393,3.4957594567554944,-0.1889351603430034,2.297592875067969,-0.1299211289185563,3.363216916861745,-0.168342727097679,5.672780074838826,-0.1167403055276322,5.023367680910022,-0.0852769176178585,1.1086457978676911,-0.1835636643166071
2024-09-23 00:00:00+00:00,6.787725109419187,-0.1331887096648327,3.2100842092348216,-0.0508170138575135,6.9468443854035495,-0.3371075990558752,7.393701649019293,-0.368516284418816,5.223766251908833,-0.172110828564782,3.4957594567554944,-0.1889351603430034,2.288964266224702,-0.1331887096648325,3.363216916861745,-0.168342727097679,5.651475952228236,-0.1200573868492744,5.004502426205922,-0.0887121596763758,1.1048755239276542,-0.1863401946079289
2024-09-24 00:00:00+00:00,6.886605798154884,-0.1205613719323013,3.2334657790827412,-0.0439033670986213,6.9468443854035495,-0.3371075990558752,7.393701649019293,-0.368516284418816,5.299863854044526,-0.1600504916847953,3.4957594567554944,-0.1889351603430034,2.3223089228640252,-0.1205613719323012,3.363216916861745,-0.168342727097679,5.733804247131354,-0.107238757598144,5.0774058863056855,-0.0754369065046433,1.1133739009938672,-0.1800817630651047
2024-09-25 00:00:00+00:00,6.767580544096891,-0.1357612264327892,3.2055228346828843,-0.0521657570168571,6.8094108814869925,-0.350221988889169,7.393701649019293,-0.368516284418816,5.208263193256095,-0.1745678325277821,3.4957594567554944,-0.1889351603430034,2.282171093337164,-0.1357612264327891,3.363216916861745,-0.168342727097679,5.6347035395786635,-0.1226688746695292,4.989650097273155,-0.0914166736528387,1.1033595510629617,-0.1874565974599722
2024-09-26 00:00:00+00:00,6.984262681507133,-0.1080903175357103,3.256839515349676,-0.0369920366346629,7.027432328692695,-0.3294176131787858,7.393701649019293,-0.368516284418816,5.375019627635617,-0.1481394206057313,3.4957594567554944,-0.1889351603430034,2.3552408864808165,-0.1080903175357099,3.363216916861745,-0.168342727097679,5.8151135987827525,-0.0945787792189538,5.1494070504356015,-0.062325955650238,1.1210558716647947,-0.1744245549672052
2024-09-27 00:00:00+00:00,7.048127747734794,-0.0999345717487573,3.271730011370924,-0.0325890974725281,7.091692144159075,-0.3232857148670518,7.393701649019293,-0.368516284418816,5.424169552280183,-0.1403498893694851,3.4957594567554944,-0.1889351603430034,2.3767775356672036,-0.099934571748757,3.363216916861745,-0.168342727097679,5.868287803712212,-0.0862994820524511,5.196493942396299,-0.0537517341936311,1.1261791392896168,-0.1706516440389537
2024-09-28 00:00:00+00:00,7.0575634801352,-0.098729602595557,3.273920037572109,-0.031941533273623,7.101186198712761,-0.3223797586848447,7.393701649019293,-0.368516284418816,5.431431198808397,-0.1391990265173616,3.4957594567554944,-0.1889351603430034,2.3799594639188673,-0.0987296025955567,3.363216916861745,-0.168342727097679,5.876144016786981,-0.0850762588235254,5.203450786542113,-0.0524849374299989,1.126932810300601,-0.1700966206043251
2024-09-29 00:00:00+00:00,7.030130735817429,-0.1022328400007555,3.267557175122459,-0.0338229545656246,7.073583892918348,-0.3250136680895376,7.393701649019293,-0.368516284418816,5.410319229532335,-0.1425449593000426,3.4957594567554944,-0.1889351603430034,2.3707085631449507,-0.1022328400007552,3.363216916861745,-0.168342727097679,5.853303449098055,-0.0886325667664292,5.183224976969291,-0.0561679278163953,1.1247422112065688,-0.1717098362054876
2024-09-30 00:00:00+00:00,6.786396283959051,-0.1333584043553457,3.2109141134979597,-0.050571621227491,6.82834292122051,-0.3484154268622305,7.1188779488254665,-0.391988517890826,5.222743600949721,-0.1722729035149958,3.3658221676277225,-0.2190824195796826,2.288516158214246,-0.1333584043553456,3.363216916861745,-0.168342727097679,5.65036956901271,-0.1202296522443757,5.003522700284194,-0.0888905614920377,1.1052434839767211,-0.186069219013455
2024-10-01 00:00:00+00:00,6.5161506925375114,-0.1678695146362303,3.146982142294253,-0.0694755300914814,6.556426944911241,-0.3743626086890544,7.101080753953403,-0.3935085465960989,5.014765261014299,-0.2052343736923205,3.357407612208654,-0.2210347135307334,2.1973836370975217,-0.1678695146362302,3.363216916861745,-0.168342727097679,5.425362451533078,-0.155263571278301,4.804274101359086,-0.1251724552625692,1.0831921791587171,-0.2023083880404568
2024-10-02 00:00:00+00:00,6.499379629270464,-0.1700112258511745,3.1429323405708884,-0.0706730073670026,6.539552219895319,-0.3759728544870717,7.101080753953403,-0.3935085465960989,5.001858416248082,-0.2072799164107456,3.357407612208654,-0.2210347135307334,2.191728080352657,-0.1700112258511744,3.363216916861745,-0.168342727097679,5.411398824659696,-0.1574377272729277,4.791909012105027,-0.127424058823142,1.081734111255414,-0.2033821481344744
2024-10-03 00:00:00+00:00,6.510463533894814,-0.1685957805415152,3.145612285757255,-0.0698805800632653,6.550704634006481,-0.374908651784906,7.101080753953403,-0.3935085465960989,5.010388479853001,-0.2059280283381149,3.357407612208654,-0.2210347135307334,2.1954658070882567,-0.1685957805415151,3.363216916861745,-0.168342727097679,5.42062730981953,-0.1560008393845938,4.800081032434403,-0.125935986259116,1.0826409605836878,-0.202714320101376
2024-10-04 00:00:00+00:00,6.653343348229131,-0.1503496326452024,3.1801293748260164,-0.0596742952620816,6.694467586827424,-0.3611902836057467,7.239169659108575,-0.381714603717772,5.12034737479453,-0.1885011807275791,3.357407612208654,-0.2210347135307334,2.243647898157654,-0.1503496326452024,3.363216916861745,-0.168342727097679,5.539589380579982,-0.1374782806237269,4.90542448196504,-0.1067536187749236,1.0945234623089508,-0.1939637288972382
2024-10-05 00:00:00+00:00,6.650342774609468,-0.1507328142044256,3.179412275781988,-0.0598863327563046,6.691448466696781,-0.3614783787005995,7.235904885239184,-0.3819934426040893,5.118038162951374,-0.1888671564216103,3.357407612208654,-0.2210347135307334,2.242636041359851,-0.1507328142044255,3.363216916861745,-0.168342727097679,5.53709109589976,-0.1378672669997623,4.903212197625656,-0.1071564615844828,1.094275065137089,-0.1941466551999212
2024-10-06 00:00:00+00:00,6.731991597700813,-0.1403060334262905,3.1989297111411767,-0.0541152637224198,6.773601960223175,-0.3536390024963354,7.324742880197329,-0.3744059377514431,5.180874291359222,-0.1789085656702034,3.357407612208654,-0.2210347135307334,2.270169748960362,-0.1403060334262904,3.363216916861745,-0.168342727097679,5.605072098782177,-0.127282530936721,4.9634108248049555,-0.0961946771190769,1.100997659747886,-0.1891959572214682
2024-10-07 00:00:00+00:00,6.668131889640329,-0.1484610949604592,3.1837571790238424,-0.0586015975391601,6.709347536042743,-0.3597703863525429,7.255260330322004,-0.3803403263494933,5.131728490307233,-0.1866974433784247,3.357407612208654,-0.2210347135307334,2.2486349066611138,-0.148461094960459,3.363216916861745,-0.168342727097679,5.55190235507536,-0.1355611334846951,4.9163278833520065,-0.1047681792135238,1.09577154692392,-0.1930446060974873
2024-10-08 00:00:00+00:00,6.661325945690872,-0.1493302328471116,3.1821324006550475,-0.0590820248062941,6.702499524632128,-0.3604238477623325,7.247855123591824,-0.380972792694851,5.126490703015843,-0.1875275546758508,3.357407612208654,-0.2210347135307334,2.2463397986172393,-0.1493302328471114,3.363216916861745,-0.168342727097679,5.5462357100739,-0.1364434379397668,4.911309948409353,-0.1056819130290636,1.095211530252617,-0.1934570173111675
2024-10-09 00:00:00+00:00,6.497958643334869,-0.1701926896895779,3.143111912071169,-0.070619910251241,6.538122450862023,-0.3761092880927056,7.0701033442821375,-0.3961542754457187,5.000764839496645,-0.2074532320429902,3.357407612208654,-0.2210347135307334,2.1912488938834125,-0.1701926896895776,3.363216916861745,-0.168342727097679,5.4102157084147064,-0.1576219401067214,4.790861337450019,-0.1276148336679546,1.0817801846675326,-0.2033482184449063
2024-10-10 00:00:00+00:00,6.464777657268571,-0.1744299934818026,3.135086964677404,-0.0729927899124465,6.5047363735030475,-0.3792951053862524,7.0524280859214326,-0.3976638897571043,4.975229080103905,-0.2115002696909514,3.357407612208654,-0.2210347135307334,2.1800595645868475,-0.1744299934818023,3.363216916861745,-0.168342727097679,5.3825891410740985,-0.1619234348071446,4.766397423164176,-0.1320695557795211,1.07901733960774,-0.2053828512383706
2024-10-11 00:00:00+00:00,6.701995506205102,-0.144136617363511,3.192606234899603,-0.0559850389901561,6.74342046323144,-0.3565190274249169,7.293578045622001,-0.3770676742492516,5.157789595394291,-0.1825671462600713,3.357407612208654,-0.2210347135307334,2.26005443337918,-0.1441366173635108,3.363216916861745,-0.168342727097679,5.580097282180719,-0.1311711443837238,4.94129509232506,-0.1002218103627824,1.0988163258717252,-0.1908023496690651
2024-10-12 00:00:00+00:00,6.773389868951249,-0.1350193595640213,3.2096111767433415,-0.0509568838308662,6.815256113711358,-0.3496642162073126,7.37127436102901,-0.3704317616483294,5.212733992328151,-0.1738592774430164,3.357407612208654,-0.2210347135307334,2.284130120373198,-0.1350193595640211,3.363216916861745,-0.168342727097679,5.639540397168479,-0.1219157692607835,4.993933237774513,-0.0906367411990455,1.1046783308860757,-0.1864854128233394
2024-10-13 00:00:00+00:00,6.7373615528465765,-0.1396202752858376,3.2010750605381553,-0.05348090991292,6.779005106999838,-0.3531234151676539,7.332065839459803,-0.3737804960250069,5.185006955839958,-0.1782535998834924,3.357407612208654,-0.2210347135307334,2.2719806112510024,-0.1396202752858375,3.363216916861745,-0.168342727097679,5.609543136115246,-0.1265863842473232,4.967370023670904,-0.0954737323623975,1.1017360843786843,-0.1886521616278645
2024-10-14 00:00:00+00:00,7.081781324146194,-0.0956369168609543,3.2828959285155936,-0.0292874711326622,7.125553732938629,-0.3200545225960655,7.706887410155162,-0.3417676113593029,5.172044438450358,-0.1803079658837836,3.357407612208654,-0.2210347135307334,2.3881262324094243,-0.0956369168609541,3.363216916861745,-0.168342727097679,5.896307850889956,-0.0819367219978022,5.221306291465596,-0.0492335643395588,1.129922894236176,-0.1678946430417515
2024-10-15 00:00:00+00:00,7.187889108771536,-0.0820866589729225,3.3074900806212675,-0.0220152784997872,7.232317368558529,-0.3098667598043287,7.822361287703492,-0.331905180237747,5.236608131840486,-0.1700755818053387,3.3993188212556635,-0.2113107298110144,2.4239080184217423,-0.0820866589729223,3.363216916861745,-0.168342727097679,5.984653442894293,-0.0681811912752494,5.2995381964170765,-0.0349880354865163,1.138997157501321,-0.161212113541824
2024-10-16 00:00:00+00:00,7.246386363120307,-0.0746163976253085,3.3209487668624083,-0.0180357081323899,7.291176193762625,-0.3042502430390655,7.886022071965783,-0.3264680189224679,5.279225260899878,-0.1633214013990015,3.4269835242985773,-0.2048921337333299,2.443634528072345,-0.0746163976253083,3.363216916861745,-0.168342727097679,6.033358394979742,-0.0605977629507329,5.342667469714925,-0.0271344710417247,1.143708141924364,-0.157742818959904
2024-10-17 00:00:00+00:00,7.225143373526528,-0.077329186214052,3.316081038551993,-0.0194750363843149,7.269801901494856,-0.3062898534195188,7.862903971934067,-0.3284424972552718,5.263749060534511,-0.165774148723361,3.4169372237431404,-0.2072230152627771,2.436470943321326,-0.0773291862140519,3.363216916861745,-0.168342727097679,6.015671431688303,-0.0633516475693578,5.327005286693634,-0.0299864542609727,1.141983130298672,-0.1590131635310916
2024-10-18 00:00:00+00:00,7.332973273082872,-0.0635590094811372,3.3408260620637704,-0.012158232905607,7.378298296418309,-0.2959367446215575,7.980251974829267,-0.3184200002163061,5.342306606474281,-0.1533239473778672,3.467932474436237,-0.1953914074710177,2.472833462860098,-0.0635590094811371,3.363216916861745,-0.168342727097679,6.105450860650182,-0.0493728664517018,5.406506884835612,-0.0155097224097294,1.1505349541302774,-0.1527153723646842
2024-10-19 00:00:00+00:00,7.327615105904901,-0.0642432622654645,3.339605499552056,-0.0125191384439445,7.372907010470731,-0.2964512001480806,7.974420844316298,-0.3189180273395477,5.338403009550161,-0.1539426093675659,3.4653984733881016,-0.1959793309764022,2.4710265757211634,-0.0642432622654644,3.363216916861745,-0.168342727097679,6.100989638006928,-0.0500674849803365,5.402556377086712,-0.0162290845696568,1.1501104457191669,-0.153027991681242
2024-10-20 00:00:00+00:00,7.397698860959316,-0.0552933726970212,3.355576050026273,-0.0077968402731218,7.443423952407871,-0.2897222247522638,8.050690865199835,-0.3124039321729706,5.389461276598272,-0.1458506342747041,3.4985427002975036,-0.1882894091106742,2.4946602981209978,-0.0552933726970211,3.363216916861745,-0.168342727097679,6.159341537936148,-0.0409820135495004,5.454228228340784,-0.006819971390238,1.1556292675314006,-0.1489637840990404
2024-10-21 00:00:00+00:00,7.220398180673718,-0.0779351604798522,3.315364497244671,-0.019686908962555,7.26502737865968,-0.3067454552338077,7.857739922751782,-0.3288835500756146,5.2602920350985105,-0.1663220357814382,3.414693112414911,-0.2077436803191457,2.434870764071085,-0.0779351604798521,3.363216916861745,-0.168342727097679,6.011720572915437,-0.0639668017383169,5.323506717031208,-0.0306235213898045,1.141766326993375,-0.1591728232677549
2024-10-22 00:00:00+00:00,7.225595602836349,-0.0772714352790547,3.316557738149397,-0.0193340820921954,7.270256926028832,-0.3062464333730802,7.863396119349362,-0.3284004637660702,5.2640785241149075,-0.1657219336514304,3.4171510934316025,-0.2071733945189227,2.4366234445958517,-0.0772714352790547,3.363216916861745,-0.168342727097679,6.016047958879393,-0.0632930217655411,5.327338709547642,-0.0299257400946747,1.142176690211019,-0.1588706208489512
2024-10-23 00:00:00+00:00,7.144435444591635,-0.0876358122032592,3.297931429284957,-0.0248416558243423,7.188595117780858,-0.3140388912333254,7.775071985469417,-0.3359440806018126,5.204950741505256,-0.1750928068093974,3.378768579555495,-0.2160786718549814,2.409254525102412,-0.0876358122032591,3.363216916861745,-0.168342727097679,5.948473819502042,-0.0738144086187708,5.267500368675043,-0.0408219187310954,1.1357610863337002,-0.1635952426631218
2024-10-24 00:00:00+00:00,7.308355709800406,-0.0667027404734502,3.3357649151300817,-0.0136547526996998,7.353528572260754,-0.2983003590926151,7.953461428800481,-0.3207081360313278,5.324371920766103,-0.1561663280233391,3.4562902600206833,-0.1980925632241562,2.464531900588977,-0.0667027404734502,3.363216916861745,-0.168342727097679,6.08495421933802,-0.052564221819661,5.388356672034064,-0.0188147599172997,1.1487929535314128,-0.1539982280688512
2024-10-25 00:00:00+00:00,7.1476160526284795,-0.0872296397504823,3.299081581001645,-0.0245015699045331,7.191795385119342,-0.3137335104327813,7.778533344541916,-0.3356484517014562,5.207267916639414,-0.1747255690523121,3.3802727625776687,-0.2157296804621851,2.4103270933080836,-0.0872296397504824,3.363216916861745,-0.168342727097679,5.951122001263077,-0.0734020830601731,5.269845390074791,-0.0403949053529623,1.1361564911328943,-0.1633040560226396
2024-10-26 00:00:00+00:00,7.189884490228613,-0.0818318432360388,3.3088363735728716,-0.0216171959945525,7.23432508344541,-0.3096751765662513,7.824532800706525,-0.3317197149370516,5.194249746847816,-0.1767887551296812,3.4002624832459896,-0.2110917870976091,2.424580903192281,-0.0818318432360389,3.363216916861745,-0.168342727097679,5.986314802206641,-0.0679225153351857,5.301009365502769,-0.0347201450181589,1.1395177043862716,-0.1608287689315635
2024-10-27 00:00:00+00:00,7.289432806594687,-0.0691192476065801,3.3317427979088716,-0.0148440440035417,7.334488706808286,-0.300117210230084,7.93286820828088,-0.3224669686197682,5.194249746847816,-0.1767887551296812,3.447341181919089,-0.2001688738757718,2.458150697969117,-0.0691192476065801,3.363216916861745,-0.168342727097679,6.0691989654511085,-0.0550173366153873,5.374405058868047,-0.0213552593212993,1.14740909701737,-0.1550173369164288
2024-10-28 00:00:00+00:00,7.497384346405147,-0.0425632601962836,3.379266457393787,-0.0007918740035954,7.543725592691007,-0.2801510883546173,8.159175549715323,-0.3031384363613321,5.329444682158794,-0.1553623708736966,3.545686269397436,-0.177351445047099,2.52827634920859,-0.0425632601962836,3.363216916861745,-0.168342727097679,6.242339908480283,-0.0280590525953688,5.527725054704436,0.0,1.1637821634385306,-0.142959774096542
2024-10-29 00:00:00+00:00,7.794677965741079,-0.0045980418601152,3.4462654472682233,0.0,7.842856780463652,-0.2516069350299049,8.482711161323014,-0.2755057998499637,5.540773036876172,-0.121869973233621,3.686283290352392,-0.1447309796896455,2.628530036602655,-0.0045980418601152,3.4881704422348627,-0.1374441824244721,6.489867277863055,0.0,5.746915816745994,0.0,1.186881865000586,-0.1259485377440679
2024-10-30 00:00:00+00:00,7.752704227335733,-0.0099582044714209,3.436986510730063,-0.0026924613556729,7.800623602864701,-0.2556369738424761,8.437032417336619,-0.2794071451225899,5.510936402311485,-0.12659863555827,3.6664329397417186,-0.1493365372614252,2.614375605511099,-0.0099582044714208,3.469386913999427,-0.1420889788363381,6.45491984416487,-0.0053849227113458,5.715969119244206,-0.0053849227113458,1.1836787821499923,-0.1283073733888328
2024-10-31 00:00:00+00:00,7.532726817111037,-0.0380499288308614,3.3882254997694115,-0.0168414036547355,7.579286514801235,-0.276757739701671,8.197637686578869,-0.2998534494564296,5.354567542859963,-0.1513807715204765,3.5624005403109367,-0.173473501605583,2.5401945767770013,-0.0380499288308613,3.3709455539230193,-0.1664315874416533,6.271766133035179,-0.0336064106536999,5.553782603816185,-0.0336064106536999,1.166872319482123,-0.1406841007644707
2024-11-01 00:00:00+00:00,7.447424795637751,-0.0489432331573508,3.3690410469573746,-0.022408140490763,7.493457242515782,-0.2849478716839188,8.104806088812397,-0.3077820412584379,5.293931408481154,-0.1609906959751862,3.5220592436246205,-0.1828332438113039,2.511428933525165,-0.0489432331573507,3.332772329670039,-0.1758710736136441,6.200743468554593,-0.044550034219446,5.490890520453685,-0.0445500342194459,1.1602450101943254,-0.1455646280895882
2024-11-02 00:00:00+00:00,7.434429096964305,-0.0506028198604577,3.3661015716712073,-0.023261085608063,7.480381217578527,-0.2861956321179476,8.090663264866244,-0.3089899562431482,5.284693539114174,-0.1624547607221993,3.5159132774824737,-0.1842591934812631,2.5070465094583945,-0.0506028198604576,3.3269566677288855,-0.1773091722167562,6.189923219155649,-0.0462172870207246,5.481308958959502,-0.0462172870207245,1.1592296943445874,-0.1463123337621444
2024-11-03 00:00:00+00:00,7.370265045008112,-0.0587967469527762,3.351575727566868,-0.0274760378009806,7.415820568356272,-0.2923562370480616,8.020835476973437,-0.3149538310439678,5.239083130245692,-0.1696833314097087,3.485568614931052,-0.1912995774582423,2.485409035969655,-0.058796746952776,3.298242825993368,-0.1844095394849466,6.136500078002696,-0.0544490641689537,5.434001628666416,-0.0544490641689537,1.1542190887340045,-0.1500022773781554
2024-11-04 00:00:00+00:00,7.271033932138974,-0.0714688348174028,3.329013405365382,-0.0340229282093705,7.315976109121493,-0.3018837476170587,7.91284527232545,-0.3241770941555553,5.168545633119952,-0.1808624744330406,3.4386399291200025,-0.2021876856085608,2.451946208911445,-0.0714688348174024,3.2538362403227965,-0.195390413109997,6.053880019138709,-0.0671796879747447,5.360839805359873,-0.0671796879747446,1.1464460619522845,-0.1557265416247182
2024-11-05 00:00:00+00:00,7.434136541036386,-0.0506401800624822,3.3663513394568145,-0.0231886106958925,7.480086853365789,-0.2862237213896959,8.090344885140235,-0.3090171485240772,5.284485578502547,-0.1624877193827036,3.515774921025245,-0.1842912941046574,2.5069478534206087,-0.0506401800624819,3.3268257469974643,-0.1773415463339041,6.189679636399327,-0.0462548198000394,5.481093261236412,-0.0462548198000394,1.1593063577093303,-0.1462558768155595
2024-11-06 00:00:00+00:00,8.098547127837818,0.0,3.516781685770879,0.0,8.14860415435117,-0.2224314418830428,8.813402736296226,-0.2472619844529525,5.756775553912,-0.0876367904622119,3.829990037393621,-0.1113890146063839,2.7310011358936226,0.0,3.624153921499967,-0.1038181474939291,6.74286945967363,0.0,5.9709546418970065,0.0,1.211125549355552,-0.1080948419502421
2024-11-07 00:00:00+00:00,8.12918512776145,0.0,3.523433938040284,0.0,8.179431527399425,-0.2194897851823839,8.846745140569384,-0.2444142653622564,5.778554286096549,-0.0841851856863308,3.844479455386859,-0.1080272680025955,2.7413329165540494,0.0,3.637864631065202,-0.1004277591816525,6.762363729678236,0.0,5.993543645205221,0.0,1.2141514697188078,-0.1058664734864839
2024-11-08 00:00:00+00:00,8.19904383979439,0.0,3.538573374095446,0.0,8.249722035326766,-0.2127824169186812,8.922770253971375,-0.2379210873348554,5.828212690167153,-0.0763150680320836,3.8775172542522394,-0.1003620389240937,2.7648907496940485,0.0,3.669126871213789,-0.092697223200925,6.812488506288544,0.0,6.045049575133839,0.0,1.2244672910735772,-0.0982696274941469
2024-11-09 00:00:00+00:00,8.217012989242432,0.0,3.5424509697660147,0.0,8.267802251880568,-0.2110571388649331,8.942325533259671,-0.2362509035743517,5.840985889931776,-0.0742907060564983,3.886015280167267,-0.0983903786564363,2.7709503264031796,0.0,3.677168185589091,-0.0907087646063024,6.825315596757094,0.0,6.058297997920554,0.0,1.2271378064815452,-0.0963029887189304
2024-11-10 00:00:00+00:00,8.612718993502709,0.0,3.627747726651346,0.0,8.665954110395202,-0.1730640837756764,9.372960352772967,-0.1994711024958272,6.122269756766535,-0.029711401351425,4.073153791573118,-0.054971639860287,2.9043907485006257,0.0,3.854249265005349,-0.046920102967628,7.121095888452553,0.0,6.350046945684623,0.0,1.285988150288774,-0.0529640258652455
2024-11-11 00:00:00+00:00,9.499815008220583,0.0,3.814573777352754,0.0,9.558533255361954,-0.0878910325867238,10.338359988047962,-0.1170179311827764,6.7528535603658915,0.0,4.492681991502002,0.0,3.2035382604677545,0.0,4.251230655585355,0.0,7.742904272845864,0.0,7.0040914283895335,0.0,1.4181894023720758,0.0
2024-11-12 00:00:00+00:00,9.42523146437011,-0.0078510522347995,3.799599568363007,-0.0039255261173998,9.483488711486038,-0.0950520477337146,10.257192983759635,-0.1239502695274519,6.699836554329506,-0.0078510522347996,4.457409710512376,-0.0078510522347997,3.178387114248643,-0.0078510522347996,4.217854021646173,-0.0078510522347997,7.698756785477847,-0.0057016703051386,6.953925477215598,-0.0071623781166818,1.4077762362054564,-0.0073425779019375
2024-11-13 00:00:00+00:00,9.684908606849822,0.0,3.8519414743527705,0.0,9.744770915392303,-0.0701195779874047,10.539791726714078,-0.0998139826320895,6.884425592602602,0.0,4.580217030509003,0.0,3.265955731172533,0.0,4.334061277020016,0.0,7.840580757466655,0.0,7.12053602035748,0.0,1.4453391264930964,0.0
2024-11-14 00:00:00+00:00,9.358102202697628,-0.0337438810647169,3.7869517468633656,-0.0168719405323584,9.415944524620391,-0.1014973523522064,10.18413824824095,-0.1301897525382735,6.652118354206927,-0.0337438810647169,4.425662731780916,-0.0337438810647169,3.1557497094172167,-0.0337438810647169,4.187813228761057,-0.0337438810647169,7.662265984001102,-0.022742546627779,6.905678719710138,-0.0301743155336998,1.3971071695236288,-0.0333706851806436
2024-11-15 00:00:00+00:00,9.755300992333687,0.0,3.867319144957751,0.0,9.815598395400023,-0.0633609699532601,10.616397620715162,-0.0932712011032136,6.9344633533933155,0.0,4.613507215878777,0.0,3.2896935302715704,0.0,4.365562339601744,0.0,7.87837572304096,0.0,7.1573175314566555,0.0,1.4553607666991712,0.0
2024-11-16 00:00:00+00:00,9.707597229948218,-0.0048900349074781,3.8578634821491495,-0.0024450174537391,9.767599776608732,-0.0679411675058953,10.564483065758196,-0.0977051365814348,6.900553585530593,-0.0048900349074783,4.590947004547227,-0.0048900349074781,3.273606814073637,-0.0048900349074783,4.344214587370319,-0.0048900349074783,7.852476940564531,-0.0032873251272702,7.127485980812219,-0.0041679792063612,1.4484003378981056,-0.0047826140159407
2024-11-17 00:00:00+00:00,9.629268327240345,-0.0129194030191776,3.8422992695950233,-0.0064695657185026,9.68878672385546,-0.0754617870659255,10.479240101241302,-0.1049855958852562,6.844874226609109,-0.0129194030191776,4.553903456824956,-0.0129194030191774,3.2471926537444107,-0.0129194030191776,4.309161880331085,-0.0129194030191776,7.810146004430931,-0.0086603788659742,7.078986568717087,-0.0109441787925854,1.4370073891341042,-0.0126108783368493
2024-11-18 00:00:00+00:00,9.69443328482538,-0.0062394494599541,3.855300427129696,-0.0031077646756216,9.75435446529272,-0.069205081843457,10.550157144313932,-0.098928689617815,6.891196119767915,-0.006239449459954,4.584721470772169,-0.0062394494599539,3.269167653750703,-0.0062394494599541,4.33832363401952,-0.0062394494599539,7.845435224309058,-0.0041811281779269,7.119079206226125,-0.005342549783836,1.446444489840073,-0.0061265062678038
2024-11-19 00:00:00+00:00,9.892332903009969,0.0,3.894650972958408,0.0,9.953477298737782,-0.0502040785357479,10.765525284906042,-0.0805344562425806,7.031871189766267,0.0,4.678312772284213,0.0,3.3359035847175345,0.0,4.426885034723315,0.0,7.954770657973683,0.0,7.241134649255713,0.0,1.475460374505599,0.0
2024-11-20 00:00:00+00:00,10.10406302231433,0.0,3.936330469758522,0.0,10.166516119470735,-0.0298751626229771,10.995944739578231,-0.0608547152568345,7.182377540547195,0.0,4.778444837301704,0.0,3.407303452767384,0.0,4.521635677037776,0.0,8.071357662657997,0.0,7.371051679289294,0.0,1.5066114025561732,0.0
2024-11-21 00:00:00+00:00,10.53599130833112,0.0,4.020465558249341,0.0,10.601114149248192,0.0,11.465999167585302,-0.0207081512197712,7.489409673438965,0.0,4.982713702593159,0.0,3.552958793301455,0.0,4.714926469431107,0.0,8.34405487294889,0.0,7.640274457519344,0.0,1.5705804339114315,0.0
2024-11-22 00:00:00+00:00,10.597597371276551,0.0,4.032219794134843,0.0,10.663100998559074,0.0,11.53304317377122,-0.014982034567587,7.533201760036565,0.0,5.011848633044202,0.0,3.5737336588700677,0.0,4.742495594002154,0.0,8.382111470721734,0.0,7.677717309843767,0.0,1.5796964767099,0.0
2024-11-23 00:00:00+00:00,10.466900957471504,-0.0123326457145167,4.007355825052779,-0.0061663228572583,10.531596751725736,-0.0123326457145167,11.390810238298872,-0.0271299121576991,7.44029745163406,-0.0123326457145167,4.950039279478083,-0.0123326457145166,3.5296600677771792,-0.0123326457145168,4.684008076038669,-0.0123326457145166,8.301100872045737,-0.009664700709238,7.59690936678505,-0.010524995880626,1.5602866418287666,-0.0122870660074896
2024-11-24 00:00:00+00:00,10.491295620999365,-0.0100307406059135,4.012025693306323,-0.0050081845384255,10.55614219838787,-0.0100307406059135,11.417358209298316,-0.0248624942710044,7.457638167249627,-0.0100307406059135,4.961576079450033,-0.0100307406059134,3.5378864635433196,-0.0100307406059135,4.694924850874031,-0.0100307406059134,8.315540379873953,-0.0079420431332021,7.611681132998011,-0.0086010169664738,1.5639054735264264,-0.0099962261208318
2024-11-25 00:00:00+00:00,9.967263656093577,-0.0594789265056828,3.911826929337286,-0.0298577138509853,10.028871197943104,-0.0594789265056829,10.847070146451614,-0.0735698457403187,7.08513500619887,-0.0594789265056827,4.713749256541759,-0.0594789265056826,3.3611718172232496,-0.0594789265056828,4.460417047112976,-0.0594789265056826,7.988236112159922,-0.0469899929078249,7.284186081192395,-0.0512562800595454,1.486035731614105,-0.0592903424655767
2024-11-26 00:00:00+00:00,9.855294036575533,-0.0700444929822431,3.889854711685024,-0.0353068755470371,9.916209495496553,-0.0700444929822431,10.725217012122094,-0.083977118534701,7.005542462221864,-0.070044492982243,4.660796236638873,-0.0700444929822429,3.323413296680937,-0.0700444929822431,4.410309894649752,-0.0700444929822429,7.895349464642561,-0.0580715262233634,7.217315388611044,-0.0599659902354612,1.4700901383313365,-0.069384429220761
2024-11-27 00:00:00+00:00,10.27301139160291,-0.0306282611333574,3.972290599217936,-0.0148625814009637,10.33650875668384,-0.0306282611333574,11.179806115782668,-0.0451514220338995,7.302472889359898,-0.0306282611333574,4.858344424350464,-0.0306282611333573,3.464276411145126,-0.0306282611333575,4.59724120052526,-0.0306282611333572,8.224911299019578,-0.0187542449478568,7.461462461172136,-0.0281665552330724,1.5316316585526355,-0.030426616040425
2024-11-28 00:00:00+00:00,10.24952868812874,-0.0328441127694856,3.967750541843381,-0.0159885263162581,10.312880906889983,-0.0328441127694857,11.15425060319653,-0.0473340757042185,7.285780431914636,-0.0328441127694856,4.847238911356905,-0.0328441127694856,3.456357547570032,-0.0328441127694857,4.586732533903959,-0.0328441127694855,8.206309787199565,-0.0209734366020106,7.447829878753112,-0.0299421588231584,1.5281480707926896,-0.0326318420514378
2024-11-29 00:00:00+00:00,10.44413946329949,-0.0144804433118954,4.00541895724704,-0.0066466706320887,10.508694569020422,-0.0144804433118955,11.366039595879782,-0.0292455313772297,7.424117658993285,-0.0144804433118954,4.939274843025604,-0.0144804433118954,3.5219844112109864,-0.0144804433118955,4.673822155396292,-0.0144804433118954,8.360879349591904,-0.0025330277703884,7.560610123166404,-0.0152528651357373,1.5570138142410157,-0.0143588738743827
2024-11-30 00:00:00+00:00,10.331402554241562,-0.025118412005015,3.983801161242456,-0.0120079349252774,10.395260834426177,-0.0251184120050153,11.243351443660805,-0.0397241216556603,7.343979694511061,-0.0251184120050151,4.885958954172625,-0.0251184120050151,3.483967144430378,-0.0251184120050154,4.623371635740039,-0.025118412005015,8.270629722210783,-0.0132999601473149,7.49522250602943,-0.0237694091159564,1.540282811716318,-0.0249501505983418
2024-12-01 00:00:00+00:00,10.414688833222494,-0.0172594345346435,3.9998588055544366,-0.0080256013393609,10.479061904938147,-0.0172594345346437,11.333989370128297,-0.0319828876574157,7.403182957422952,-0.0172594345346436,4.9253469596646315,-0.0172594345346437,3.5120530367405465,-0.0172594345346438,4.660642801766638,-0.0172594345346436,8.337303145376278,-0.0053457085964518,7.544195096946119,-0.0173908738117326,1.5526537178297877,-0.0171189587865863
2024-12-02 00:00:00+00:00,10.270601288006262,-0.0308556809448687,3.9721897198173095,-0.0148875997297694,10.33408375626462,-0.030855680944869,11.177183273277937,-0.0453754346339335,7.300759690035552,-0.030855680944869,4.8572046306790115,-0.030855680944869,3.463463673310033,-0.0308556809448691,4.596162663071177,-0.0308556809448689,8.22195629601975,-0.0191067817770494,7.45828257792139,-0.02858072563326,1.531413907047575,-0.0305644599289638
2024-12-03 00:00:00+00:00,10.271573259532346,-0.0307639647291991,3.9723776764517655,-0.0148409860420113,10.335061735535511,-0.0307639647291994,11.178241040352988,-0.0452850925137774,7.301450606792859,-0.0307639647291992,4.857664298469143,-0.0307639647291994,3.463791442637036,-0.0307639647291995,4.596597626819889,-0.0307639647291991,8.2227343913994,-0.0190139536892378,7.458737923784661,-0.0285214181796388,1.5315416878249977,-0.0304835704800686
2024-12-04 00:00:00+00:00,10.564946843760875,-0.0030809367795165,4.02910660430946,-0.0007720784045331,10.630248658508911,-0.0030809367795167,11.497510596877394,-0.0180168126457723,7.509992441666549,-0.0030809367795165,4.996407444257285,-0.0030809367795168,3.562723211400258,-0.0030809367795168,4.727884264899898,-0.0030809367795164,8.45758965647044,0.0,7.63318242302916,-0.0058005374536919,1.5736286694110246,-0.0038411222588233
2024-12-05 00:00:00+00:00,10.38901785427284,-0.019681774056546,3.995559977718795,-0.0090917207611976,10.453232253963302,-0.0196817740565462,11.306052423840663,-0.0343689356048664,7.3849349850731505,-0.019681774056546,4.913206560643015,-0.0196817740565462,3.503396240457913,-0.0196817740565461,4.649154867256839,-0.0196817740565459,8.316752676997512,-0.0166521414721487,7.528239704734892,-0.0194690165157848,1.5491984341781009,-0.0193062673630309
2024-12-06 00:00:00+00:00,10.68856190382352,0.0,4.053161486963303,0.0,10.75462778183393,0.0,11.6320371102638,-0.0065271277017365,7.597863036803035,0.0,5.054867862038188,0.0,3.6044088204503306,0.0,4.783202829774643,0.0,8.556547603806179,0.0,7.704846663716508,0.0,1.581139093620106,0.0
2024-12-07 00:00:00+00:00,10.69832984258896,0.0,4.055013515026916,0.0,10.764456096116367,0.0,11.642667261188944,-0.0056192242560668,7.604806483597795,0.0,5.05948734594894,0.0,3.607702775704608,0.0,4.787574047602105,0.0,8.56436716211436,0.0,7.709436189292715,0.0,1.5816838195916934,0.0
2024-12-08 00:00:00+00:00,10.835241730320451,0.0,4.080960534949079,0.0,10.902214234648898,0.0,11.791664308056337,0.0,7.702129002796746,0.0,5.124236140730896,0.0,3.653872355878661,0.0,4.848843031654375,0.0,8.673969660134457,0.0,7.798954588586039,0.0,1.592139901666363,0.0
2024-12-09 00:00:00+00:00,10.424471774856032,-0.0379105483466009,4.0036048091187,-0.0189552741733004,10.48890531482124,-0.037910548346601,11.344635848218877,-0.0379105483466009,7.410137068864463,-0.0379105483466009,4.9299735387783175,-0.037910548346601,3.515352051278814,-0.0379105483466009,4.665020733477762,-0.037910548346601,8.34513471397698,-0.0379105483466009,7.530691265034714,-0.0343973439650404,1.5610913554014474,-0.019501141974031
2024-12-10 00:00:00+00:00,10.351228844433486,-0.0446702434457503,3.9895400317943976,-0.0224017121390325,10.415209670689409,-0.0446702434457503,11.264927792784894,-0.0446702434457503,7.358073025191242,-0.0446702434457502,4.895335264850935,-0.0446702434457502,3.490652988221864,-0.0446702434457502,4.632244033000144,-0.0446702434457503,8.2865013237752,-0.0446702434457502,7.483981291165722,-0.04038660487667,1.5542094750805526,-0.0238235512759348
2024-12-11 00:00:00+00:00,10.836893117444705,0.0,4.08313167624116,0.0,10.903875828977942,0.0,11.793461462480431,0.0,7.703302875699734,0.0,5.125017119853932,0.0,3.6544292384948807,0.0,4.849582038420378,0.0,8.675291650189632,0.0,7.797496587779627,-0.00018694823644,1.597015308773316,0.0
2024-12-12 00:00:00+00:00,10.716794086684244,-0.0110824227441286,4.060506180563136,-0.0055412113720643,10.783034467491722,-0.0110824227441286,11.662761336936637,-0.0110824227441287,7.617931616705167,-0.0110824227441286,5.068219513560814,-0.0110824227441285,3.613929308785377,-0.0110824227441285,4.79583692013827,-0.0110824227441286,8.57914840069362,-0.0110824227441286,7.709018701660717,-0.0115317874855874,1.5819615596758687,-0.0094261770784215
2024-12-13 00:00:00+00:00,10.868961748004857,0.0,4.089333725642214,0.0,10.9361426753742,0.0,11.828360778600551,0.0,7.726098558127948,0.0,5.140183116127023,0.0,3.6652434580214033,0.0,4.863932964749152,0.0,8.700963650449896,0.0,7.818478987770545,0.0,1.6004424189732007,0.0
2024-12-14 00:00:00+00:00,10.868506303794728,-4.190319376273788e-05,4.08924804757048,-2.095159688142445e-05,10.935684416068655,-4.19031937628489e-05,11.82786513250695,-4.19031937628489e-05,7.725774809923036,-4.19031937628489e-05,5.1399677260379315,-4.19031937628489e-05,3.665089872614594,-4.19031937628489e-05,4.863729150423681,-4.190319376273788e-05,8.700599052284128,-4.19031937628489e-05,7.818151368530589,-4.19031937628489e-05,1.6002875029887134,-9.679572513876522e-05
2024-12-15 00:00:00+00:00,11.19471044995612,0.0,4.150614790640507,0.0,11.263904826300058,0.0,12.18286319191042,0.0,7.957653938927746,0.0,5.294237203048208,0.0,3.775092800255494,0.0,5.009707684209899,0.0,8.96173626889981,0.0,8.052803060349694,0.0,1.6413952418512363,0.0
2024-12-16 00:00:00+00:00,11.365600619029994,0.0,4.182294898245963,0.0,11.435851265540563,0.0,12.368837769812757,0.0,8.079129597734095,0.0,5.3750551120768115,0.0,3.832720574532386,0.0,5.086182176068568,0.0,9.098539505842286,0.0,8.175731195262479,0.0,1.6571356082202,0.0
2024-12-17 00:00:00+00:00,11.373646442864436,0.0,4.183775242712696,0.0,11.44394682051945,0.0,12.377593795391032,0.0,8.084848895434048,0.0,5.378860168050692,0.0,3.8354337962602103,0.0,5.089782735964189,0.0,9.104980454144846,0.0,8.181518878212088,0.0,1.6571752265220063,0.0
2024-12-18 00:00:00+00:00,10.73819674965993,-0.0558703575319216,4.066900733390916,-0.0279351787659606,10.804569420080732,-0.0558703575319214,11.68605320465764,-0.0558703575319216,7.633145497054586,-0.0558703575319216,5.078341327347488,-0.0558703575319216,3.621146738773137,-0.0558703575319216,4.805414754746067,-0.0558703575319216,8.596281940850615,-0.0558703575319217,7.724414493332213,-0.0558703575319216,1.6107179529588926,-0.0280340140376198
2024-12-19 00:00:00+00:00,10.444338787118513,-0.0817070989866182,4.011253999063279,-0.041235781953133,10.508895124857672,-0.0817070989866181,11.366256513934866,-0.0817070989866182,7.424259346442967,-0.0817070989866182,4.9393691078645965,-0.0817070989866182,3.5220516274125564,-0.0817070989866182,4.673911354136382,-0.0817070989866183,8.367957329917669,-0.0809472494684667,7.513030705369128,-0.0817070989866182,1.5856018946186674,-0.0431899600946565
2024-12-20 00:00:00+00:00,10.481157968698652,-0.0784698626468832,4.018324388695686,-0.0395458274928109,10.545941885375054,-0.0784698626468831,11.406325710367785,-0.0784698626468831,7.450431913088533,-0.0784698626468831,4.9567817494669635,-0.0784698626468831,3.5344678330764583,-0.078469862646883,4.690388183770602,-0.0784698626468831,8.395278184796409,-0.077946599986973,7.539516215595905,-0.0784698626468831,1.5887575343968032,-0.0412857319070564
2024-12-21 00:00:00+00:00,10.426134949948077,-0.0833076267735406,4.007776873867392,-0.0420668794653485,10.49057876997937,-0.0833076267735405,11.346445831130104,-0.0833076267735405,7.411319321132757,-0.0833076267735405,4.930760092703661,-0.0833076267735406,3.515912909046741,-0.0833076267735405,4.665765015438074,-0.0833076267735405,8.350995347646586,-0.0828101839751916,7.49993595706532,-0.0833076267735405,1.5841857726261048,-0.0440444997775449
2024-12-22 00:00:00+00:00,10.20047895414817,-0.1031478773856455,3.96440610964086,-0.0524332977623339,10.464352323054422,-0.0855993577066066,11.10087126825471,-0.1031478773856455,7.250913892886345,-0.1031478773856455,4.824042158962066,-0.1031478773856455,3.4398169413228015,-0.1031478773856454,4.564782450395379,-0.1031478773856455,8.17306385708356,-0.1023523995196552,7.337612572133924,-0.1031478773856454,1.5663602704230213,-0.0548010582378682
2024-12-23 00:00:00+00:00,10.167815567031266,-0.1060197256781866,3.95805881300754,-0.0539504195638398,10.464352323054422,-0.0855993577066066,11.06532469664765,-0.1060197256781866,7.227695433390541,-0.1060197256781865,4.808594888572633,-0.1060197256781866,3.4288021573238576,-0.1060197256781864,4.550165366535696,-0.1060197256781865,8.147336746518343,-0.1051780080637686,7.314116491113139,-0.1060197256781865,1.5637066461224998,-0.0564023519683393
2024-12-24 00:00:00+00:00,10.573119120340722,-0.07038440367785,4.03694573274679,-0.0350949803581476,10.464352323054422,-0.0855993577066066,11.506404237135778,-0.07038440367785,7.515801627103398,-0.0703844036778499,5.000272302655903,-0.0703844036778502,3.5654790756645633,-0.0703844036778499,4.731541413243534,-0.0703844036778499,8.471657541429055,-0.0695578552755139,7.605667550790058,-0.07038440367785,1.5960386500710977,-0.0368920410300962
2024-12-25 00:00:00+00:00,10.655208384774095,-0.0631669062072058,4.052617073530281,-0.0313492388031279,10.519436245714347,-0.0807859901225176,11.595739489046672,-0.063166906207206,7.574154003556733,-0.063166906207206,5.039094212313757,-0.0631669062072061,3.5931613093878942,-0.0631669062072057,4.7682769072664835,-0.0631669062072057,8.534265295938672,-0.0626816456202679,7.664717642599581,-0.0631669062072058,1.6030078851378,-0.0326865502919023
2024-12-26 00:00:00+00:00,10.265348140904988,-0.0974444130584673,3.9784770744077704,-0.0490700758035494,10.13454372817522,-0.1144188375636646,11.171466432923026,-0.0974444130584673,7.29702554015208,-0.0974444130584671,4.854720296051423,-0.0974444130584674,3.4616922011590257,-0.0974444130584671,4.59381184466304,-0.097444413058467,8.221230799977638,-0.0970622241989437,7.384275573197942,-0.0974444130584673,1.5693893254339175,-0.0529732159177451
2024-12-27 00:00:00+00:00,10.105399349208527,-0.1115075187211905,3.9474818956710713,-0.0564784992820063,9.97663305612921,-0.1282174574386599,10.997399023528171,-0.1115075187211906,7.183327455868439,-0.1115075187211904,4.779076817163112,-0.1115075187211908,3.4077540904198385,-0.1115075187211904,4.52223369224687,-0.1115075187211903,8.093132277193567,-0.1111312849101896,7.26921800873208,-0.1115075187211904,1.551350042102295,-0.0638587777116435
2024-12-28 00:00:00+00:00,10.212666641211184,-0.1020763048583792,3.968432858544761,-0.0514708299742007,9.951691473488887,-0.1303969137950632,11.114134757719512,-0.1020763048583793,7.259577394849791,-0.1020763048583792,4.829805997746155,-0.1020763048583794,3.443926886809023,-0.102076304858379,4.570236521744993,-0.102076304858379,8.179039657317228,-0.1016960773821434,7.346379662995127,-0.1020763048583791,1.5638902487141708,-0.0562915594650887
2024-12-29 00:00:00+00:00,10.045298931240108,-0.1167917007353172,3.935915028332403,-0.0592431954398161,9.951691473488887,-0.1303969137950632,10.931993565016404,-0.1167917007353172,7.140605642748255,-0.116791700735317,4.750653941006597,-0.1167917007353173,3.3874869601372675,-0.1167917007353168,4.495338353857677,-0.1167917007353168,8.04499952996363,-0.1164177045211209,7.225985373827595,-0.116791700735317,1.543130849760178,-0.0688185382792493
2024-12-30 00:00:00+00:00,9.94390633373138,-0.1257063964767467,3.916051376139079,-0.0639909772973437,9.951691473488887,-0.1303969137950632,10.821651082319487,-0.1257063964767466,7.068531674730028,-0.1257063964767466,4.7027030391727305,-0.1257063964767468,3.3532952348072116,-0.1257063964767464,4.449964489376575,-0.1257063964767464,7.963797028685868,-0.1253361752072161,7.153049622325573,-0.1257063964767466,1.5312971337947572,-0.0759594342907452
2024-12-31 00:00:00+00:00,10.027917036914774,-0.1183199612112034,3.932593679473923,-0.0600370595137205,9.951691473488887,-0.1303969137950632,10.913077377632334,-0.1183199612112033,7.128249887727851,-0.1183199612112033,4.742433641606446,-0.1183199612112035,3.3816254182585643,-0.1183199612112032,4.487559840071454,-0.1183199612112031,8.031078855961354,-0.1179466121417779,7.213481881893307,-0.1183199612112032,1.5397466210833812,-0.0708607053492335
2025-01-01 00:00:00+00:00,10.13677248966898,-0.1087491122050344,3.9539383048782617,-0.0549352975484914,9.951691473488887,-0.1303969137950632,11.031541458907714,-0.1087491122050344,7.205628755743741,-0.1087491122050344,4.793913900100156,-0.1087491122050345,3.418333775995728,-0.1087491122050342,4.536273382111573,-0.1087491122050342,8.118258149702237,-0.1083717103416103,7.291785963717795,-0.1087491122050343,1.547762534939922,-0.06602361043721
2025-01-02 00:00:00+00:00,10.393214370806634,-0.0862020880447627,4.003952023635321,-0.0429810897204842,9.951691473488887,-0.1303969137950632,11.310619365258429,-0.0862020880447625,7.38791803912124,-0.0862020880447627,4.9151911902639185,-0.0862020880447628,3.5048113944651305,-0.0862020880447623,4.651032836429892,-0.0862020880447623,8.323635294507696,-0.0858151386015836,7.476254867532564,-0.0862020880447624,1.5673746098963164,-0.0541889687876633
2025-01-03 00:00:00+00:00,10.520673380002751,-0.0749955669139704,4.028503607947623,-0.0371128050044097,10.04885656043087,-0.1219063913847561,11.44932913167484,-0.0749955669139704,7.478521069107183,-0.0749955669139705,4.975469500396755,-0.0749955669139706,3.547793264348675,-0.0749955669139702,4.708071594211616,-0.0749955669139701,8.425713657341028,-0.0746038720483575,7.567941231723223,-0.0749955669139702,1.5770383712203244,-0.0483575025858122
2025-01-04 00:00:00+00:00,10.525637186076423,-0.074559136425419,4.029453961121543,-0.0368856529422677,10.023734419029791,-0.1241016254062942,11.454731090982056,-0.0745591364254187,7.482049543660483,-0.074559136425419,4.977816998967747,-0.0745591364254191,3.549467164594184,-0.0745591364254186,4.710292930577695,-0.0745591364254185,8.429689031075833,-0.0741672567524953,7.571511896004336,-0.0745591364254185,1.5774111590279136,-0.0481325488201374
2025-01-05 00:00:00+00:00,10.54097333217321,-0.0732107433507944,4.032389474361529,-0.0361840107483907,10.013279942789564,-0.1250151630523697,11.471420952736274,-0.0732107433507943,7.492951097920471,-0.0732107433507944,4.98506981676772,-0.0732107433507947,3.554638836963242,-0.0732107433507941,4.717155958370212,-0.0732107433507941,8.441971322422724,-0.0728182926982892,7.582543799399626,-0.0732107433507941,1.5785553804366363,-0.0474420838708609
2025-01-06 00:00:00+00:00,10.955908726801786,-0.0367285652988386,4.111755063530293,-0.0172141606573746,9.988246742932589,-0.1272026251447389,11.922982533434515,-0.0367285652988383,7.787903994846856,-0.0367285652988386,5.181302351135119,-0.0367285652988388,3.694563815624896,-0.0367285652988382,4.902842318389428,-0.0367285652988382,8.774281498317118,-0.0363206661994737,7.881023427849998,-0.0367285652988382,1.6096565431815706,-0.0286745074268129
2025-01-07 00:00:00+00:00,10.389980181098007,-0.0864864462516817,4.005558506885871,-0.0425971103818837,9.447332255574574,-0.1744690530512486,11.307099694880796,-0.0864864462516816,7.385619045986123,-0.0864864462516817,4.9136616672312625,-0.086486446251682,3.503720757388069,-0.0864864462516814,4.649585514937486,-0.0864864462516814,8.32104512224266,-0.0860996172205197,7.473928385494482,-0.0864864462516814,1.5673242033574513,-0.054219385932488
2025-01-08 00:00:00+00:00,10.1870128083965,-0.104331855261107,3.9664343857530966,-0.0519485020946486,9.42371392493564,-0.1765328804186204,11.08621647104952,-0.1043318552611067,7.241341610667703,-0.1043318552611067,4.817673707527892,-0.1043318552611072,3.4352758725652333,-0.1043318552611066,4.558756260245094,-0.1043318552611066,8.15849421866492,-0.1039525829019278,7.327925834794454,-0.1043318552611065,1.550895613307914,-0.0641329966277293
2025-01-09 00:00:00+00:00,9.918234283148289,-0.127963548632131,3.914108330767782,-0.0644554012347149,9.42371392493564,-0.1765328804186204,10.79371296980575,-0.1279635486321308,7.050282940619743,-0.1279635486321308,4.690562133350904,-0.1279635486321312,3.344638077147149,-0.1279635486321307,4.438476075303656,-0.1279635486321306,7.9432369999313375,-0.1275942831579226,7.134582689355301,-0.1279635486321306,1.5300729791534318,-0.0766981338692409
2025-01-10 00:00:00+00:00,10.15116666997588,-0.1074835391648305,3.960070271661665,-0.0534696435810408,9.42371392493564,-0.1765328804186204,11.047206207917757,-0.1074835391648305,7.215860722539926,-0.1074835391648304,4.800721240515867,-0.1074835391648307,3.423187797605762,-0.1074835391648304,4.542714873922705,-0.1074835391648302,8.12978604694013,-0.1071056013921237,7.302140273437981,-0.1074835391648302,1.5482671634032976,-0.0657190992091278
2025-01-11 00:00:00+00:00,10.13765122908617,-0.1086718511945392,3.95743401824293,-0.0540997571186472,9.42371392493564,-0.1765328804186204,11.032497764311843,-0.1086718511945392,7.206253399339104,-0.1086718511945392,4.794329476272051,-0.1086718511945394,3.4186301054865145,-0.1086718511945391,4.536666623868955,-0.1086718511945389,8.11896190757412,-0.1082944166147948,7.292418076133712,-0.108671851194539,1.5472119934156563,-0.0663558272815452
2025-01-12 00:00:00+00:00,10.131764746624452,-0.1091894057441105,3.956285065422628,-0.0543743781854224,9.42371392493564,-0.1765328804186204,11.026091684330297,-0.1091894057441105,7.202069049010677,-0.1091894057441104,4.7915456227205695,-0.1091894057441107,3.4166450592756807,-0.1091894057441104,4.534032383657628,-0.10918940574411,8.114247588073841,-0.1088121903238128,7.288183693815891,-0.1091894057441102,1.5467433235286892,-0.0666386397925378
2025-01-13 00:00:00+00:00,10.13080456306616,-0.1092738275311877,3.9560975975941335,-0.0544191864787985,9.42371392493564,-0.1765328804186204,11.025046745742372,-0.1092738275311877,7.201386511618675,-0.1092738275311876,4.791091529732744,-0.1092738275311879,3.416321265100384,-0.1092738275311876,4.533602695103223,-0.1092738275311873,8.11347860386262,-0.1088966478594544,7.287492995371186,-0.1092738275311875,1.5466665410601104,-0.0666849731357774
2025-01-14 00:00:00+00:00,10.347784614571497,-0.090196388066603,3.9984631498630794,-0.0442930325122969,9.42371392493564,-0.1765328804186204,11.261179542091163,-0.090196388066603,7.355624727001634,-0.0901963880666028,4.893706408977198,-0.0901963880666031,3.489491521168961,-0.0901963880666028,4.630702717136469,-0.0901963880666025,8.287251870772897,-0.0898111300172748,7.443575426498635,-0.0901963880666026,1.5632397575722086,-0.0566840895557826
2025-01-15 00:00:00+00:00,10.769632044859652,-0.0531064862125837,4.07996568725144,-0.0248124121012646,9.42371392493564,-0.1765328804186204,11.720263281151135,-0.0531064862125836,7.655490979037859,-0.0531064862125834,5.093207804696692,-0.0531064862125837,3.6317473842398407,-0.0531064862125835,4.819482259271663,-0.0531064862125831,8.625097703098529,-0.0527055223746099,7.747027158708328,-0.0531064862125834,1.5951739028447314,-0.0374138610600642
2025-01-16 00:00:00+00:00,10.71497338147718,-0.0579122152861091,4.069612247589685,-0.0272870765038968,9.42371392493564,-0.1765328804186204,11.660779918788338,-0.0579122152861091,7.616637385646012,-0.0579122152861089,5.067358460004662,-0.0579122152861092,3.613315328535571,-0.057912215286109,4.795022142399511,-0.0579122152861086,8.581323105226392,-0.0575132864431432,7.707708995569706,-0.0579122152861089,1.591092208790621,-0.0398769041883863
2025-01-17 00:00:00+00:00,11.153290746036983,-0.019374234809778,4.152850051905064,-0.0073916950633275,9.42371392493564,-0.1765328804186204,12.137787386819074,-0.019374234809778,7.928211134532336,-0.0193742348097777,5.274648868145915,-0.0193742348097781,3.761125201294107,-0.0193742348097778,4.991172090106867,-0.0193742348097775,8.9323592482019,-0.0189589869865524,8.023008210364978,-0.0193742348097777,1.6236847611791505,-0.0202093688143915
2025-01-18 00:00:00+00:00,11.204595196766048,-0.0148634166665561,4.162401479179963,-0.0051087265191793,9.443503143964502,-0.1748036501679711,12.193620461480757,-0.0148634166665561,7.964680417615068,-0.0148634166665557,5.298911928181812,-0.0148634166665562,3.7784261456494046,-0.0148634166665558,5.014131174417312,-0.0148634166665556,8.971798300488336,-0.0146273958881352,8.05991355415993,-0.0148634166665557,1.6274351678356922,-0.0179462365900382
2025-01-19 00:00:00+00:00,10.859029849323782,-0.0452464032644088,4.098214344879825,-0.0204506439445811,9.152252332336955,-0.2002538568314033,11.817552195081724,-0.0452464032644088,7.719038561979431,-0.0452464032644085,5.135486091784204,-0.0452464032644089,3.661894212020679,-0.0452464032644086,4.859488373764529,-0.0452464032644083,8.702018410830576,-0.0442573210720985,7.811334575733133,-0.0452464032644085,1.6022774863939793,-0.0331272995452892
2025-01-20 00:00:00+00:00,10.958524584018074,-0.0364985724614993,4.116989076813614,-0.0159631342566525,9.236108895059065,-0.1929262657444059,11.925829291350947,-0.0364985724614994,7.789763452183778,-0.036498572461499,5.1825394504468205,-0.0364985724614994,3.695445937926124,-0.0364985724614991,4.904012931962313,-0.036498572461499,8.77402768693754,-0.0363485423032013,7.882905118590542,-0.0364985724614991,1.60968686807156,-0.0286562082816749
2025-01-21 00:00:00+00:00,11.374726649367522,0.0,4.195170192512799,0.0,9.586894036657617,-0.1622738040456518,12.378769351302456,0.0,8.08561675000006,0.0,5.379371022661999,0.0,3.835798064707423,0.0,5.090266135587901,0.0,9.100860961384454,-0.0004524438883903,8.18229591396239,0.0,1.640450646132783,-0.0100922220665367
2025-01-22 00:00:00+00:00,11.113552434978285,-0.0229609222656581,4.1470077041720526,-0.011480461132829,9.36677010791282,-0.1815087701108649,12.09454139048269,-0.022960922265658,7.899963532333406,-0.022960922265658,5.255855702772524,-0.0229609222656579,3.7477246035169145,-0.022960922265658,4.973388930537156,-0.0229609222656579,8.891559493309304,-0.023440024051714,7.994422853527288,-0.022960922265658,1.6209420452247494,-0.0218644236996599
2025-01-23 00:00:00+00:00,11.135379464794465,-0.0210420163887073,4.151080068132022,-0.0105097343748925,9.385166455221468,-0.1799012523901726,12.11829508374032,-0.0210420163887073,7.915479069833752,-0.0210420163887072,5.2661782094422085,-0.0210420163887072,3.755085138966078,-0.0210420163887071,4.9831566721399785,-0.0210420163887072,8.909022526422097,-0.0215220591312245,8.010123909243541,-0.0210420163887072,1.6225776028493115,-0.0208774685494824
2025-01-24 00:00:00+00:00,11.238273420746465,-0.011996176508439,4.170258626484433,-0.0059381538495926,9.471887963626171,-0.1723233153580632,12.230271449206976,-0.011996176508439,7.9886202642874675,-0.011996176508439,5.314839138369764,-0.0119961765084389,3.789783154072464,-0.0119961765084389,5.029202404550459,-0.0119961765084389,8.99134433452098,-0.0124806549773685,8.084139647934219,-0.0119961765084388,1.630352940429653,-0.0161855461408546
2025-01-25 00:00:00+00:00,11.225022673315344,-0.0131611053757061,4.167800106313533,-0.006524189709422,9.46071991401544,-0.1732992067865962,12.215851063448405,-0.013161105375706,7.979201095925735,-0.0131611053757061,5.308572553777726,-0.0131611053757059,3.7853147221778793,-0.013161105375706,5.023272606587041,-0.013161105375706,8.98074288104299,-0.0136450126090383,8.074607855223523,-0.013161105375706,1.6293477593890149,-0.0167921090586143
2025-01-26 00:00:00+00:00,10.997102316066028,-0.0331985413752772,4.125487207853517,-0.0166102878933602,9.26862313832124,-0.1900850918231957,11.967812264818228,-0.0331985413752772,7.817186067780548,-0.0331985413752773,5.200783751193188,-0.0331985413752771,3.7084551639490257,-0.0331985413752771,4.921276724674414,-0.0331985413752771,8.79839187959,-0.0336726230329553,7.910655624517949,-0.0331985413752771,1.612251603577814,-0.0271085532931093
2025-01-27 00:00:00+00:00,10.939537382806224,-0.038259316463266,4.1146896636933015,-0.0191840914972013,9.220106023809334,-0.1943246356862372,11.905166097265196,-0.038259316463266,7.7762665799611215,-0.0382593164632663,5.17355996433265,-0.0382593164632661,3.689043052660598,-0.038259316463266,4.895516032624196,-0.038259316463266,8.752336216308386,-0.0387309165145901,7.869246865194014,-0.038259316463266,1.6079133397068612,-0.0297264200108358
2025-01-28 00:00:00+00:00,10.859453144530846,-0.0452998582489301,4.099628616049077,-0.022774183663451,9.152609095749511,-0.2002226819737992,11.818012854392256,-0.0452998582489299,7.719339457369882,-0.0452998582489301,5.135686277867008,-0.0452998582489301,3.662036956104656,-0.0452998582489301,4.859677801196439,-0.0452998582489301,8.688263655057789,-0.0457680058936705,7.811639068909094,-0.0452998582489301,1.6019778765152952,-0.0333080950784887
2025-01-29 00:00:00+00:00,11.1164008366501,-0.0227105073097985,4.148129682236299,-0.0112130159487816,9.369170809559838,-0.1812989909424829,12.097641219463393,-0.0227105073097984,7.901988291694953,-0.0227105073097987,5.257202777729715,-0.0227105073097986,3.748685144719974,-0.0227105073097986,4.974663609306811,-0.0227105073097987,8.893838398553505,-0.023189731889564,7.996471822797412,-0.0227105073097986,1.6209341319337782,-0.0218691988681782
2025-01-30 00:00:00+00:00,11.222460397770842,-0.0133863657818227,4.167917958137588,-0.0064960974464989,9.45856036637134,-0.1734879133297118,12.213062616837108,-0.0133863657818226,7.977379726612925,-0.0133863657818228,5.307360794476508,-0.0133863657818227,3.7844506687480415,-0.0133863657818228,5.022125971170095,-0.0133863657818228,8.97869289517434,-0.013870162556254,8.072764707922977,-0.0133863657818226,1.6286674759659605,-0.0172026168988034
2025-01-31 00:00:00+00:00,10.976694128918576,-0.034992710833282,4.122280298963611,-0.0173747166871264,9.25142262584354,-0.1915881145781478,11.945602654920435,-0.0349927108332818,7.802679101158565,-0.0349927108332822,5.191132248001051,-0.034992710833282,3.701573092214253,-0.0349927108332821,4.912143924640825,-0.0349927108332821,8.782064012219614,-0.0354659127003651,7.895975199092759,-0.034992710833282,1.610832561449277,-0.0279648550925969
2025-02-01 00:00:00+00:00,10.784452735273929,-0.0518934592706381,4.086182321723868,-0.0259793681275299,9.0893969414344,-0.2057463142753555,11.736392188150022,-0.0518934592706378,7.666026126505941,-0.0518934592706382,5.100216851595838,-0.0518934592706381,3.636745234066136,-0.0518934592706381,4.826114617204062,-0.051893459270638,8.628258485258833,-0.0523583736710818,7.757688274210874,-0.051893459270638,1.5967222592583248,-0.0364795263024521
2025-02-02 00:00:00+00:00,10.469921892126465,-0.0795451868983039,4.026595136242387,-0.0401831269137236,8.82430275873745,-0.2289108908724457,11.39409782968211,-0.0795451868983035,7.442444854433248,-0.079545186898304,4.9514679492690306,-0.0795451868983039,3.5306787907461183,-0.079545186898304,4.685359964470454,-0.0795451868983039,8.37661350309055,-0.0799965419720064,7.531433656229024,-0.0795451868983038,1.5734279435231513,-0.0505361663984197
2025-02-03 00:00:00+00:00,10.858703001125932,-0.0453658065066804,4.101355203160241,-0.0223626182127224,8.802242001840606,-0.2308386136452647,11.365612585107906,-0.0818463239310577,7.718806225032381,-0.0453658065066806,5.135331517720271,-0.0453658065066805,3.661783991905206,-0.0453658065066805,4.859342107013311,-0.0453658065066806,8.687663491900928,-0.0458339218129725,7.81109946074917,-0.0453658065066805,1.602700428880057,-0.0328720806165309
2025-02-04 00:00:00+00:00,10.47662388763267,-0.0789559863212001,4.029199156531931,-0.039562408284908,8.470516827153723,-0.2598255689229741,10.93728309593572,-0.1164482683583622,7.447208904488588,-0.0789559863212002,4.954637477780039,-0.0789559863212,3.5329388451794976,-0.0789559863212001,4.6883591522151535,-0.0789559863212002,8.381975532209138,-0.0794076303158427,7.536254669703564,-0.0789559863212,1.5743548442528017,-0.0499768406766638
2025-02-05 00:00:00+00:00,10.353311028198863,-0.0897969377774413,4.005486743327579,-0.0452147208529825,8.44934053508584,-0.2616760050006665,10.90993988819588,-0.1186571476874661,7.359553125808066,-0.0897969377774414,4.89631997765825,-0.0897969377774412,3.4913551445640603,-0.0897969377774414,4.633175824139896,-0.0897969377774414,8.283317282980486,-0.0902432657930984,7.447550796899697,-0.0897969377774413,1.5650270440039784,-0.0556055757069358
2025-02-06 00:00:00+00:00,10.347086981204937,-0.090344119893178,4.0042827643465495,-0.0455017125424207,8.44934053508584,-0.2616760050006665,10.90993988819588,-0.1186571476874661,7.3551288209277645,-0.0903441198931782,4.893376482040736,-0.090344119893178,3.489256264463475,-0.0903441198931781,4.630390521546162,-0.0903441198931782,8.278337643530413,-0.0907901795921067,7.443073590909911,-0.090344119893178,1.5645479403771552,-0.0558946843172719
2025-02-07 00:00:00+00:00,10.341991364218687,-0.0907920969868985,4.003296772283817,-0.0457367428314163,8.44934053508584,-0.2616760050006665,10.90993988819588,-0.1186571476874661,7.351506649835162,-0.0907920969868987,4.89096664704396,-0.0907920969868983,3.487537914794349,-0.0907920969868986,4.6281101989164775,-0.0907920969868988,8.274260820943448,-0.091237937015365,7.439408109766414,-0.0907920969868983,1.564157933490688,-0.056130028703445
2025-02-08 00:00:00+00:00,10.335340807117392,-0.0913767753977563,4.002009585278922,-0.046043568763578,8.42278372130188,-0.263996604196072,10.90993988819588,-0.1186571476874661,7.3467791642829665,-0.0913767753977565,4.8878214449430155,-0.0913767753977562,3.485295206477504,-0.0913767753977564,4.625134030201478,-0.0913767753977568,8.268939945869903,-0.0918223287227765,7.43462409799427,-0.0913767753977562,1.563654814231258,-0.0564336292227976
2025-02-09 00:00:00+00:00,10.337270818934895,-0.0912070999517435,4.002383251031097,-0.0459544983003959,8.424356584008759,-0.2638591636144661,10.90993988819588,-0.1186571476874661,7.348151094911311,-0.0912070999517437,4.888734192120554,-0.0912070999517434,3.4859460472249477,-0.0912070999517438,4.625997723378357,-0.091207099951744,8.270484079934914,-0.0916527364789724,7.43601243270288,-0.0912070999517435,1.5638005437547309,-0.0563456907108402
2025-02-10 00:00:00+00:00,10.441012436934452,-0.0820867385402169,4.022466584513844,-0.0411672471136408,8.508900792817668,-0.256471484334332,10.90993988819588,-0.1186571476874661,7.421894841906404,-0.0820867385402172,4.9377960000139245,-0.0820867385402168,3.5209299118767134,-0.0820867385402172,4.672422790215773,-0.0820867385402175,8.353484072401049,-0.0825368473363052,7.5106379286142735,-0.0820867385402169,1.5716479826710552,-0.0516102597251898
2025-02-11 00:00:00+00:00,10.26391215210131,-0.0976563685007742,3.9883520777956454,-0.0492990999712634,8.364572954580996,-0.2690832030446886,10.90993988819588,-0.1186571476874661,7.296004781106019,-0.0976563685007746,4.854041183770533,-0.0976563685007742,3.461207955405797,-0.0976563685007745,4.593169230083913,-0.0976563685007748,8.21179241007355,-0.098098842558711,7.383242609006099,-0.0976563685007743,1.5583186168062182,-0.0596536854604465
2025-02-12 00:00:00+00:00,10.488075362525436,-0.077949239060737,4.03190475989247,-0.0389174753652931,8.547254713693853,-0.2531200251325629,10.90993988819588,-0.1186571476874661,7.455349077000803,-0.0779492390607373,4.960053144820118,-0.077949239060737,3.5368005243728304,-0.0779492390607373,4.693483763702182,-0.0779492390607377,8.391137451486603,-0.0784013767248978,7.544492173699243,-0.0779492390607371,1.575335554101312,-0.0493850445691583
2025-02-13 00:00:00+00:00,10.352851297455004,-0.0898373546382619,4.005912834169016,-0.0451131538552486,8.437053891557522,-0.2627496418954386,10.90993988819588,-0.1186571476874661,7.35922633056123,-0.0898373546382623,4.896102560368323,-0.0898373546382619,3.491200113647542,-0.0898373546382622,4.632970091561952,-0.0898373546382625,8.28294946870293,-0.09028366283507,7.447220094184549,-0.089837354638262,1.5651798504155368,-0.0555133667424806
2025-02-14 00:00:00+00:00,10.448477435446804,-0.0814304591638008,4.024413533273886,-0.0407031541994803,8.514984391716126,-0.2559398846166935,10.90993988819588,-0.1186571476874661,7.427201265425032,-0.0814304591638014,4.9413263702741865,-0.0814304591638011,3.523447267038677,-0.0814304591638013,4.675763426901028,-0.0814304591638015,8.35945655318776,-0.0818808897736514,7.516007800674339,-0.0814304591638011,1.5724085195242032,-0.0511513240369319
2025-02-15 00:00:00+00:00,10.455890995554244,-0.0807787019536306,4.0258412643385535,-0.040362826870874,8.493696930736837,-0.2578000349051516,10.90993988819588,-0.1186571476874661,7.432471124440518,-0.0807787019536311,4.944832414124387,-0.0807787019536309,3.525947276084107,-0.0807787019536311,4.679081044556583,-0.0807787019536312,8.36538787992943,-0.0812294521597497,7.521340671032011,-0.0807787019536308,1.572966368392941,-0.050814697674306
2025-02-16 00:00:00+00:00,10.300339115844023,-0.0944539211044018,3.995895123146517,-0.0475010691394431,8.493696930736837,-0.2578000349051516,10.90993988819588,-0.1186571476874661,7.321898543415121,-0.0944539211044023,4.871268336496176,-0.0944539211044019,3.473491896931129,-0.0944539211044023,4.6094705396166695,-0.0944539211044024,8.240936332970747,-0.0948979655174065,7.409445981252116,-0.0944539211044019,1.561265746486044,-0.0578752798744476
2025-02-17 00:00:00+00:00,10.26410504611972,-0.0976394103773523,3.988866833064282,-0.0491763980914793,8.493696930736837,-0.2578000349051516,10.90993988819588,-0.1186571476874661,7.296141897992807,-0.0976394103773528,4.854132407808266,-0.0976394103773524,3.461273003342799,-0.0976394103773528,4.593255551445291,-0.0976394103773529,8.21194673774246,-0.09808189275089,7.383381365390082,-0.0976394103773524,1.558519648612208,-0.0595323755333053
2025-02-18 00:00:00+00:00,10.25250354254598,-0.0986593472893646,3.9866125277638664,-0.049713755384978,8.493696930736837,-0.2578000349051516,10.90993988819588,-0.1186571476874661,7.287895079013097,-0.0986593472893649,4.848645788738844,-0.0986593472893646,3.457360731309579,-0.0986593472893649,4.588063801121639,-0.0986593472893652,8.20266478583363,-0.0991013295256945,7.375035939762425,-0.0986593472893647,1.5576388510191987,-0.0600638809401643
2025-02-19 00:00:00+00:00,10.356733825392162,-0.0894960252985037,4.006877127022116,-0.0448832959927902,8.493696930736837,-0.2578000349051516,10.90993988819588,-0.1186571476874661,7.3619861887880464,-0.089496025298504,4.897938697527803,-0.0894960252985036,3.4925093840684145,-0.089496025298504,4.634707548741207,-0.0894960252985042,8.286055741727662,-0.0899425008698823,7.450012951846569,-0.0894960252985036,1.5655565826812952,-0.0552860327468179
2025-02-20 00:00:00+00:00,10.534692488607217,-0.0738509316887203,4.041302000211556,-0.0366774612805588,8.493696930736837,-0.2578000349051516,10.90993988819588,-0.1186571476874661,7.343581223316077,-0.0917722852352577,4.982099460739107,-0.0738509316887201,3.5525208038589886,-0.0738509316887205,4.71434523893119,-0.0738509316887207,8.4284341621818,-0.0743050790026751,7.578025737363459,-0.0738509316887201,1.5790069821212875,-0.0471695709359439
2025-02-21 00:00:00+00:00,10.30718256696373,-0.093852284570122,3.9976635028182943,-0.0470795416231261,8.493696930736837,-0.2578000349051516,10.647051177721233,-0.139894211163973,7.343581223316077,-0.0917722852352577,4.874504762634857,-0.0938522845701219,3.475799653184977,-0.0938522845701224,4.612533029693047,-0.0938522845701225,8.246411535713206,-0.0942966240021739,7.414368749408245,-0.0938522845701219,1.5619566580651825,-0.0574583586170689
2025-02-22 00:00:00+00:00,10.346729055637455,-0.0903755866333039,4.00533259926674,-0.0452514640728677,8.493696930736837,-0.2578000349051516,10.687901670673387,-0.1365941664024266,7.343581223316077,-0.0917722852352577,4.8932072107707265,-0.0903755866333037,3.4891355644025968,-0.0903755866333041,4.630230347464501,-0.0903755866333043,8.278051279967007,-0.0908216309021725,7.442816120730755,-0.0903755866333037,1.564953108417729,-0.0556501911374986
2025-02-23 00:00:00+00:00,10.315329124341115,-0.0931360864909498,3.9992549699135567,-0.0467001846430201,8.493696930736837,-0.2578000349051516,10.661181916496703,-0.1387526809864205,7.343581223316077,-0.0917722852352577,4.878357457828443,-0.0931360864909496,3.4785468443910132,-0.0931360864909501,4.6161786685218305,-0.0931360864909502,8.252929307596723,-0.0935807771185542,7.420228894025044,-0.0931360864909497,1.5625784719188247,-0.0570831334485468
2025-02-24 00:00:00+00:00,9.811112733292896,-0.1374638674206354,3.9015125768447225,-0.0699989755343353,8.493696930736837,-0.2578000349051516,10.661181916496703,-0.1387526809864205,6.966265810686126,-0.1384372984675442,4.639901877596382,-0.1374638674206354,3.30851442808815,-0.1374638674206358,4.3905384663896925,-0.137463867420636,7.849523640080679,-0.137886821436574,7.057525873249056,-0.1374638674206355,1.5243888188521166,-0.0801281636031785
2025-02-25 00:00:00+00:00,9.503288172185378,-0.1645260176240106,3.84030741952616,-0.0845884092187653,8.493696930736837,-0.2578000349051516,10.661181916496703,-0.1387526809864205,6.948850146159411,-0.1405912052213754,4.4943245309814195,-0.1645260176240105,3.204709484711222,-0.1645260176240111,4.2527849196532586,-0.1645260176240112,7.603244116534734,-0.1649357014189392,6.836095352216943,-0.1645260176240107,1.500474893427578,-0.094558698794516
2025-02-26 00:00:00+00:00,9.028521339580715,-0.2062647641662022,3.744380064869432,-0.1074545505800695,8.493696930736837,-0.2578000349051516,10.661181916496703,-0.1387526809864205,6.948850146159411,-0.1405912052213754,4.269796327310121,-0.2062647641662021,3.0446080815013703,-0.2062647641662025,4.040323591587654,-0.2062647641662026,7.223399997181135,-0.2066539809107621,6.494576576930857,-0.2062647641662023,1.4629943931806455,-0.1171758002615677
2025-02-27 00:00:00+00:00,9.077654660969266,-0.2019452474953306,3.7545685454748647,-0.1050259290610626,8.493696930736837,-0.2578000349051516,10.661181916496703,-0.1387526809864205,6.948850146159411,-0.1405912052213754,4.293032610121313,-0.2019452474953305,3.061176875187971,-0.2019452474953309,4.0623110810195,-0.201945247495331,7.262709826579626,-0.2023365823620814,6.5299201405372225,-0.2019452474953306,1.4669753384638446,-0.1147735526178141
2025-02-28 00:00:00+00:00,9.03922159943512,-0.2053240593752874,3.746620481281432,-0.1069205039719013,8.493696930736837,-0.2578000349051516,10.661181916496703,-0.1387526809864205,6.948850146159411,-0.1405912052213754,4.274856727403247,-0.2053240593752873,3.0482164351178223,-0.2053240593752877,4.0451120293284335,-0.2053240593752878,7.231960895925795,-0.2057137374047188,6.5022737018978045,-0.2053240593752874,1.463869771313188,-0.1166475651549039
2025-03-01 00:00:00+00:00,9.22296279666864,-0.1891705989100431,3.784699453305598,-0.09784364408857,8.493696930736837,-0.2578000349051516,10.661181916496703,-0.1387526809864205,6.948850146159411,-0.1405912052213754,4.361752184545698,-0.189170598910043,3.110177847508734,-0.1891705989100435,4.127337442107224,-0.1891705989100436,7.378965716943396,-0.1895681979652925,6.634446095458926,-0.1891705989100431,1.47874801611305,-0.1076694893535369
2025-03-02 00:00:00+00:00,10.102288397345024,-0.1118653916921379,3.965117784894207,-0.0548374433125908,8.493696930736837,-0.2578000349051516,10.661181916496703,-0.1387526809864205,6.948850146159411,-0.1405912052213754,4.777605576154579,-0.1118653916921378,3.406705011746981,-0.1118653916921383,4.520841520513132,-0.1118653916921385,8.08248297104805,-0.1123008982003169,7.266980176606007,-0.1118653916921379,1.5492424207018405,-0.0651305933692296
2025-03-03 00:00:00+00:00,9.239688851331394,-0.1877001411857967,3.7958339223369273,-0.0951895279215547,8.493696930736837,-0.2578000349051516,10.661181916496703,-0.1387526809864205,6.948850146159411,-0.1405912052213754,4.369662322217558,-0.1877001411857967,3.1158182264016325,-0.187700141185797,4.134822463264769,-0.1877001411857971,7.56733713714244,-0.1688793649526646,6.668520420763504,-0.1850062023075647,1.417776020415504,-0.1444622163517016
2025-03-04 00:00:00+00:00,9.353428809285038,-0.1777007837102507,3.819197154458288,-0.0896204494219368,8.493696930736837,-0.2578000349051516,10.661181916496703,-0.1387526809864205,6.948850146159411,-0.1405912052213754,4.423452576066749,-0.1777007837102506,3.1541737424546494,-0.1777007837102511,4.185721854000179,-0.1777007837102512,7.623122850382843,-0.1627524200875597,6.735784022820354,-0.1767855753876717,1.4346758494845862,-0.1342642428371261
2025-03-05 00:00:00+00:00,9.709642978176804,-0.146384499822974,3.891921936351034,-0.0722850902933515,8.493696930736837,-0.2578000349051516,10.661181916496703,-0.1387526809864205,6.948850146159411,-0.1405912052213754,4.591914486147423,-0.1463844998229739,3.274296683583294,-0.1463844998229743,4.345130073364041,-0.1463844998229744,7.802527172694226,-0.1430484434327046,6.9535643680231205,-0.1501695317377295,1.488852582727845,-0.1015720251547739
2025-03-06 00:00:00+00:00,9.63740202501654,-0.1527355054679564,3.877443744365023,-0.0757362475340877,8.493696930736837,-0.2578000349051516,10.661181916496703,-0.1387526809864205,6.948850146159411,-0.1405912052213754,4.557750070416041,-0.1527355054679563,3.2499355084213244,-0.1527355054679567,4.31280176440246,-0.1527355054679567,7.767420417990531,-0.1469042182891693,6.909664780598299,-0.1555347235966441,1.4778690444434035,-0.1081998929316131
2025-03-07 00:00:00+00:00,9.301965756807506,-0.1822251168273365,3.809965223886989,-0.0918210587292246,8.493696930736837,-0.2578000349051516,10.661181916496703,-0.1387526809864205,6.948850146159411,-0.1405912052213754,4.399114509599828,-0.1822251168273364,3.13681931424004,-0.1822251168273368,4.162691794348159,-0.1822251168273367,7.604128059074318,-0.164838618010135,6.701506774499227,-0.1809747722440987,1.426870251588392,-0.1389744254245017
2025-03-08 00:00:00+00:00,9.239886031883543,-0.1876828062151879,3.797251696485768,-0.094851574016521,8.493696930736837,-0.2578000349051516,10.661181916496703,-0.1387526809864205,6.948850146159411,-0.1405912052213754,4.36975557345613,-0.1876828062151878,3.1158847198483457,-0.1876828062151881,4.1349107028786225,-0.187682806215188,7.573722815609827,-0.168178025888891,6.663267673118414,-0.1856481673135145,1.4174892515973572,-0.1446352631204183
2025-03-09 00:00:00+00:00,8.651765029362048,-0.2393869939860824,3.6764036975571273,-0.1236580332024488,8.493696930736837,-0.2578000349051516,10.661181916496703,-0.1387526809864205,6.948850146159411,-0.1405912052213754,4.091619564011106,-0.2393869939860823,2.91755789645948,-0.2393869939860825,3.871722626800361,-0.2393869939860824,7.285510766214041,-0.1998323551702442,6.303067960124228,-0.2296700062669965,1.3286697719776044,-0.1982321780381982
2025-03-10 00:00:00+00:00,8.422595147526827,-0.2595342809407067,3.627712996983983,-0.1352644039427929,8.493696930736837,-0.2578000349051516,10.661181916496703,-0.1387526809864205,6.948850146159411,-0.1405912052213754,3.983239832382144,-0.2595342809407066,2.8402769721498267,-0.2595342809407069,3.769167574291265,-0.2595342809407066,7.175761358810449,-0.2118861325458596,6.168731011363531,-0.2460880080324256,1.301513616615912,-0.2146191930786574
2025-03-11 00:00:00+00:00,8.887376499778627,-0.2186733999209731,3.727806455281972,-0.111405191156473,8.493696930736837,-0.2578000349051516,10.661181916496703,-0.1387526809864205,6.948850146159411,-0.1405912052213754,4.2030456717001385,-0.218673399920973,2.997011060487561,-0.2186733999209734,3.977160333216301,-0.2186733999209731,7.404557794717844,-0.1867574200725407,6.439231610980091,-0.2130287539476431,1.3333658525927246,-0.1953983916407417
2025-03-12 00:00:00+00:00,8.967441448652165,-0.2116345539476513,3.74459806038951,-0.1074025871292262,8.493696930736837,-0.2578000349051516,10.661181916496703,-0.1387526809864205,6.948850146159411,-0.1405912052213754,4.240910235762008,-0.211634553947651,3.0240106522498023,-0.2116345539476516,4.012989932507921,-0.2116345539476513,7.440389587115286,-0.1828220143264328,6.482206501180602,-0.2077765740396568,1.3323062807224335,-0.1960377759697693
2025-03-13 00:00:00+00:00,8.692638200229043,-0.235793661844842,3.6872222906715697,-0.1210792121730301,8.493696930736837,-0.2578000349051516,10.661181916496703,-0.1387526809864205,6.948850146159411,-0.1405912052213754,4.110949430806494,-0.2357936618448419,2.9313411929327,-0.2357936618448424,3.890013643712836,-0.235793661844842,7.310553922576392,-0.1970818653159853,6.332648555437699,-0.2260548112624997,1.3320420620056974,-0.1961972151844687
2025-03-14 00:00:00+00:00,8.99992051481815,-0.208779182810641,3.7523934259347542,-0.105544410896196,8.493696930736837,-0.2578000349051516,10.661181916496703,-0.1387526809864205,6.948850146159411,-0.1405912052213754,4.256270336515386,-0.2087791828106407,3.0349632793311674,-0.2087791828106414,4.027524531511179,-0.2087791828106411,7.454887474671773,-0.1812297113413244,6.49985265982397,-0.205619947240905,1.3320962770713256,-0.1961644998356266
2025-03-15 00:00:00+00:00,9.037989220984192,-0.2054324029415917,3.7603295383990862,-0.1036526849112774,8.493696930736837,-0.2578000349051516,10.661181916496703,-0.1387526809864205,6.948850146159411,-0.1405912052213754,4.274273907162178,-0.2054324029415914,3.0478008510758685,-0.2054324029415921,4.044560531741868,-0.2054324029415917,7.471906553477955,-0.1793605059221702,6.519993295577485,-0.2031584577072467,1.332097548397432,-0.1961637326710649
2025-03-16 00:00:00+00:00,8.848962727646324,-0.2220505159885878,3.721006526993625,-0.1130260856556958,8.493696930736837,-0.2578000349051516,10.661181916496703,-0.1387526809864205,6.948850146159411,-0.1405912052213754,4.184878911385846,-0.2220505159885876,2.984057125211112,-0.222050515988588,3.959969913661373,-0.2220505159885877,7.385805194544658,-0.1888170181428088,6.419344636244959,-0.2154592422780878,1.3320807187074928,-0.1961738883200692
2025-03-17 00:00:00+00:00,9.002795707325848,-0.2085264125598624,3.753350064822417,-0.1053163775045186,8.493696930736837,-0.2578000349051516,10.661181916496703,-0.1387526809864205,6.948850146159411,-0.1405912052213754,4.2576300814778145,-0.2085264125598623,3.0359328549699196,-0.2085264125598628,4.028811199358802,-0.2085264125598623,7.469939967468399,-0.1795764960628916,6.501600886682579,-0.2054062875447768,1.332111717144476,-0.1961551827320981
2025-03-18 00:00:00+00:00,8.864019177416422,-0.220726840243735,3.7244214456209654,-0.1122120737156237,8.493696930736837,-0.2578000349051516,10.661181916496703,-0.1387526809864205,6.948850146159411,-0.1405912052213754,4.191999454331107,-0.220726840243735,2.9891344780715183,-0.2207268402437353,3.966707775479896,-0.220726840243735,7.374669856039513,-0.1900400123668191,6.428099201297064,-0.2143893023560709,1.3320553081423598,-0.1961892219822711
2025-03-19 00:00:00+00:00,9.3067013049594,-0.181808794897336,3.817422982306198,-0.0900433576880322,8.493696930736837,-0.2578000349051516,10.661181916496703,-0.1387526809864205,6.948850146159411,-0.1405912052213754,4.401354059726171,-0.181808794897336,3.1384162410934313,-0.1818087948973363,4.164810983769945,-0.181808794897336,7.671908259663473,-0.1573943186038359,6.66326418371275,-0.1856485937715284,1.332620412056618,-0.1958482176604504
2025-03-20 00:00:00+00:00,9.025660078307686,-0.206516309663622,3.759784233492798,-0.1037826688883903,8.493696930736837,-0.2578000349051516,10.661181916496703,-0.1387526809864205,6.948850146159411,-0.1405912052213754,4.268443170750419,-0.206516309663622,3.0436432037691814,-0.2065163096636223,4.039043158060581,-0.206516309663622,7.491503561418967,-0.1772081665470658,6.52079506466521,-0.2030604694291208,1.3325089805858246,-0.1959154594759267
2025-03-21 00:00:00+00:00,9.01123589226459,-0.2077844004483704,3.756779919858378,-0.1044988051824034,8.493696930736837,-0.2578000349051516,10.661181916496703,-0.1387526809864205,6.948850146159411,-0.1405912052213754,4.261621639928838,-0.2077844004483705,3.0387790635911696,-0.207784400448371,4.032588238482124,-0.2077844004483706,7.48209044694813,-0.178242008906008,6.513401966951045,-0.203964017503146,1.3325025814054383,-0.1959193209748699
2025-03-22 00:00:00+00:00,8.984637950393148,-0.2101227372446151,3.7512355852561745,-0.1058204046283802,8.493696930736837,-0.2578000349051516,10.661181916496703,-0.1387526809864205,6.948850146159411,-0.1405912052213754,4.249042858725894,-0.2101227372446154,3.0298096758334996,-0.2101227372446157,4.0206854818746,-0.2101227372446155,7.464280123051122,-0.1801981167732029,6.499896921515753,-0.2056145377944308,1.3324938714736825,-0.1959245768655064
2025-03-23 00:00:00+00:00,9.224888521952412,-0.1890013003112166,3.8013898874321352,-0.0938651561224979,8.493696930736837,-0.2578000349051516,10.661181916496703,-0.1387526809864205,6.948850146159411,-0.1405912052213754,4.362662904522401,-0.1890013003112168,3.1108272427464696,-0.1890013003112172,4.128199217031634,-0.1890013003112169,7.620949918305245,-0.1629910732168599,6.6223834137135,-0.1906448405987165,1.3384628253469386,-0.1923226922984872
2025-03-24 00:00:00+00:00,9.37659538089572,-0.175664113087316,3.832647550766972,-0.0864142871707154,8.493696930736837,-0.2578000349051516,10.661181916496703,-0.1387526809864205,6.948850146159411,-0.1405912052213754,4.43440858299847,-0.1756641130873161,3.1619859996885484,-0.1756641130873165,4.196089049501452,-0.1756641130873162,7.732414718794171,-0.1507488942192999,6.698497547929406,-0.1813425451285633,1.35576395653825,-0.1818825584403303
2025-03-25 00:00:00+00:00,9.365312152452349,-0.1766560690956827,3.83034156250036,-0.0869639640993719,8.493696930736837,-0.2578000349051516,10.661181916496703,-0.1387526809864205,6.948850146159411,-0.1405912052213754,4.429072483591307,-0.1766560690956828,3.1581810567513804,-0.1766560690956832,4.1910397294240695,-0.1766560690956828,7.722684521536624,-0.1518175617805924,6.692833210482801,-0.1820348126175622,1.35380102520167,-0.1830670628338093
2025-03-26 00:00:00+00:00,9.313477243172668,-0.1812130937062535,3.8197415203357,-0.0894906892805287,8.493696930736837,-0.2578000349051516,10.661181916496703,-0.1387526809864205,6.948850146159411,-0.1405912052213754,4.4045585574516455,-0.1812130937062535,3.14070123056933,-0.1812130937062539,4.167843261369841,-0.1812130937062536,7.67903011364268,-0.1566121253838641,6.667017694264713,-0.1851898581560689,1.3463401674396316,-0.1875692166450854
2025-03-27 00:00:00+00:00,9.348073857007384,-0.1781715600587928,3.826836084421545,-0.0877995626372027,8.493696930736837,-0.2578000349051516,10.661181916496703,-0.1387526809864205,6.948850146159411,-0.1405912052213754,4.4209200954192465,-0.1781715600587929,3.1523679394480015,-0.1781715600587932,4.183325477095761,-0.1781715600587929,7.707555274818289,-0.153479206942219,6.68443519347273,-0.1830611769899067,1.3513145261163442,-0.1845675071112346
2025-03-28 00:00:00+00:00,9.047198838729695,-0.2046227467600062,3.765251238470475,-0.1024795024548964,8.493696930736837,-0.2578000349051516,10.661181916496703,-0.1387526809864205,6.948850146159411,-0.1405912052213754,4.278629348163716,-0.2046227467600064,3.0509065286902723,-0.2046227467600067,4.048681897184461,-0.2046227467600064,7.459481621394071,-0.1807251362084689,6.528252502964128,-0.2021490579649872,1.3082701722936831,-0.210542040844158
2025-03-29 00:00:00+00:00,8.856893886703165,-0.2213532544805687,3.725650806940356,-0.1119190316546401,8.293800473093995,-0.2752674751840962,10.661181916496703,-0.1387526809864205,6.948850146159411,-0.1405912052213754,4.188629739737299,-0.221353254480569,2.9867316795541656,-0.2213532544805693,3.9635191603032895,-0.2213532544805689,7.302573796396879,-0.1979583225714076,6.426420452633423,-0.2145944707686158,1.2808370070259616,-0.2270962137696711
2025-03-30 00:00:00+00:00,8.829186804225884,-0.2237891004864877,3.719823317331136,-0.1133081265761334,8.27306597191126,-0.277079306496136,10.661181916496703,-0.1387526809864205,6.948850146159411,-0.1405912052213754,4.175526420317391,-0.223789100486488,2.9773882661587363,-0.2237891004864882,3.9511200558678534,-0.2237891004864879,7.279729104221333,-0.2004673551048212,6.411564256612118,-0.216410122045167,1.2768919578232634,-0.2294768004086458
2025-03-31 00:00:00+00:00,8.846335082462259,-0.2222815233143076,3.723435686547586,-0.1124470484670981,8.27306597191126,-0.277079306496136,10.661181916496703,-0.1387526809864205,6.948850146159411,-0.1405912052213754,4.183636237271843,-0.222281523314308,2.9831710277581815,-0.2222815233143082,3.958794024894187,-0.2222815233143078,7.29386798506423,-0.1989144818269375,6.4207234595460045,-0.2152907292695699,1.2777491266256589,-0.2289595534762291
2025-04-01 00:00:00+00:00,9.12585244636856,-0.1977079777230521,3.782260325116937,-0.0984250574941607,8.27306597191126,-0.277079306496136,10.661181916496703,-0.1387526809864205,6.948850146159411,-0.1405912052213754,4.315826456349506,-0.1977079777230526,3.077430186380119,-0.1977079777230527,4.08387991184868,-0.1977079777230524,7.524332096231298,-0.1736026085804491,6.570768841351025,-0.1969529200064045,1.2974086222390735,-0.217096296471914
2025-04-02 00:00:00+00:00,8.842721534517436,-0.2225992054930723,3.7235877341999744,-0.1124108049667369,8.27306597191126,-0.277079306496136,10.661181916496703,-0.1387526809864205,6.948850146159411,-0.1405912052213754,4.1819273069649805,-0.2225992054930726,2.9819524630716843,-0.2225992054930728,3.9571769380577417,-0.2225992054930725,7.290888588351178,-0.199241708966859,6.39722759247568,-0.2181622786876533,1.2772697018779993,-0.2292488558625952
2025-04-03 00:00:00+00:00,8.91739295230963,-0.2160345274929775,3.739309453712512,-0.1086632288754029,8.27306597191126,-0.277079306496136,10.661181916496703,-0.1387526809864205,6.948850146159411,-0.1405912052213754,4.217241145571797,-0.2160345274929779,3.007133242239875,-0.2160345274929781,3.990592896172662,-0.2160345274929778,7.352455718530724,-0.19247979108141,6.4469736499877195,-0.2120825599833772,1.2826657819494538,-0.2259926642510542
2025-04-04 00:00:00+00:00,8.989918959963763,-0.2096584615100498,3.754515533982356,-0.1050385653761765,8.27306597191126,-0.277079306496136,10.661181916496703,-0.1387526809864205,6.948850146159411,-0.1405912052213754,4.251540370158939,-0.2096584615100502,3.031590543797636,-0.2096584615100504,4.023048768923833,-0.20965846151005,7.412253942358095,-0.1859121521799833,6.497047049439404,-0.2059628351557479,1.2878812560653294,-0.2228454568632021
2025-04-05 00:00:00+00:00,8.95221032263208,-0.2129735862153788,3.7466412881044113,-0.1069155442629921,8.27306597191126,-0.277079306496136,10.661181916496703,-0.1387526809864205,6.948850146159411,-0.1405912052213754,4.233707084382582,-0.2129735862153791,3.0188743948686714,-0.2129735862153793,4.006173901901047,-0.2129735862153789,7.381162895045269,-0.1893268818951551,6.469506770394565,-0.209328672731708,1.2851800203256674,-0.2244754810733342
2025-04-06 00:00:00+00:00,8.404821035364078,-0.2610968778022091,3.632095760774723,-0.1342196873783584,8.27306597191126,-0.277079306496136,10.661181916496703,-0.1387526809864205,6.948850146159411,-0.1405912052213754,3.9748340441052727,-0.2610968778022094,2.8342831661325567,-0.2610968778022097,3.7612135404035825,-0.2610968778022092,6.929836423624753,-0.2388960680887464,6.077627156992951,-0.2572222734425923,1.245886800001551,-0.2481864439789183
2025-04-07 00:00:00+00:00,8.483397485395576,-0.2541888920146239,3.649073944477582,-0.130172608732262,8.27306597191126,-0.277079306496136,10.661181916496703,-0.1387526809864205,6.948850146159411,-0.1405912052213754,4.01199466267597,-0.2541888920146242,2.860780804647603,-0.2541888920146243,3.7963770265232504,-0.254188892014624,6.994623281450313,-0.2317805275170951,6.130037568916711,-0.2508169304343632,1.251884645025237,-0.2445671254375268
2025-04-08 00:00:00+00:00,8.178965715745148,-0.2809527676693726,3.583599348926978,-0.145779745641143,8.27306597191126,-0.277079306496136,10.661181916496703,-0.1387526809864205,6.948850146159411,-0.1405912052213754,3.868021845524686,-0.2809527676693728,2.758119982207048,-0.2809527676693729,3.7868860839569423,-0.2560534197845874,6.743617060502184,-0.25934854067344,5.924511265150336,-0.2759353453545156,1.2292180461763589,-0.2582449782596749
2025-04-09 00:00:00+00:00,8.853323204095767,-0.2216671681874618,3.731333618771459,-0.110564423481354,8.27306597191126,-0.277079306496136,10.661181916496703,-0.1387526809864205,6.948850146159411,-0.1405912052213754,4.186941081438822,-0.2216671681874621,2.9855275699647805,-0.2216671681874622,3.7868860839569423,-0.2560534197845874,7.299629742468088,-0.1982816680133465,6.409076842856029,-0.216714121531649,1.2799460123884947,-0.2276338724452337
2025-04-10 00:00:00+00:00,8.530984439736564,-0.2500053229665155,3.663406952119873,-0.1267560589894478,7.951171004959757,-0.305207274233135,10.661181916496703,-0.1387526809864205,6.948850146159411,-0.1405912052213754,4.03449963278467,-0.2500053229665157,2.876828130705907,-0.2500053229665159,3.7868860839569423,-0.2560534197845874,7.093179681088803,-0.2209560781802901,6.20373648270865,-0.2418098113363875,1.2358992992869884,-0.2542132663418883
2025-04-11 00:00:00+00:00,8.939977626964772,-0.2140490138756988,3.751222637170387,-0.105823491055198,7.931293077447358,-0.3069442560475521,10.661181916496703,-0.1387526809864205,6.948850146159411,-0.1405912052213754,4.227921959989688,-0.2140490138756989,3.014749271530484,-0.214049013875699,3.7868860839569423,-0.2560534197845874,7.343717897912986,-0.1934394659167096,6.470925026656191,-0.2091553404205157,1.2945141507053823,-0.2188429262111033
2025-04-12 00:00:00+00:00,9.138557732380962,-0.1965910026603496,3.7928848324135864,-0.095892500575347,7.931293077447358,-0.3069442560475521,10.661181916496703,-0.1387526809864205,6.948850146159411,-0.1405912052213754,4.3218350796348455,-0.1965910026603498,3.0817146771639607,-0.19659100266035,3.7868860839569423,-0.2560534197845874,7.457433073714599,-0.1809501281993676,6.594107745782914,-0.1941005537906993,1.3232019200872682,-0.2015316793841192
2025-04-13 00:00:00+00:00,8.976001656535702,-0.2108819901149183,3.7591510369643606,-0.1039336035345145,7.770383514766606,-0.3210049263044459,10.661181916496703,-0.1387526809864205,6.948850146159411,-0.1405912052213754,4.244958555836513,-0.2108819901149183,3.0268973351429684,-0.2108819901149186,3.7868860839569423,-0.2560534197845874,7.364222918143819,-0.1911873995521412,6.491819461115937,-0.2066017253130382,1.2997041727646106,-0.2157110775229469
2025-04-14 00:00:00+00:00,9.065116549772831,-0.2030475255177329,3.777811703268795,-0.0994854726010571,7.75095755597969,-0.3227024139886847,10.661181916496703,-0.1387526809864205,6.948850146159411,-0.1405912052213754,4.287103047668683,-0.203047525517733,3.0569487592828706,-0.2030475255177333,3.7868860839569423,-0.2560534197845874,7.414925000195873,-0.1856187898986221,6.548599221014983,-0.1996623820656062,1.3125845333532655,-0.207938597954997
2025-04-15 00:00:00+00:00,8.963569637049378,-0.2119749411694401,3.7566522888690375,-0.1045292284986179,7.6447543826153455,-0.3319827064463461,10.661181916496703,-0.1387526809864205,6.948850146159411,-0.1405912052213754,4.239079166604631,-0.2119749411694401,3.0227049956032133,-0.2119749411694405,3.7868860839569423,-0.2560534197845874,7.357247309369374,-0.1919535306613266,6.483796539654961,-0.2075822473505371,1.297907042714954,-0.2167955313700084
2025-04-16 00:00:00+00:00,9.004976481367297,-0.2083346915534002,3.765329139877078,-0.1024609331470906,7.680069013659354,-0.3288968278069341,10.661181916496703,-0.1387526809864205,6.948850146159411,-0.1405912052213754,4.258661419904412,-0.2083346915534003,3.036668258035471,-0.2083346915534006,3.7868860839569423,-0.2560534197845874,7.381080348782145,-0.1893359479512042,6.510324852036409,-0.2043400873675205,1.30389180675212,-0.2131841063731923
2025-04-17 00:00:00+00:00,9.103302063983357,-0.1996904765628337,3.785886005416133,-0.0975608064309579,7.763927895674439,-0.3215690340544567,10.661181916496703,-0.1387526809864205,6.948850146159411,-0.1405912052213754,4.305161859538326,-0.1996904765628337,3.069825721167201,-0.1996904765628341,3.7868860839569423,-0.2560534197845874,7.439555283696659,-0.1829136458706002,6.573763931309469,-0.1965868748291172,1.318103509228388,-0.2046082465312039
2025-04-18 00:00:00+00:00,9.052590226544176,-0.2041487672103721,3.7753409727279648,-0.1000744190388536,7.72067732060095,-0.3253483748493597,10.661181916496703,-0.1387526809864205,6.948850146159411,-0.1405912052213754,4.281179060018353,-0.2041487672103722,3.05272461852947,-0.2041487672103725,3.7868860839569423,-0.2560534197845874,7.40930919162346,-0.1862355741521079,6.5408868415779,-0.2006049511829027,1.3107746018318274,-0.2090307766772416
2025-04-19 00:00:00+00:00,9.117136851636875,-0.1984742022663179,3.788800408771432,-0.0968661019919102,7.701375627299448,-0.3270350039122363,10.661181916496703,-0.1387526809864205,6.948850146159411,-0.1405912052213754,4.311704650244612,-0.1984742022663179,3.0744911037599296,-0.1984742022663183,3.7868860839569423,-0.2560534197845874,7.44783270716121,-0.1820045364544693,6.584132005176611,-0.1953197397882725,1.3200984628703467,-0.2034044187102042
2025-04-20 00:00:00+00:00,9.128092160248954,-0.1975110750677678,3.7910767526732023,-0.0963234913712892,7.691376293780734,-0.3279087700766145,10.661181916496703,-0.1387526809864205,6.948850146159411,-0.1405912052213754,4.31688566878763,-0.1975110750677678,3.078185465204195,-0.1975110750677682,3.7868860839569423,-0.2560534197845874,7.454359093523054,-0.181287743442698,6.591438224184261,-0.1944268096028483,1.321681085183784,-0.2024494066583049
2025-04-21 00:00:00+00:00,9.378531822513844,-0.1754938723705218,3.8430830188727465,-0.0839267914013188,7.902398010865818,-0.309469177478481,10.661181916496703,-0.1387526809864205,6.948850146159411,-0.1405912052213754,4.435324370977271,-0.1754938723705218,3.1626390087005625,-0.1754938723705221,3.7868860839569423,-0.2560534197845874,7.624893745221842,-0.1625579227080302,6.765569620173718,-0.1731453260412092,1.3578594705392368,-0.1806180488293672
2025-04-22 00:00:00+00:00,10.01366324058798,-0.11965680149819,3.973213342773435,-0.0529077104274564,8.43756293324512,-0.2627051605905547,10.661181916496703,-0.1387526809864205,6.948850146159411,-0.1405912052213754,4.735692692018217,-0.11965680149819,3.3768187370915843,-0.1196568014981903,3.7868860839569423,-0.2560534197845874,8.053593665858001,-0.1154738105789369,7.199800272945668,-0.1200757894052911,1.449637784125593,-0.1252356655318715
2025-04-23 00:00:00+00:00,10.040249394491632,-0.1173195010317097,3.978487759282413,-0.0516504511824342,8.459964560034981,-0.2607476517746544,10.661181916496703,-0.1387526809864205,6.948850146159411,-0.1405912052213754,4.748265898418856,-0.1173195010317096,3.385784149697549,-0.11731950103171,3.7868860839569423,-0.2560534197845874,8.07015477503136,-0.1136549039643904,7.215324706891568,-0.1181784693732193,1.4534715441661714,-0.1229222348341265
2025-04-24 00:00:00+00:00,10.071261394484289,-0.1145931058445005,3.984632071914195,-0.0501858353623781,8.4860954269652,-0.2584642728547729,10.661181916496703,-0.1387526809864205,6.948850146159411,-0.1405912052213754,4.762932189685254,-0.1145931058445004,3.3962420510802738,-0.1145931058445008,3.7868860839569423,-0.2560534197845874,8.09105549468902,-0.1113593779319161,7.234909145509808,-0.1157849555203628,1.4579485878943084,-0.1202206232866662
2025-04-25 00:00:00+00:00,10.141797378848525,-0.1083919911682057,3.9985856341599177,-0.0468597337728345,8.545529401608896,-0.2532707871128496,10.661181916496703,-0.1387526809864205,6.948850146159411,-0.1405912052213754,4.796290286283118,-0.1083919911682057,3.420028274754634,-0.108391991168206,3.7868860839569423,-0.2560534197845874,8.147608161851654,-0.1051481985178088,7.279573926295367,-0.1103262454889471,1.4681397513466323,-0.1140709033963245
2025-04-26 00:00:00+00:00,10.14065287433931,-0.1084926093671738,3.998360013438175,-0.046913514838057,8.544565036361947,-0.253355055701482,10.633325844514184,-0.1410029912710686,6.948850146159411,-0.1405912052213754,4.795749023659237,-0.1084926093671737,3.419642323661758,-0.1084926093671742,3.7868860839569423,-0.2560534197845874,8.146688702121567,-0.1052491827796331,7.278830600182635,-0.1104170911538494,1.4679742327302452,-0.1141707833690263
2025-04-27 00:00:00+00:00,10.046488444353662,-0.1167709999508177,3.9797959576417505,-0.0513386167873309,8.465221614780056,-0.2602882775021657,10.534586534589272,-0.1489794958106353,6.948850146159411,-0.1405912052213754,4.7512164892393045,-0.1167709999508177,3.387888089082124,-0.1167709999508181,3.7868860839569423,-0.2560534197845874,8.071039894553467,-0.1135576912875963,7.219187001957469,-0.1177064386490176,1.4544262042921576,-0.1223461580797148
2025-04-28 00:00:00+00:00,10.181715724324402,-0.1048826017379025,4.006580290554257,-0.0449540527092612,8.579164799969263,-0.2503316439231891,10.67638368994155,-0.1375246289068133,6.948850146159411,-0.1405912052213754,4.815168594091728,-0.1048826017379024,3.4334895839396955,-0.1048826017379029,3.7868860839569423,-0.2560534197845874,8.179677333149158,-0.1016260414457521,7.306500798773416,-0.10703537544939,1.4738493251804172,-0.1106255382095857
2025-04-29 00:00:00+00:00,10.10087598447693,-0.1119895628403011,3.990674773393106,-0.0487454405269802,8.511048829211877,-0.2562837836723228,10.591616436231575,-0.1443724221974328,6.948850146159411,-0.1405912052213754,4.7769376134782995,-0.1119895628403009,3.4062287162971643,-0.1119895628403014,3.7868860839569423,-0.2560534197845874,8.114733171914297,-0.1087588586507903,7.253342189347902,-0.1135321594797503,1.4624369476455044,-0.1175121832379841
2025-04-30 00:00:00+00:00,10.09178638967622,-0.1127886673006456,3.988879205527146,-0.0491734488755246,8.50338989098657,-0.2569530403846638,10.582085233013377,-0.1451423859109255,6.948850146159411,-0.1405912052213754,4.772638934100242,-0.1127886673006454,3.403163512954676,-0.1127886673006459,3.7868860839569423,-0.2560534197845874,8.107430870949319,-0.1095608703631443,7.247360696236447,-0.1142631881756508,1.46012551261421,-0.1189069874773315
2025-05-01 00:00:00+00:00,10.340181375346,-0.0909512207116685,4.037969503064011,-0.0374718264659075,8.712688753304633,-0.2386639950403791,10.84254822819723,-0.1241012801441032,6.948850146159411,-0.1405912052213754,4.890110661489915,-0.0909512207116682,3.486927548318826,-0.0909512207116688,3.7868860839569423,-0.2560534197845874,8.306983764485423,-0.0876439761379336,7.409783431700423,-0.0944126795687919,1.4780084444214665,-0.1081157738983136
2025-05-02 00:00:00+00:00,10.3827498703081,-0.087208845507912,4.046281266572247,-0.035490556785104,8.748557180930641,-0.2355297243041945,10.887184868781585,-0.1204953772213173,6.948850146159411,-0.1405912052213754,4.910242286216931,-0.0872088455079118,3.501282543882804,-0.0872088455079124,3.7868860839569423,-0.2560534197845874,8.341181984390142,-0.0838879856581131,7.4376353897895475,-0.0910087501115846,1.4810507464348657,-0.1062799378535134
2025-05-03 00:00:00+00:00,10.27229446883455,-0.0969194438263069,4.024758373920646,-0.0406209547579953,8.655486904962862,-0.2436624321389513,10.771363107627828,-0.1298518615265662,6.948850146159411,-0.1405912052213754,4.858005375010247,-0.0969194438263068,3.4640346496459538,-0.0969194438263072,3.7868860839569423,-0.2560534197845874,8.252445511263257,-0.0936339124696846,7.3625034159925935,-0.100191010761526,1.4731727685623246,-0.1110337971596743
2025-05-04 00:00:00+00:00,10.103104982022964,-0.1117936023029849,3.991613548979625,-0.0485216651988196,8.512926993737768,-0.2561196650727394,10.593953727282488,-0.1441836077050886,6.948850146159411,-0.1405912052213754,4.7779917579143225,-0.1117936023029849,3.40698038134696,-0.1117936023029854,3.7868860839569423,-0.2560534197845874,8.116523880002854,-0.108562185182069,7.248647938889424,-0.1141058677039259,1.4610408431670023,-0.1183546436224736
2025-05-05 00:00:00+00:00,10.151977896486668,-0.1074969790987324,4.001268095175995,-0.0462203172788709,8.55410755689543,-0.2525212069705204,10.64520108096902,-0.140043668408042,6.948850146159411,-0.1405912052213754,4.801104888274575,-0.1074969790987324,3.423461360318609,-0.107496979098733,3.7868860839569423,-0.2560534197845874,8.155786876679203,-0.1042499302712443,7.2810679282515745,-0.1101436559111663,1.4645746758278804,-0.1162222000496266
2025-05-06 00:00:00+00:00,10.377057353498229,-0.0877092985724424,4.0456241437905005,-0.0356471947167235,8.743760637679898,-0.2359488579585157,10.881215787020793,-0.120977580386381,6.948850146159411,-0.1405912052213754,4.907550163503393,-0.0877092985724424,3.4993629069864007,-0.0877092985724429,3.7868860839569423,-0.2560534197845874,8.336608791425517,-0.084390259439771,7.431280630326165,-0.0917853975868413,1.480810220298973,-0.1064250801004182
2025-05-07 00:00:00+00:00,10.39811280724078,-0.085858225189178,4.049728508309148,-0.0346688400063538,8.761502068739885,-0.2343985684178324,10.903294197870968,-0.1191940096433127,6.945577508522782,-0.140995953274346,4.9175077740221464,-0.085858225189178,3.506463250687558,-0.0858582251891785,3.7868860839569423,-0.2560534197845874,8.353524095523595,-0.0825324515967704,7.445071346856703,-0.0900999639780414,1.4823125315530128,-0.1055185306722128
2025-05-08 00:00:00+00:00,11.065858317293785,-0.027153912493441,4.179761143965591,-0.0036730449159628,9.324147788802392,-0.1852332123665739,11.60348142226282,-0.0626304527564415,7.391608272183243,-0.0858324725589809,5.233300052642884,-0.0271539124934409,3.7316411397158458,-0.0271539124934415,3.7868860839569423,-0.2560534197845874,8.889970305649452,-0.0236145645318233,7.923178581895158,-0.0316680470606142,1.5299080976516977,-0.0767976293837136
2025-05-09 00:00:00+00:00,11.034822741365549,-0.0298823803401794,4.173899813979885,-0.005070206346068,9.297997056670456,-0.1875183271562587,11.570938015471706,-0.0652594222337419,7.370877587478503,-0.0883963690860751,5.218622611771874,-0.0298823803401793,3.7211752880297095,-0.0298823803401799,3.7868860839569423,-0.2560534197845874,8.865037278268325,-0.026352958920114,7.900957042144635,-0.0343838544555292,1.5277602859009702,-0.0780936973651516
2025-05-10 00:00:00+00:00,11.231739671689695,-0.012570585833443,4.211141533131765,0.0,9.46392025104122,-0.1730195535274564,11.777421948053274,-0.0485789327018933,7.502411244370005,-0.0721287594579659,5.3117491774916905,-0.012570585833443,3.787579835895261,-0.0125705858334437,3.7868860839569423,-0.2560534197845874,9.02323428504958,-0.0089781817222961,8.04194999181204,-0.0171523889658967,1.5413917831545592,-0.0698679545255135
2025-05-11 00:00:00+00:00,11.15763300471806,-0.019085614216631,4.19724904308622,-0.0032989843576245,9.401477601301234,-0.1784759446414052,11.699714886493728,-0.0548563791389554,7.452910569690717,-0.0782508248748419,5.276702422595348,-0.019085614216631,3.7625895026315144,-0.0190856142166317,3.7868860839569423,-0.2560534197845874,8.963699267526456,-0.0155169126754219,7.988889457356463,-0.0236371867553574,1.536306332135009,-0.0729367012326576
2025-05-12 00:00:00+00:00,11.015461540084672,-0.0315845048727237,4.170508199233661,-0.0096490069446528,9.281683211242896,-0.1889438707806234,11.550636170559756,-0.0668994758073884,7.3579449787785105,-0.0899958276184119,5.2094662523845425,-0.0315845048727236,3.714646282041884,-0.0315845048727244,3.7868860839569423,-0.2560534197845874,8.849483084501026,-0.0280612760159754,7.887094379989577,-0.0360780809050277,1.5265177648225914,-0.0788434799219344
2025-05-13 00:00:00+00:00,11.156102712172036,-0.0192201486624421,4.197131920772961,-0.0033267968432268,9.400188169117111,-0.1785886183722731,11.698110246291469,-0.0549860075500454,7.451888387523033,-0.0783772446890984,5.275978711896002,-0.0192201486624421,3.7620734556646354,-0.0192201486624429,3.7868860839569423,-0.2560534197845874,8.962469877550275,-0.0156519365760632,7.987793764570866,-0.023771096943539,1.5362626336767202,-0.0729630704768928
2025-05-14 00:00:00+00:00,11.092244075744986,-0.0248342296329594,4.185119521448573,-0.0061793248881474,9.34638056137767,-0.1832904584440012,11.631149105078022,-0.0603953612033147,7.409233040623565,-0.0836527045851499,5.245778487404324,-0.0248342296329593,3.740538974742815,-0.0248342296329601,3.7868860839569423,-0.2560534197845874,8.91116781264777,-0.0212864423458313,7.94207084223622,-0.0293591278355317,1.531865772177514,-0.0756162971416639
2025-05-15 00:00:00+00:00,11.1196661037284,-0.0224234439649856,4.190292706597016,-0.0049508729095704,9.36948649986474,-0.1812714051532571,11.659903403492368,-0.0580724890664881,7.427550001049986,-0.0813873287959225,5.258746997968471,-0.0224234439649855,3.7497862617424538,-0.0224234439649863,3.7868860839569423,-0.2560534197845874,8.933197826723791,-0.0188668859077949,7.961705073812343,-0.0269595285320379,1.5337592971811769,-0.07447367506202
2025-05-16 00:00:00+00:00,11.087537461695856,-0.0252480078444465,4.184239088928734,-0.0063883970632123,9.342414744744143,-0.1836370011792762,11.626213825128206,-0.0607940502659958,7.406089186225469,-0.0840415251903431,5.243552620883641,-0.0252480078444465,3.7389518050799744,-0.0252480078444472,3.7868860839569423,-0.2560534197845874,8.907386663645388,-0.0217017259394013,7.93870089635782,-0.0297709860613689,1.5315435099449994,-0.0758107619317217
2025-05-17 00:00:00+00:00,11.051396624080448,-0.0284253006910766,4.177419634835369,-0.0080077807955596,9.311962293476942,-0.186298010684546,11.5883171228724,-0.0638554775517233,7.38194836437307,-0.08702717521542,5.226460783813967,-0.0284253006910767,3.7267643513278617,-0.0284253006910774,3.7868860839569423,-0.2560534197845874,8.87835222600758,-0.0248905782147064,7.912823978154498,-0.0329335358487904,1.5290474057856305,-0.0773170022613022
2025-05-18 00:00:00+00:00,11.407994437742158,0.0,4.2448164878848695,0.0,9.612433402035174,-0.1600421119748913,11.962239866811444,-0.0336486990483577,7.620143294556213,-0.0575680829101681,5.395104128369687,0.0,3.847016665575654,0.0,3.7868860839569423,-0.2560534197845874,9.164831944400303,0.0,8.168148786998252,-0.0017289923406458,1.553716585380161,-0.0624307191454815
2025-05-19 00:00:00+00:00,11.313634970471233,-0.0082713458343516,4.227261315297543,-0.0041356729171757,9.532925641057268,-0.1669896941530386,11.86329604391958,-0.0416417248560043,7.557114454059623,-0.065363263221749,5.350479356311603,-0.0082713458343516,3.815196660304163,-0.0082713458343516,3.7868860839569423,-0.2560534197845874,9.089026449874456,-0.0082713458343516,8.10058720355455,-0.0099860370814028,1.5472907188373006,-0.0663083214895299
2025-05-20 00:00:00+00:00,11.450402187688924,0.0,4.2528123768287935,0.0,9.64816638510403,-0.1569196767146378,12.006707952752707,-0.0300564125553078,7.648470195761997,-0.0540647136457537,5.415159733065261,0.0,3.861317454525465,0.0,3.7868860839569423,-0.2560534197845874,9.198901026702485,0.0,8.19851282803784,0.0,1.556643237580852,-0.0606646704175911
2025-05-21 00:00:00+00:00,11.749816569593898,0.0,4.308415366500855,0.0,9.900454446899642,-0.134874130212862,12.32066906795722,-0.0046935427663592,7.848468583473208,-0.029329632340891,5.55675971163507,0.0,3.962286307849121,0.0,3.7868860839569423,-0.2560534197845874,9.439441334367528,0.0,8.412894175584412,0.0,1.57699573133101,-0.0483832330509024
2025-05-22 00:00:00+00:00,11.96973932651338,0.0,4.3487359357515745,0.0,10.08576246629055,-0.1186814632687406,12.551276541058511,0.0,7.9953693319444685,-0.0111614760934087,5.6607662642551615,0.0,4.036448906334402,0.0,3.7868860839569423,-0.2560534197845874,9.616120514824347,0.0,8.57035934704541,0.0,1.5917544606519265,-0.0394772772505063
2025-05-23 00:00:00+00:00,11.500587853111227,-0.0391947945234667,4.263512030032275,-0.0195973972617333,9.6904530788118,-0.1532245622256446,12.059331836024514,-0.0391947945234668,7.681992473839678,-0.0499187988548157,5.438893693682308,-0.0391947945234667,3.878241120846153,-0.0391947945234667,3.6289926468025815,-0.2870721195831049,9.239218647132914,-0.0391947945234667,8.234445873445692,-0.0391947945234667,1.560559500566452,-0.0583014544323875
2025-05-24 00:00:00+00:00,11.548126583947615,-0.0352232184064258,4.272323838324255,-0.0175711053869986,9.730509452145068,-0.1497243385736572,12.10918018617336,-0.0352232184064257,7.71374669172535,-0.0459915513896582,5.461375857781576,-0.0352232184064256,3.894272184920207,-0.0352232184064257,3.6439934195323778,-0.2841251670406984,9.277409801708178,-0.0352232184064257,8.268483707942877,-0.0352232184064256,1.5637863261814673,-0.0563542701133293
2025-05-25 00:00:00+00:00,11.681253462384593,-0.0241012653876081,4.296949526834571,-0.0119083820406891,9.842682828454103,-0.139922355213519,12.2487748941892,-0.0241012653876081,7.802670813803332,-0.0349937357835722,5.52433463422313,-0.0241012653876079,3.939165380019317,-0.024101265387608,3.686001399394805,-0.2758725573060652,9.384359842297345,-0.0241012653876081,8.363802841955101,-0.024101265387608,1.572799334830826,-0.0509154918205385
2025-05-26 00:00:00+00:00,11.727397998121267,-0.0202461659173577,4.305436661440383,-0.0099567494901731,9.881564445994975,-0.1365247845894444,12.297161313733602,-0.0202461659173576,7.833493757879369,-0.0311816649138966,5.546157451249671,-0.0202461659173575,3.9547262920598194,-0.0202461659173576,3.70056223602484,-0.2730120316985266,9.421430943399908,-0.0202461659173576,8.396842429733752,-0.0202461659173575,1.5759062901096357,-0.0490406416362703
2025-05-27 00:00:00+00:00,11.6741785384428,-0.0246923328911519,4.295667528814439,-0.0122031798943809,9.83672146201182,-0.1404432739608516,12.241356242497789,-0.0246923328911519,7.79794501081239,-0.0355782061013055,5.520988739239171,-0.0246923328911518,3.9367795662410674,-0.0246923328911518,3.683768918126075,-0.2763111358026042,9.378676065950868,-0.024692332891152,8.358737181051369,-0.0246923328911518,1.572330080041204,-0.0511986572831353
2025-05-28 00:00:00+00:00,11.55025591958414,-0.0350453251726269,4.272868050111769,-0.0174459628638485,9.732303641045524,-0.1495675579691511,12.111412973345551,-0.0350453251726268,7.715169013831227,-0.0458156437069355,5.462382869798104,-0.0350453251726268,3.8949902418692193,-0.0350453251726268,3.644665328087507,-0.283993168332334,9.27912044448316,-0.035045325172627,8.270008316881942,-0.0350453251726267,1.563983800039454,-0.0562351071818383
2025-05-29 00:00:00+00:00,11.31535065560162,-0.054670252464251,4.229417965357711,-0.0274373914987419,9.53437128596398,-0.1668633701732628,11.865095083810212,-0.0546702524642509,7.558260472022136,-0.0652215278417592,5.351290743447217,-0.0546702524642509,3.81577522556605,-0.0546702524642509,3.5705413366380467,-0.2985550771746305,9.090404778552235,-0.0546702524642511,8.101815637833084,-0.0546702524642508,1.548079660155132,-0.0658322455108373
2025-05-30 00:00:00+00:00,11.143431718429577,-0.0690330495546804,4.1972882919789765,-0.0348256702660479,9.38951152615838,-0.1795215694883679,11.68482364562512,-0.0690330495546804,7.443424604644375,-0.0794240149158295,5.269986306217372,-0.0690330495546804,3.757800528958484,-0.0690330495546804,3.516292582851545,-0.3092124283506778,8.952290390800698,-0.0690330495546804,7.978721305539405,-0.0690330495546803,1.536319308074938,-0.0729288710770281
2025-05-31 00:00:00+00:00,11.208415569963998,-0.0636040381316428,4.209526710363235,-0.0320114229617578,9.444267245797915,-0.1747368810851192,11.752964669340232,-0.0636040381316428,7.486831556078906,-0.0740555992740009,5.300718670929159,-0.0636040381316427,3.7797144561794807,-0.0636040381316429,3.5367981363407552,-0.3051840430083382,9.004496418920986,-0.0636040381316428,8.025249884334052,-0.0636040381316427,1.5407989030017708,-0.0702257200431846
2025-06-01 00:00:00+00:00,11.32104960221211,-0.0541941396221052,4.230677602043006,-0.0271477356760143,9.539173246997011,-0.1664437630999038,11.871070907756732,-0.0541941396221052,7.562067170038772,-0.0647507291217189,5.353985906962014,-0.0541941396221052,3.8176970307270217,-0.0541941396221052,3.572339630395561,-0.2982017962832953,9.094983137020964,-0.0541941396221054,8.105896095980015,-0.0541941396221054,1.5485407025221234,-0.0655540357237173
2025-06-02 00:00:00+00:00,11.344096150877997,-0.0522687385722396,4.234983851051318,-0.0261575056248148,9.558592384638304,-0.1647468714640154,11.89523714878604,-0.0522687385722396,7.577461462544561,-0.0628468183896416,5.364885152270254,-0.0522687385722396,3.8254688136890063,-0.0522687385722397,3.5796119330561633,-0.2967731278272868,9.113498025555842,-0.0522687385722397,8.122397474864542,-0.0522687385722396,1.5501169057504465,-0.0646028971820006
2025-06-03 00:00:00+00:00,11.292539866291566,-0.0565759572325684,4.225360341617875,-0.0283704497022713,9.515150800339852,-0.1685429031111179,11.841176056257444,-0.0565759572325685,7.543023658561789,-0.0671059621318642,5.340502994185094,-0.0565759572325687,3.8080829456381786,-0.0565759572325687,3.5633434274762505,-0.2999691307761648,9.072079291834418,-0.0565759572325687,8.085483063159224,-0.0565759572325685,1.546594441233652,-0.0667284808018977
2025-06-04 00:00:00+00:00,11.219665577770863,-0.0626641673875951,4.211726556292125,-0.0315055642567477,9.453746558871396,-0.1739085555762585,11.764761246961625,-0.0626641673875952,7.494346169801855,-0.0731262188747939,5.306039059529823,-0.0626641673875954,3.783508196416387,-0.0626641673875954,3.5403480588428944,-0.3044866487252927,9.013534329264104,-0.0626641673875954,8.033304914350314,-0.0626641673875952,1.5416041078242286,-0.0697398300723649
2025-06-05 00:00:00+00:00,10.878009549101645,-0.0912074814355828,4.14759978891706,-0.0462516349132504,9.165865473382658,-0.1990643073464919,11.406506218947047,-0.0912074814355831,7.266131832030514,-0.1013509474054085,5.144462030296934,-0.0912074814355831,3.668294567644227,-0.0912074814355831,3.4325390292861178,-0.3256660972423446,8.739058381486174,-0.0912074814355832,7.788678456003489,-0.0912074814355831,1.5181319772740671,-0.0839037701159436
2025-06-06 00:00:00+00:00,11.175897924994334,-0.0663206925284212,4.204389671266235,-0.0331926947549626,9.416867714849005,-0.1771311189628924,11.71886718873978,-0.0663206925284214,7.465110900829411,-0.0767419317976757,5.285340325368234,-0.0663206925284214,3.768748819510716,-0.0663206925284213,3.526537243941735,-0.3071998300272688,8.978372742844435,-0.0663206925284215,8.001967179931928,-0.0663206925284214,1.538918867640148,-0.0713602019806008
2025-06-07 00:00:00+00:00,11.311321313883788,-0.055006879821616,4.229862912938446,-0.0273350749664645,9.53097614239794,-0.1671600461032794,11.860869980756634,-0.0550068798216162,7.555569011972765,-0.0655543979409227,5.349385174659019,-0.0550068798216162,3.814416446437572,-0.0550068798216161,3.5692698841129906,-0.2988048583238256,9.087167729315226,-0.0550068798216162,8.098930620414418,-0.0550068798216161,1.548242972149244,-0.0657336970945333
2025-06-08 00:00:00+00:00,11.330808967910066,-0.0533788030945721,4.233506612146457,-0.0264971994868211,9.5473965375438,-0.1657251919045149,11.881304421987824,-0.0533788030945724,7.568586086706224,-0.0639444929533461,5.358601336471088,-0.0533788030945723,3.820988094961877,-0.0533788030945723,3.5754191830938824,-0.2975968077392207,9.10282351132986,-0.0533788030945723,8.112883823009746,-0.0533788030945722,1.549576628495053,-0.0649289201919677
2025-06-09 00:00:00+00:00,11.81615389415748,-0.0128311426144179,4.324175820331826,-0.0056476446909172,9.956350609710432,-0.1299897871022696,12.390229321767189,-0.0128311426144183,7.892779607791345,-0.0238494042162848,5.588132165011617,-0.012831142614418,3.9846566547614137,-0.0128311426144182,3.728569021259618,-0.2675100040070918,9.492734701101204,-0.012831142614418,8.460391844006658,-0.0128311426144182,1.5827641119266709,-0.0449023817182602
2025-06-10 00:00:00+00:00,11.817372341373751,-0.0127293486502358,4.324398768510994,-0.0055963773381826,9.957377279453674,-0.1299000741947086,12.391506965961844,-0.0127293486502363,7.893593488130743,-0.0237487464230005,5.588708396849963,-0.0127293486502361,3.9850675408968073,-0.0127293486502361,3.728953500387541,-0.2674344717819229,9.49371356412846,-0.0127293486502362,8.461264254859058,-0.0127293486502361,1.5828454733703876,-0.0448532852543409
2025-06-11 00:00:00+00:00,11.64277432061272,-0.0273159671218921,4.292452941462792,-0.0129423802963228,9.810260110362144,-0.1427555314420058,12.208426283725176,-0.0273159671218925,7.776968086145688,-0.0381725567013017,5.50613695909605,-0.0273159671218923,3.9261894007197737,-0.0273159671218923,3.673859365932783,-0.2782579008497224,9.35344688300125,-0.0273159671218923,8.336251692898715,-0.0273159671218922,1.571152001919705,-0.0519095526082914
2025-06-12 00:00:00+00:00,11.324135906506626,-0.0539362973909315,4.233715205927059,-0.0264492329550097,9.541773782494408,-0.1662165219620184,11.874307156904152,-0.0539362973909319,7.564128713906377,-0.0644957647904446,5.3554454915657415,-0.0539362973909317,3.8187377977190486,-0.0539362973909317,3.573313508925392,-0.2980104745519967,9.097462578989742,-0.0539362973909317,8.108105896556017,-0.0539362973909316,1.5496520070711144,-0.0648834340086993
2025-06-13 00:00:00+00:00,11.366450424344492,-0.0504011729672828,4.241625196547125,-0.024630315748509,9.577428207720112,-0.1631009512778053,11.918677481152418,-0.0504011729672831,7.592393339307826,-0.0610000975735377,5.375457004643077,-0.0504011729672829,3.833007146832642,-0.0504011729672829,3.58666578935209,-0.2953873738985069,9.131456761482449,-0.0504011729672829,8.138403183203204,-0.0504011729672828,1.5525472779728222,-0.0631363219016807
2025-06-14 00:00:00+00:00,11.29658528251094,-0.0562379869469154,4.228589387877832,-0.0276279244471941,9.518559488361614,-0.1682450436335076,11.845418014775332,-0.0562379869469158,7.545725855818806,-0.0667717640934749,5.34241616497644,-0.0562379869469156,3.809447145428076,-0.0562379869469156,3.5646199522853186,-0.2997183531596187,9.075329254831688,-0.0562379869469156,8.088379589955894,-0.0562379869469155,1.5477757987365626,-0.0660156065783372
2025-06-15 00:00:00+00:00,11.315807171445192,-0.0546321133008892,4.232187000498354,-0.0268006466649435,9.534755948506309,-0.1668297574216166,11.865573778996604,-0.0546321133008896,7.558565408719221,-0.0651838143677581,5.329060124563999,-0.0585973919795481,3.8159291723502897,-0.0546321133008894,3.570685389503919,-0.2985267775018756,9.090771529343456,-0.0546321133008894,8.102142504168288,-0.0546321133008893,1.549092623658594,-0.0652209863710372
2025-06-16 00:00:00+00:00,11.444458908655127,-0.0438840315172728,4.25624530237475,-0.0212683949412623,9.643158548344127,-0.1573572737114119,12.000475925748688,-0.0438840315172731,7.644500292189179,-0.0545556970420194,5.329060124563999,-0.0585973919795481,3.859313255310961,-0.043884031517273,3.611281245498093,-0.2905515842776249,9.1941263790779,-0.0438840315172729,8.194257427345315,-0.0438840315172728,1.5578986242162614,-0.0599071243142473
2025-06-17 00:00:00+00:00,11.204052950247704,-0.0639685088688318,4.211541278388056,-0.0315481692589383,9.440591280516712,-0.1750580959019001,11.748390096326643,-0.0639685088688323,7.483917477924391,-0.0744160019797705,5.203793535541104,-0.0807263023028536,3.778243288670962,-0.0639685088688322,3.5354215184605695,-0.305454484247267,9.000991624388048,-0.0639685088688321,8.022126239144859,-0.0639685088688318,1.5415356746936166,-0.0697811251204183
2025-06-18 00:00:00+00:00,11.240018039979676,-0.0609638411186906,4.218300817130855,-0.0299938006233936,9.41698980231542,-0.1771204506621453,11.786102512172668,-0.060963841118691,7.507940906306553,-0.0714448707568909,5.220497749836008,-0.0777754271889343,3.790371476524918,-0.0609638411186909,3.5467702467035016,-0.3032249881972296,9.029884871580412,-0.0609638411186908,8.047877321482048,-0.0609638411186905,1.544009862757137,-0.0682881097627647
2025-06-19 00:00:00+00:00,11.215564436612857,-0.0630067931579765,4.2137121832560185,-0.0310489656052708,9.41698980231542,-0.1771204506621453,11.760460856167471,-0.0630067931579767,7.491606750225014,-0.0734650204358303,5.209140118478319,-0.0797818042106118,3.782125205000249,-0.0630067931579767,3.539053950115931,-0.3047408807619864,9.010239598564633,-0.0630067931579767,8.030368488376588,-0.0630067931579765,1.542330275535111,-0.0693016339786385
2025-06-20 00:00:00+00:00,11.06975799136593,-0.0751880480098643,4.1863222824531405,-0.0373473247624001,9.41698980231542,-0.1771204506621453,11.607570557904316,-0.0751880480098646,7.394213118757629,-0.0855103145029011,5.141419389150688,-0.0917449777751615,3.7329561921755654,-0.0751880480098646,3.4930449526267835,-0.3137795039427041,8.89310318388709,-0.0751880480098645,7.925970756997968,-0.0751880480098645,1.5323048112831703,-0.0753513649253058
2025-06-21 00:00:00+00:00,10.943521715919823,-0.0857343324361668,4.162452486330853,-0.0428362292337087,9.41698980231542,-0.1771204506621453,11.475201225589135,-0.0857343324361671,7.309891679689607,-0.0959388868277051,5.082788149452493,-0.102102451827468,3.6903866539371255,-0.0857343324361671,3.4532112918431097,-0.3216049613397511,8.79168884186015,-0.0857343324361671,7.835585309688407,-0.0857343324361669,1.523567787317492,-0.0806236039896172
2025-06-22 00:00:00+00:00,10.819625887897056,-0.0960850865038291,4.138890121728918,-0.0482544392492274,9.41698980231542,-0.1771204506621453,11.345286048877416,-0.0960850865038296,7.227133578054519,-0.1061741112012927,5.025243945421296,-0.1122678961056674,3.648606364000973,-0.0960850865038295,3.4141161556112247,-0.3292853330905632,8.6921547433262,-0.0960850865038296,7.746875627815648,-0.0960850865038294,1.514943297867462,-0.0858279356209381
2025-06-23 00:00:00+00:00,11.287936129052268,-0.0569605718940675,4.228462748874462,-0.0276570453239823,9.41698980231542,-0.1771204506621453,11.83634865127922,-0.0569605718940678,7.539948522292621,-0.067486283926014,5.242753610573075,-0.0738438285858262,3.80653046820841,-0.0569605718940678,3.5618907253359233,-0.300254519025351,9.068380790897672,-0.0569605718940681,8.082186777300032,-0.0569605718940678,1.547729417998187,-0.06604359440825
2025-06-24 00:00:00+00:00,11.368208974812312,-0.0502542566126447,4.243497859551997,-0.0241996933716761,9.41698980231542,-0.1771204506621453,11.920521468947884,-0.0502542566126451,7.593567989824059,-0.0608548210222799,5.280036843497851,-0.0672575766219887,3.8336001671916424,-0.0502542566126451,3.587220697222735,-0.2952783603703603,9.13286952685424,-0.0502542566126452,8.139662309156407,-0.0502542566126452,1.55323353913371,-0.0627222068763626
2025-06-25 00:00:00+00:00,11.502975452405748,-0.0389953249085162,4.268650513786018,-0.0184157932669957,9.41698980231542,-0.1771204506621453,12.061835434323292,-0.0389953249085166,7.683587307081705,-0.0497215556152043,5.34262998974792,-0.0562002138325529,3.879046269755266,-0.0389953249085165,3.6297460500541345,-0.2869241109659747,9.241136770989318,-0.0389953249085168,8.23615539972463,-0.0389953249085166,1.5624404400848886,-0.0571664268937583
2025-06-26 00:00:00+00:00,11.46080453344825,-0.0425184525061311,4.260825889817221,-0.0202150802516272,9.41698980231542,-0.1771204506621453,12.01761568555619,-0.0425184525061316,7.6554186007352065,-0.0532053599083645,5.323043438663832,-0.0596602667953058,3.864825345216996,-0.0425184525061316,3.6164390820312553,-0.2895383098444666,9.207257951421548,-0.0425184525061318,8.205960930187576,-0.0425184525061318,1.559576255411125,-0.0588947804365366
2025-06-27 00:00:00+00:00,11.471577664376277,-0.0416184219679419,4.2628284732762864,-0.019754582422223,9.41698980231542,-0.1771204506621453,12.0289122177364,-0.0416184219679424,7.662614677298058,-0.0523153750395105,5.32804708772991,-0.0587763495246574,3.8684582724985375,-0.0416184219679424,3.619838526774445,-0.288870477426153,9.215912753543796,-0.0416184219679426,8.213674515323172,-0.0416184219679426,1.5603092371253398,-0.0584524725245645
2025-06-28 00:00:00+00:00,11.49828276959128,-0.039387370439873,4.267790270433702,-0.0186136078423173,9.41698980231542,-0.1771204506621453,12.056914762442544,-0.0393873704398735,7.680452758263568,-0.0501092253397353,5.340450443417435,-0.0565852405636948,3.877463797998987,-0.0393873704398735,3.6282652812756178,-0.2872150130011678,9.237366813912493,-0.0393873704398737,8.232795428640497,-0.0393873704398738,1.5621253954667509,-0.0573565363119391
2025-06-29 00:00:00+00:00,11.611890916632348,-0.0298960904761214,4.288874103311169,-0.0137653408541715,9.48649137478463,-0.1710472336541293,12.1760424419962,-0.0298960904761218,7.756339047006647,-0.040723882070395,5.393216468692604,-0.0472638832046462,3.9157748646283856,-0.0298960904761218,3.6641141557414008,-0.2801723803546838,9.328636105883865,-0.029896090476122,8.31413910859326,-0.0298960904761222,1.5698426891289436,-0.0526996397214745
2025-06-30 00:00:00+00:00,11.482177190687738,-0.0407328950552562,4.264919097014521,-0.0192738395651903,9.380519991553482,-0.1803072717243111,12.04002671090207,-0.0407328950552566,7.669694792018358,-0.0514397319142907,5.332970105029481,-0.0579066762207699,3.8720326566367778,-0.0407328950552565,3.623183190850331,-0.2882134068552249,9.224428087055305,-0.0407328950552567,8.221263799176368,-0.0407328950552569,1.5610745020143908,-0.0579906837669222
2025-07-01 00:00:00+00:00,11.325144313569533,-0.0538520510230368,4.235755093299975,-0.025980157020519,9.25222985818634,-0.1915175766461335,11.875364556365176,-0.0538520510230372,7.564802294732568,-0.0644124587363713,5.260035188134333,-0.0707909596358429,3.819077853878599,-0.0538520510230372,3.5736317102089257,-0.2979479628335407,9.098272702216349,-0.0538520510230374,8.108827918202552,-0.0538520510230376,1.550399691724475,-0.0644322538067543
2025-07-02 00:00:00+00:00,11.664687081103764,-0.0254852872805606,4.299251856217735,-0.0113789570727953,9.529623915597805,-0.1672782069809332,12.231403652671869,-0.0254852872805612,7.791605047605676,-0.0363623099492542,5.417737982523153,-0.0429320467207076,3.9335788463631634,-0.025485287280561,3.6807739034945826,-0.2768995165575029,9.371050920979547,-0.0254852872805613,8.351941276988311,-0.0254852872805615,1.5736412153606727,-0.0504074703896283
2025-07-03 00:00:00+00:00,11.743471428021763,-0.0189033271585475,4.313770623303944,-0.0080403392995594,9.593987853639554,-0.1616539290066296,12.314015654345472,-0.0189033271585481,7.844230249709301,-0.0298538142177907,5.454329872709165,-0.036467923582985,3.9601465920991994,-0.0189033271585481,3.705634181882111,-0.2720156307791698,9.434343842736594,-0.0189033271585483,8.408351040441886,-0.0189033271585484,1.578955475472173,-0.0472006519274348
2025-07-04 00:00:00+00:00,11.571952210121198,-0.0332327300988978,4.282268244810221,-0.015284370429327,9.453862908193075,-0.1738983886886012,12.134163355372875,-0.0332327300988986,7.729661380894949,-0.0440232798697896,5.374666682853184,-0.0505407868910874,3.902306689272198,-0.0332327300988983,3.651511558891313,-0.2826482031337677,9.296550577156706,-0.0332327300988987,8.285542908014476,-0.0332327300988987,1.5674247569299082,-0.0541587082377895
2025-07-05 00:00:00+00:00,11.594872306041683,-0.0313178934182262,4.286509102236268,-0.0143091772953447,9.472587790627813,-0.1722621627668622,12.158197000082948,-0.0313178934182269,7.744971207367272,-0.0421298155929521,5.3853120669400525,-0.0486602315757959,3.910035829697703,-0.0313178934182268,3.658743959584374,-0.2812273735542498,9.314963877444251,-0.0313178934182271,8.301953746458734,-0.0313178934182272,1.5689770246778232,-0.0532220132383278
2025-07-06 00:00:00+00:00,11.702648623926247,-0.022313827837129,4.30643101924509,-0.0097280950445139,9.560637111566017,-0.1645681982352962,12.271209517185126,-0.0223138278371297,7.816962037177194,-0.0332262486745817,5.435369462132899,-0.0398173659890407,3.9463802803650863,-0.0223138278371296,3.692752609411498,-0.2745462592625318,9.401548057195464,-0.0223138278371298,8.379121824073101,-0.0223138278371298,1.5762689834134722,-0.0488217792624959
2025-07-07 00:00:00+00:00,11.601818633971206,-0.0307375693409811,4.287878920042316,-0.0139941851168621,9.47826268720262,-0.1717662764556262,12.165480808059884,-0.030737569340982,7.749611112697067,-0.0415559687890216,5.388538333054281,-0.0480902970539273,3.9123782781846184,-0.0307375693409818,3.660935862581028,-0.2807967667965148,9.320544343708695,-0.0307375693409819,8.306927332338468,-0.0307375693409819,1.5694784147200624,-0.0529194561917253
2025-07-08 00:00:00+00:00,11.672550727254157,-0.0248283267623834,4.300949743735007,-0.0109885246477511,9.536048227703011,-0.1667168349118418,12.239649345812063,-0.0248283267623842,7.796857689585008,-0.035712682080195,5.421390302909793,-0.0422868477818816,3.936230633928264,-0.024828326762384,3.683255264832048,-0.2764120447296317,9.377368332495823,-0.024828326762384,8.357571664705912,-0.0248283267623842,1.5742626866570355,-0.0500324519326682
2025-07-09 00:00:00+00:00,11.920206285853377,-0.0041381887532242,4.3465761940362615,-0.0004966366657394,9.73837378668702,-0.1490371338299361,12.499336989637683,-0.0041381887532251,7.962282984497137,-0.0152534765517945,5.536415499649063,-0.0219671257920167,4.019745318867242,-0.0041381887532249,3.761402591957871,-0.2610597379849083,9.576327193060246,-0.0041381887532249,8.534893582384369,-0.004138188753225,1.5909631923614231,-0.0399547574094174
2025-07-10 00:00:00+00:00,12.432019486326528,0.0,4.439889808734786,0.0,10.15650650483329,-0.1124996765432122,13.036016096949032,0.0,8.304156391688483,0.0,5.774130390488445,0.0,4.192339539755688,0.0,3.9229044529737056,-0.2293321511134251,9.987502180465873,0.0,8.901352945196074,0.0,1.6251184919252175,-0.0193442033671161
2025-07-11 00:00:00+00:00,12.594657006312897,0.0,4.4689314567268745,0.0,10.289375427013496,-0.1008892658812222,13.206555190041833,0.0,8.412792595372736,0.0,5.849668419351722,0.0,4.247184346461193,0.0,3.974224469973103,-0.2192501601855636,10.118160163046737,0.0,9.017801762632557,0.0,1.6357486150828804,-0.0129295991734652
2025-07-12 00:00:00+00:00,12.58311980074529,-0.0009160396795102,4.466884597457188,-0.0004580198397551,10.279949950844973,-0.1017128869899487,13.194457461458112,-0.0009160396795102,8.405086143539885,-0.0009160396795101,5.844309890967617,-0.0009160396795103,4.24329375707364,-0.0009160396795102,3.970583922663327,-0.2199653580186049,10.108891526853746,-0.0009160396795102,9.009541098396028,-0.0009160396795102,1.634999388862178,-0.0133817096133942
2025-07-13 00:00:00+00:00,12.761722515655135,0.0,4.498585706916845,0.0,10.425861855001644,-0.0889627487338843,13.381737401703084,0.0,8.524386541855923,0.0,5.927263055987906,0.0,4.303522364698313,0.0,4.026941732140994,-0.2088936757182142,10.25237545611891,0.0,9.137421030062104,0.0,1.646602858545568,-0.0063797526098837
2025-07-14 00:00:00+00:00,12.842581544904448,0.0,4.51283735957619,0.0,10.491920732841113,-0.0831903627838708,13.466524881970232,0.0,8.578397559559436,0.0,5.964818545556383,0.0,4.330789737134545,0.0,4.052456673318019,-0.2038811792205083,10.317335113866076,0.0,9.195316270569544,0.0,1.651819343033068,-0.0032319355269262
2025-07-15 00:00:00+00:00,12.619350655569288,-0.0173820885274994,4.473616090329011,-0.0086910442637496,10.30954923783936,-0.0991264290608262,13.23244855431405,-0.0173820885274994,8.42928709375509,-0.0173820885274993,5.861137541547052,-0.0173820885274994,4.255511566529686,-0.0173820885274995,3.9820165126685496,-0.2177193870417059,10.137998281548978,-0.0173820885274993,9.03548246911615,-0.0173820885274993,1.6374633063549262,-0.0118948918929052
2025-07-16 00:00:00+00:00,12.7128335266899,-0.010102954593738,4.49018613770426,-0.0050192861091846,10.38592133407612,-0.0924528489197668,13.330473192552242,-0.0101029545937381,8.491730398528174,-0.010102954593738,5.904556254630741,-0.010102954593738,4.287035965065248,-0.0101029545937381,4.011514887554396,-0.2119243315180639,10.213099545682308,-0.010102954593738,9.10241640781292,-0.010102954593738,1.6435283897264297,-0.0082349992789948
2025-07-17 00:00:00+00:00,12.77146580685156,-0.0055374955420163,4.500540629134166,-0.002724833505451,10.433821768555816,-0.0882671920628328,13.39195406046987,-0.0055374955420163,8.530894721315732,-0.0055374955420162,5.9317883894514285,-0.0055374955420163,4.3068080082717515,-0.0055374955420164,4.030016212555306,-0.2082896836414902,10.260202916667554,-0.0055374955420163,9.144397247713837,-0.0055374955420163,1.6473184129147376,-0.0059479609938145
2025-07-18 00:00:00+00:00,12.637220143107822,-0.0159906636433316,4.47688719447361,-0.0079662000285239,10.32414795742975,-0.0978507573175591,13.251186212138087,-0.0159906636433317,8.441223289585743,-0.0159906636433317,5.869437138500884,-0.0159906636433316,4.261537535138032,-0.0159906636433319,3.987655201725815,-0.2166116475037193,10.152354078364707,-0.0159906636433316,9.048277060992811,-0.0159906636433316,1.6386606175992264,-0.0111723905996575
2025-07-19 00:00:00+00:00,12.628128405040243,-0.0166986005978909,4.47527676570568,-0.0083230550710645,10.316720339018666,-0.0984998007400403,13.24165276152465,-0.0166986005978909,8.43515032494243,-0.0166986005978909,5.865214423025244,-0.0166986005978909,4.258471609040689,-0.016698600597891,3.984786317890023,-0.2171752494371692,10.14505005556503,-0.016698600597891,9.041767356796017,-0.0166986005978909,1.6380711557324883,-0.0115280933987969
2025-07-20 00:00:00+00:00,12.566522342094812,-0.021495616114594,4.464360493187567,-0.0107419927921301,10.26639043246321,-0.1028977507956289,13.177053632709772,-0.0214956161145939,8.393999618740777,-0.0214956161145939,5.836601095907892,-0.021495616114594,4.2376967434720765,-0.0214956161145941,3.9653466203473497,-0.2209942437735877,10.095557638932789,-0.021495616114594,8.997657281965102,-0.021495616114594,1.634075503568215,-0.0139392157112266
2025-07-21 00:00:00+00:00,12.5788718458066,-0.0205340100956945,4.466554124606845,-0.0102559058263272,10.276479526589725,-0.102016141130297,13.190003124089934,-0.0205340100956944,8.402248657466561,-0.0205340100956945,5.842336901322942,-0.0205340100956946,4.241861256949893,-0.0205340100956947,3.9692434870757416,-0.220228691123767,10.105478850477285,-0.0205340100956946,9.006499553436566,-0.0205340100956945,1.6348784315121354,-0.013454699691997
2025-07-22 00:00:00+00:00,12.85471672192912,0.0,4.515528153609591,0.0,10.501834729881088,-0.0823240535292525,13.47924963382627,0.0,8.58650343551664,0.0,5.970454805580684,0.0,4.3348819751268035,0.0,4.056285909592951,-0.2031289128020277,10.32708414194052,0.0,9.204005083667678,0.0,1.6528042421863756,-0.0026376114400432
2025-07-23 00:00:00+00:00,12.726288956107222,-0.0099907114719073,4.492971484146596,-0.0049953557359536,10.39691392916919,-0.0914922891351512,13.3445823398769,-0.0099907114719072,8.500718157139852,-0.0099907114719073,5.9108057142620645,-0.0099907114719074,4.29157342004854,-0.0099907114719074,4.015760727422645,-0.2110902219145277,10.223909223932282,-0.0099907114719073,9.112050524490783,-0.0099907114719074,1.6445478957710518,-0.0076197921311291
2025-07-24 00:00:00+00:00,12.68181616853007,-0.0134503588946534,4.485121003653272,-0.0067339077339185,10.36058128371185,-0.0946671243582749,13.297948888620684,-0.0134503588946534,8.471011882658766,-0.0134503588946534,5.890150045681315,-0.0134503588946535,4.276576256795384,-0.0134503588946535,4.0017274083296,-0.2138471149176132,10.188181153896137,-0.0134503588946534,9.080207912024132,-0.0134503588946535,1.6416744085936994,-0.0093537591440099
2025-07-25 00:00:00+00:00,12.60394271003232,-0.019508326579379,4.471350425382232,-0.0097835129633826,10.296961508287902,-0.1002263755870447,13.216292029924611,-0.0195083265793789,8.41899512232162,-0.0195083265793791,5.8539812234059925,-0.0195083265793791,4.250315681872966,-0.0195083265793791,3.977154559369278,-0.2186745342127506,10.125620011886816,-0.019508326579379,9.024450346657224,-0.019508326579379,1.6366340073544985,-0.0123953211698795
2025-07-26 00:00:00+00:00,12.63670040089156,-0.0169600253162824,4.4771609530213885,-0.0084967249196602,10.323723346994887,-0.0978878608135399,13.250641218792088,-0.0169600253162823,8.44087611987193,-0.0169600253162826,5.869195740928315,-0.0169600253162826,4.2613622670855555,-0.0169600253162827,3.9874911978761745,-0.216643866614719,10.151936533449827,-0.0169600253162826,9.04790492443748,-0.0169600253162826,1.638760816271961,-0.0111119270644015
2025-07-27 00:00:00+00:00,12.796969610985265,-0.0044922896546871,4.505552504084531,-0.0022091877595946,10.45465744636881,-0.0864465196899382,13.41869694014329,-0.0044922896546869,8.547930374963332,-0.0044922896546871,5.943633793223797,-0.004492289654687,4.315408429675651,-0.0044922896546872,4.038063898364833,-0.2067086885431664,10.280691888686595,-0.0044922896546871,9.162658026848629,-0.0044922896546872,1.6491528853728772,-0.0048409733748953
2025-07-28 00:00:00+00:00,12.651952959580372,-0.0157734912977777,4.48002379858888,-0.0078627247606304,10.336184131158609,-0.0967990070850888,13.26663480702654,-0.0157734912977776,8.451064298298178,-0.0157734912977779,5.876279888661082,-0.0157734912977777,4.266505752015247,-0.0157734912977778,3.992304119096688,-0.2156983519613957,10.1641899700962,-0.0157734912977778,9.058825789575742,-0.0157734912977778,1.6398086947768875,-0.0104795989387114
2025-07-29 00:00:00+00:00,12.639997816972883,-0.0167035112170105,4.47790715606072,-0.0083314722595179,10.326417215671327,-0.0976524639947074,13.254098836370767,-0.0167035112170105,8.443078679066586,-0.0167035112170108,5.8707272467650125,-0.0167035112170105,4.262474225430855,-0.0167035112170107,3.9885316924026633,-0.2164394579455505,10.154585576136602,-0.0167035112170106,9.050265881511212,-0.0167035112170106,1.639033946434474,-0.0109471103581523
2025-07-30 00:00:00+00:00,12.628160554043312,-0.0176243609864479,4.475810392867086,-0.0087958173200084,10.316746603581649,-0.098497505678433,13.241686472453273,-0.0176243609864478,8.435171799357718,-0.017624360986448,5.865229354833858,-0.0176243609864479,4.2584824503635215,-0.0176243609864481,3.984796462458043,-0.217173256502468,10.145075883085536,-0.0176243609864481,9.041790375552017,-0.0176243609864479,1.6382664745827793,-0.0114102308775829
2025-07-31 00:00:00+00:00,12.405665876878407,-0.0349327686299509,4.436380897805217,-0.0175277958883073,10.134976567072169,-0.1143810150445863,13.008382125062468,-0.0349327686299508,8.286553097663456,-0.0349327686299513,5.761890289241755,-0.0349327686299509,4.183452546051553,-0.034932768629951,3.9145886124162104,-0.230965826119012,9.966330500988072,-0.034932768629951,8.882483703611022,-0.0349327686299509,1.623834223874534,-0.0201191775702842
2025-08-01 00:00:00+00:00,12.14138499715938,-0.0554918276458672,4.389126253916014,-0.0279927165535519,9.919068727085143,-0.1332475689855652,12.731261436350367,-0.055491827645867,8.110022666792302,-0.0554918276458674,5.639143356541962,-0.055491827645867,4.09433145169789,-0.0554918276458672,3.831195191015459,-0.2473487458287924,9.754015368651586,-0.0554918276458672,8.693258019913106,-0.0554918276458671,1.6065377598176818,-0.0305564951092105
2025-08-02 00:00:00+00:00,12.060843171407006,-0.0617573741759573,4.374568267243538,-0.0312166997017553,9.853268992933758,-0.1389973103277222,12.646806570578928,-0.0617573741759571,8.056223529986294,-0.0617573741759575,5.601735194151796,-0.0617573741759572,4.067171046980284,-0.0617573741759575,3.805780342909556,-0.2523415787041149,9.689310542440102,-0.0617573741759573,8.6355898977982,-0.0617573741759572,1.6012091472008734,-0.0337719743968123
2025-08-03 00:00:00+00:00,12.23899687190734,-0.0478983600604291,4.406877182707607,-0.0240616307120421,9.998814068694124,-0.1262792264321033,12.833615681520856,-0.0478983600604289,8.175224002302151,-0.0478983600604292,5.684479811578462,-0.047898360060429,4.127248237462715,-0.0478983600604292,3.861996466587223,-0.2412977310583818,9.832433747335504,-0.0478983600604291,8.763148334172143,-0.0478983600604291,1.613035074910326,-0.0266357781031517
2025-08-04 00:00:00+00:00,12.329681708127614,-0.0408437638229581,4.42320355895148,-0.0204460234810648,10.072900272466084,-0.1198053931529133,12.928706345271577,-0.040843763822958,8.235798317131378,-0.0408437638229582,5.726598959585901,-0.0408437638229582,4.1578290795343245,-0.0408437638229585,3.8906119259031433,-0.2356761272848857,9.90528715626728,-0.0408437638229584,8.828078873805048,-0.0408437638229582,1.6190109655038891,-0.0230297076659867
2025-08-05 00:00:00+00:00,12.230525609598969,-0.0485573603707135,4.4054177142603494,-0.024384841729139,9.991893356348577,-0.1268839751655682,12.824732851829763,-0.0485573603707133,8.169565493873888,-0.0485573603707136,5.680545280009045,-0.0485573603707134,4.124391548896059,-0.0485573603707139,3.8593233729141985,-0.241822869352102,9.825628195681633,-0.0485573603707136,8.757082891966146,-0.0485573603707136,1.6125008703181531,-0.0269581366465472
2025-08-06 00:00:00+00:00,12.322956136685828,-0.0413669625512751,4.422064385644909,-0.0206983025651096,10.067405725890415,-0.1202855200411138,12.921654019004494,-0.0413669625512748,8.231305869453228,-0.041366962551275,5.723475225224148,-0.0413669625512749,4.155561074797534,-0.0413669625512754,3.888489682273555,-0.2360930492243401,9.899884038976998,-0.0413669625512751,8.823263350049851,-0.0413669625512751,1.6185939975569623,-0.0232813213398175
2025-08-07 00:00:00+00:00,12.588693366243822,-0.020694610502889,4.469743981584962,-0.0101392728529507,10.284503350580488,-0.1013149998093344,13.200301812783032,-0.0206946105028886,8.408809091336906,-0.0206946105028889,5.846898568854091,-0.0206946105028887,4.245173281075559,-0.0206946105028893,3.972342652605569,-0.2196198495726034,10.1133691579925,-0.0206946105028889,9.013531783394566,-0.0206946105028889,1.6360460057414712,-0.0127501427986466
2025-08-08 00:00:00+00:00,12.503255247324216,-0.0273410517094739,4.45457614379876,-0.0134983124315385,10.214703523487062,-0.1074142790342495,13.110712772582923,-0.0273410517094736,8.351739401082606,-0.0273410517094737,5.807216292012227,-0.0273410517094736,4.216361742890394,-0.0273410517094742,3.94538278679036,-0.2249162064028921,10.044730800407637,-0.0273410517094737,8.95235790474086,-0.0273410517094738,1.63049417124372,-0.0161003223143053
2025-08-09 00:00:00+00:00,12.480484108451275,-0.0291124745549181,4.450519769279324,-0.0143966291691263,10.196100333527472,-0.1090398711705423,13.086835321842118,-0.0291124745549178,8.336529072734447,-0.0291124745549179,5.79664009197193,-0.0291124745549178,4.20868283392735,-0.0291124745549183,3.938197389262454,-0.2263278020516286,10.026437167631778,-0.029112474554918,8.936053719866067,-0.0291124745549179,1.6290094295305764,-0.0169962696404428
2025-08-10 00:00:00+00:00,12.783944978209057,-0.0055055078420617,4.504626588707311,-0.0024142391612739,10.444016796419694,-0.0873763256490184,13.405039519262138,-0.0055055078420613,8.539230373516515,-0.0055055078420614,5.937584419827886,-0.0055055078420613,4.31101624841833,-0.0055055078420619,4.0339539957080435,-0.2075160928217082,10.270228299211436,-0.0055055078420616,9.153332361501173,-0.0055055078420614,1.6488139737301797,-0.0050454850265743
2025-08-11 00:00:00+00:00,12.718788593691505,-0.010574183093878,4.493147143879361,-0.0049564544763913,10.39078640662568,-0.0920277270080817,13.336717580230108,-0.0105741830938776,8.495708176053276,-0.0105741830938779,5.907322123312752,-0.0105741830938776,4.28904413943146,-0.0105741830938783,4.013393999703799,-0.2115551735802765,10.217883663397757,-0.0105741830938779,9.106680248715993,-0.0105741830938779,1.6446121895566932,-0.0075809949148707
2025-08-12 00:00:00+00:00,12.873969688233007,0.0,4.520557438758744,0.0,10.517563701165107,-0.0809496176348267,13.499437985278552,0.0,8.599363747018506,0.0,5.979396968031816,0.0,4.341374481994424,0.0,4.062361153227307,-0.2019354106407396,10.34255138305545,0.0,9.217790249344212,0.0,1.654645091208507,-0.0015267759697384
2025-08-13 00:00:00+00:00,13.213929321173683,0.0,4.580244042222334,0.0,10.795298322409897,-0.056680488670788,13.855914199959669,0.0,8.826444951476509,0.0,6.137293378205646,0.0,4.456016050298397,0.0,4.1696348877449445,-0.180861122644745,10.615664498667906,0.0,9.461202084666104,0.0,1.6764919856707947,0.0
2025-08-14 00:00:00+00:00,12.6768973710607,-0.0406413517932519,4.487170387512882,-0.0203206758966258,10.356562805575734,-0.0950182687841569,13.292791116541991,-0.0406413517932519,8.46772629711978,-0.0406413517932517,5.887865478963595,-0.0406413517932519,4.274917534401843,-0.040641351793252,4.000175289422685,-0.2141520339268695,10.18422954325841,-0.0406413517932517,9.07668604235614,-0.0406413517932519,1.642424534537627,-0.0203206764030767
2025-08-15 00:00:00+00:00,12.574766418114846,-0.0483703891192046,4.469095026709169,-0.0242670509450048,10.273125541897032,-0.10230922049752,13.185698238505305,-0.0483703891192047,8.39950637463435,-0.0483703891192046,5.840430109363121,-0.0483703891192046,4.240476820024042,-0.0483703891192048,3.9679480257397097,-0.2204831888850873,10.102180676108413,-0.0483703891192046,9.003560058295374,-0.0483703891192046,1.635808289549621,-0.0242671581307293
2025-08-16 00:00:00+00:00,12.578903994809677,-0.0480572667621629,4.46983027787864,-0.024106524308718,10.24744272804229,-0.1045534474462761,13.190036835018564,-0.048057266762163,8.402270131881856,-0.0480572667621629,5.842351833131561,-0.0480572667621629,4.241872098272727,-0.0480572667621631,3.969253631643764,-0.2202266981890653,10.1055046779978,-0.0480572667621629,9.006522572192573,-0.0480572667621629,1.6360771159351393,-0.0241068075965091
2025-08-17 00:00:00+00:00,12.581513422225346,-0.0478597912533838,4.47029389925914,-0.0240053023266083,10.24744272804229,-0.1045534474462761,13.1927730387248,-0.047859791253384,8.40401313858936,-0.0478597912533838,5.843563798263949,-0.0478597912533839,4.242752052309387,-0.047859791253384,3.970077032414644,-0.2200649383224989,10.107601011745702,-0.0478597912533839,9.008390927887904,-0.0478597912533838,1.6362467189933692,-0.0240056421512344
2025-08-18 00:00:00+00:00,12.455279290046107,-0.057412902149547,4.447867993407375,-0.0289015274283791,10.24744272804229,-0.1045534474462761,13.060405953804862,-0.0574129021495471,8.319693131149023,-0.0574129021495471,5.784933554019662,-0.057412902149547,4.200183236825803,-0.0574129021495473,3.9302440479355054,-0.2278902628572323,10.006188391553463,-0.0574129021495471,8.918007015162077,-0.057412902149547,1.6280372574116757,-0.0289024514720429
2025-08-19 00:00:00+00:00,12.095841647780077,-0.0846143222214766,4.3836891360958985,-0.0429136317441868,10.24744272804229,-0.1045534474462761,12.683505411171144,-0.0846143222214768,8.07960129428215,-0.0846143222214766,5.617990458734418,-0.0846143222214766,4.078973272394376,-0.0846143222214769,3.816824057807382,-0.2501720035574215,9.717427242182527,-0.0846143222214768,8.660648882871659,-0.0846143222214766,1.6045424228888336,-0.0429167353002124
2025-08-20 00:00:00+00:00,12.245688151079191,-0.0732742809924831,4.410842289539952,-0.0369853115075912,10.24744272804229,-0.1045534474462761,12.840632049464086,-0.0732742809924832,8.179693543937335,-0.0732742809924831,5.6875876186777,-0.073274280992483,4.129504678121817,-0.0732742809924832,3.86410788934426,-0.2408829349159413,9.837809315270585,-0.0732742809924832,8.767939304587612,-0.0732742809924831,1.614488499820881,-0.0369840633774964
2025-08-21 00:00:00+00:00,12.055876150433033,-0.0876388198085043,4.376657571246334,-0.044448826110414,10.24744272804229,-0.1045534474462761,12.641598232107304,-0.0876388198085045,8.052905732824374,-0.0876388198085045,5.599428229721155,-0.0876388198085043,4.0654960626024925,-0.0876388198085044,3.804213007150611,-0.252649487115423,9.68532019052161,-0.0876388198085046,8.632033499996204,-0.0876388198085044,1.6019708839046392,-0.0444506161694165
2025-08-22 00:00:00+00:00,12.531251670829118,-0.0516634858376804,4.46294561222177,-0.0256096463243584,10.24744272804229,-0.1045534474462761,13.140069372921934,-0.0516634858376806,8.370440037728834,-0.0516634858376806,5.820219408679028,-0.0516634858376805,4.225802728191328,-0.0516634858376806,3.9542170147736337,-0.2231806924340821,10.067222266183403,-0.0516634858376808,8.972403404757522,-0.0516634858376806,1.6335647264080977,-0.0256054067836901
2025-08-23 00:00:00+00:00,12.370727411977745,-0.0638115952266231,4.434360637012805,-0.0318505747433375,10.24744272804229,-0.1045534474462761,12.97174621153702,-0.0638115952266232,8.263215418942817,-0.0638115952266232,5.745662897368552,-0.0638115952266232,4.171670557773419,-0.0638115952266233,3.903563834045357,-0.2331316811209294,9.938262012617272,-0.0638115952266235,8.857467686882105,-0.0638115952266233,1.6230598759763752,-0.0318713779434145
2025-08-24 00:00:00+00:00,12.162352576960224,-0.0795809269638244,4.397014039057252,-0.0400044193008061,10.24744272804229,-0.1045534474462761,12.753247703995658,-0.0795809269638245,8.124028280442838,-0.0795809269638246,5.648881882119098,-0.0795809269638245,4.10140216244997,-0.0795809269638246,3.8378114782774984,-0.246048953816783,9.770860077526947,-0.0795809269638248,8.708270852576304,-0.0795809269638248,1.6093652962357907,-0.0400399703719105
2025-08-25 00:00:00+00:00,11.799967942746306,-0.1070053686575787,4.331508195755369,-0.0543062431115085,10.24744272804229,-0.1045534474462761,12.3732569929052,-0.1070053686575789,7.881967955507938,-0.1070053686575789,5.480570037711033,-0.1070053686575789,3.979198410092129,-0.1070053686575789,3.7234615694142934,-0.2685133801978996,9.479731405442772,-0.1070053686575791,8.44880266765255,-0.1070053686575791,1.585336051953792,-0.0543730208650711
2025-08-26 00:00:00+00:00,11.97692034216534,-0.0936140151004283,4.3639858589177205,-0.0472154281106131,10.24744272804229,-0.1045534474462761,12.558806438814402,-0.0936140151004285,8.000166000505885,-0.0936140151004285,5.562756703222543,-0.0936140151004285,4.038870496478011,-0.0936140151004286,3.779298624400315,-0.2575440018788282,9.621889521988525,-0.0936140151004287,8.575500969843963,-0.0936140151004287,1.5973270923733678,-0.0472205617289316
2025-08-27 00:00:00+00:00,11.92320900273993,-0.0976787666304175,4.354200558564222,-0.0493518427346582,10.24744272804229,-0.1045534474462761,12.502485590370718,-0.0976787666304176,7.964288694885005,-0.0976787666304178,5.537810130573488,-0.0976787666304177,4.020757898419904,-0.0976787666304177,3.762350094610857,-0.2608735978838317,9.57873948347571,-0.097678766630418,8.53704353419478,-0.0976787666304179,1.5937156532003534,-0.0493747260219207
2025-08-28 00:00:00+00:00,12.06304537811716,-0.0870962690266834,4.379733769616515,-0.0437772028646165,10.24744272804229,-0.1045534474462761,12.649115769189336,-0.0870962690266835,8.057694527433496,-0.0870962690266837,5.602758023041763,-0.0870962690266836,4.067913677594388,-0.0870962690266837,3.806475245818864,-0.2522050626770943,9.691079727594907,-0.0870962690266839,8.637166682584203,-0.0870962690266837,1.6030816236537226,-0.0437880781086461
2025-08-29 00:00:00+00:00,11.614084550275036,-0.1210725993770146,4.29823159345368,-0.0615714896780523,10.24744272804229,-0.1045534474462761,12.178342651025662,-0.1210725993770147,7.757804317943117,-0.1210725993770149,5.394235315766948,-0.1210725993770148,3.9165146042230714,-0.1210725993770148,3.664806353432576,-0.2800363957769157,9.330398403699885,-0.1210725993770152,8.315709755044345,-0.1210725993770149,1.5731555869345943,-0.0616384686711481
2025-08-30 00:00:00+00:00,11.661121756663569,-0.1175129309963793,4.30693554277021,-0.0596711653205959,10.24744272804229,-0.1045534474462761,12.227665110688054,-0.1175129309963793,7.789223534950306,-0.1175129309963797,5.416082044948029,-0.1175129309963796,3.9323765436609217,-0.1175129309963796,3.679648870901275,-0.2771205330158452,9.368186648955223,-0.1175129309963799,8.349388496947931,-0.1175129309963798,1.576409902787898,-0.0596973225868729
2025-08-31 00:00:00+00:00,11.60004079410158,-0.1221353987784731,4.295655677327826,-0.0621338868128139,10.24744272804229,-0.1045534474462761,12.163616593707289,-0.122135398778473,7.748423577531683,-0.1221353987784733,5.3877126040380166,-0.1221353987784732,3.911778753031925,-0.1221353987784732,3.66037486796958,-0.2809069760854802,9.319116081824616,-0.1221353987784736,8.305654395131684,-0.1221353987784734,1.5721518559469707,-0.0622371777590547
2025-09-01 00:00:00+00:00,11.706247169003,-0.1140979428242295,4.3153205227112,-0.0578404812208636,10.24744272804229,-0.1045534474462761,12.13320755222302,-0.1243300602815268,7.81936574006173,-0.1140979428242299,5.437040829243615,-0.1140979428242296,3.9475937857676007,-0.1140979428242298,3.693888124725107,-0.2743231834383289,9.404439017657683,-0.1140979428242301,8.381698390161384,-0.11409794282423,1.5793892137637096,-0.0579202124060453
2025-09-02 00:00:00+00:00,11.920851409181628,-0.0978571839278767,4.354875730649909,-0.0492044331033233,10.24744272804229,-0.1045534474462761,12.13320755222302,-0.1243300602815268,7.962713904430589,-0.0978571839278771,5.536715131275235,-0.0978571839278769,4.019962868078775,-0.0978571839278771,3.761606159622793,-0.2610197464285733,9.57684546530512,-0.0978571839278774,8.535355492088117,-0.0978571839278772,1.5939412486670204,-0.0492401620224532
2025-09-03 00:00:00+00:00,11.970757378277243,-0.0940804141357418,4.363991450918919,-0.0472142072147075,10.24744272804229,-0.1045534474462761,12.153669519400715,-0.1228532925358261,7.996049355095268,-0.0940804141357422,5.559894275511512,-0.0940804141357419,4.03679221489081,-0.0940804141357422,3.777353910711061,-0.2579260474610145,9.61693838630713,-0.0940804141357425,8.571088274318768,-0.0940804141357423,1.5972877163485188,-0.0472440488825747
2025-09-04 00:00:00+00:00,11.866290264441794,-0.1019862467837229,4.34494948150655,-0.0513716209325865,10.24744272804229,-0.1045534474462761,12.047606157068634,-0.1305080283260052,7.926268958432277,-0.1019862467837232,5.5113738611518555,-0.101986246783723,4.001563697720433,-0.1019862467837232,3.7443894750853657,-0.2644020223408403,9.533012719333549,-0.1019862467837237,8.496289593988667,-0.1019862467837234,1.59030675954204,-0.0514080752341147
2025-09-05 00:00:00+00:00,11.858694526650304,-0.1025610748766292,4.343558857468063,-0.0516752344574703,10.24744272804229,-0.1045534474462761,12.039894357058277,-0.1310645993251515,7.921195269913677,-0.1025610748766295,5.507845972503655,-0.1025610748766293,3.99900225451228,-0.1025610748766295,3.7419926518147273,-0.2648728863795359,9.526910537154844,-0.10256107487663,8.490851029237737,-0.1025610748766299,1.5897973214472214,-0.0517119467104909
2025-09-06 00:00:00+00:00,11.808111285223394,-0.1063890990923981,4.334295135991574,-0.0536977732984345,10.24744272804229,-0.1045534474462761,11.988538208061527,-0.134771041805641,7.8874074249002755,-0.1063890990923983,5.484352264832607,-0.1063890990923981,3.981944517165884,-0.1063890990923983,3.7260311884935255,-0.2680085698381295,9.486273516387469,-0.1063890990923986,8.454633318547353,-0.1063890990923985,1.5864042943654724,-0.0537358317697395
2025-09-07 00:00:00+00:00,11.909848948698386,-0.0986898250156123,4.352967091620016,-0.0496211443117871,10.24744272804229,-0.1045534474462761,12.091830414266866,-0.1273163040875309,7.955364643705355,-0.0986898250156125,5.531604968641055,-0.0986898250156121,4.016252606027688,-0.0986898250156124,3.758134350294402,-0.2617017951144207,9.568006426869916,-0.0986898250156129,8.527477706493055,-0.0986898250156127,1.5932429890510902,-0.049656662442317
2025-09-08 00:00:00+00:00,12.00928474355372,-0.0911647511001645,4.371138637900696,-0.0456537691865387,10.24744272804229,-0.1045534474462761,12.0616008382312,-0.1294980133273119,8.021784294375847,-0.0911647511001647,5.577788554952841,-0.0911647511001644,4.0497844561746055,-0.0911647511001646,3.789511161025112,-0.2555377145153055,9.647890086883988,-0.0911647511001652,8.598673951509156,-0.091164751100165,1.5998986046011352,-0.0456866968194978
2025-09-09 00:00:00+00:00,11.95368411438136,-0.0953724797644359,4.361019881302917,-0.0478629869715521,10.24744272804229,-0.1045534474462761,12.0616008382312,-0.1294980133273119,7.984645008949904,-0.0953724797644363,5.551964489684321,-0.0953724797644359,4.031034749711311,-0.0953724797644361,3.771966468788402,-0.2589844286495724,9.603222251082652,-0.0953724797644366,8.55886378029904,-0.0953724797644366,1.5961930530578792,-0.0478969975992974
2025-09-10 00:00:00+00:00,12.212334632029776,-0.0757983991589071,4.408201153577669,-0.0375619480225751,10.24744272804229,-0.1045534474462761,12.0616008382312,-0.1294980133273119,8.15741455389037,-0.0757983991589074,5.672096364969097,-0.075798399158907,4.118257167059382,-0.0757983991589072,3.8535832381767463,-0.2429505382370982,9.81101412366083,-0.0757983991589077,8.744058112529492,-0.0757983991589077,1.6134667444854829,-0.0375935236935204
2025-09-11 00:00:00+00:00,12.375511183634243,-0.0634495703103225,4.437651503764318,-0.0311320831692691,10.24744272804229,-0.1045534474462761,12.0616008382312,-0.1294980133273119,8.266410811937607,-0.0634495703103226,5.747884750490112,-0.0634495703103222,4.173283746611064,-0.0634495703103223,3.905073345766597,-0.2328351324374162,9.942105147668876,-0.063449570310323,8.860892877774907,-0.063449570310323,1.6242505317247629,-0.0311611712984891
2025-09-12 00:00:00+00:00,12.434100598458476,-0.059015657172135,4.448156096299584,-0.02883862621841,10.24744272804229,-0.1045534474462761,12.0616008382312,-0.1294980133273119,8.305546502171447,-0.0590156571721351,5.775096976232649,-0.0590156571721347,4.193041334720457,-0.0590156571721348,3.9235611446768135,-0.2292031418071107,9.98917408196011,-0.0590156571721356,8.902843026001154,-0.0590156571721356,1.6280949139985563,-0.0288680602626763
2025-09-13 00:00:00+00:00,12.422191536088718,-0.0599169078206212,4.446025931437165,-0.0293037029354544,10.24744272804229,-0.1045534474462761,12.0616008382312,-0.1294980133273119,8.297591662935103,-0.0599169078206212,5.769565736595592,-0.0599169078206208,4.189025347365461,-0.0599169078206209,3.9198032585302833,-0.2299413912515272,9.979606707446576,-0.0599169078206217,8.89431611148689,-0.0599169078206217,1.6273151578415392,-0.0293331720339712
2025-09-14 00:00:00+00:00,12.352505357038908,-0.0651905987384428,4.433555243063937,-0.0320264155809529,10.24744272804229,-0.1045534474462761,12.0616008382312,-0.1294980133273119,8.251043720357849,-0.0651905987384428,5.7371995482469424,-0.0651905987384423,4.165525695991335,-0.0651905987384424,3.89781389289215,-0.2342612765094702,9.923622973993307,-0.0651905987384432,8.844420655981313,-0.0651905987384432,1.6227504636099774,-0.0320559373502249
2025-09-15 00:00:00+00:00,12.361260602207713,-0.0645280217746948,4.435126457242782,-0.0316833739953168,10.24744272804229,-0.1045534474462761,12.0616008382312,-0.1294980133273119,8.256891919454487,-0.0645280217746948,5.741265977459104,-0.0645280217746944,4.168478149576354,-0.0645280217746945,3.9005765969160104,-0.2337185339592242,9.930656668745003,-0.0645280217746953,8.850689430531977,-0.0645280217746953,1.623325499010566,-0.0317129381557741
2025-09-16 00:00:00+00:00,12.515495444425584,-0.0528558810761117,4.46279560246034,-0.0256423978022375,10.24744272804229,-0.1045534474462761,12.0616008382312,-0.1294980133273119,8.359915426796421,-0.0528558810761115,5.812901329278004,-0.0528558810761111,4.220489395870582,-0.0528558810761112,3.949245161987491,-0.2241574297310542,10.05456419838241,-0.052855881076112,8.961121912441929,-0.052855881076112,1.6334529184349522,-0.0256720984076889
2025-09-17 00:00:00+00:00,12.47891309383471,-0.0556243498412848,4.45627330559764,-0.0270664042094453,10.24744272804229,-0.1045534474462761,12.0616008382312,-0.1294980133273119,8.335479689640739,-0.0556243498412846,5.7959104242577375,-0.0556243498412842,4.20815305461822,-0.0556243498412845,3.9377016580385926,-0.2264251901273513,10.02517506279629,-0.0556243498412852,8.93492886998954,-0.0556243498412851,1.6310656303404547,-0.0270960766401541
2025-09-18 00:00:00+00:00,12.545990917102282,-0.050548053333471,4.468250194569347,-0.0244515022825394,10.276907135831513,-0.1019787755912489,12.0616008382312,-0.1294980133273119,8.38028534132433,-0.0505480533334709,5.827065145200952,-0.0505480533334704,4.230773113333113,-0.0505480533334706,3.958867961058111,-0.2222669983048182,10.079063323419,-0.0505480533334714,8.982956737091651,-0.0505480533334713,1.6354493964933403,-0.0244812319583099
2025-09-19 00:00:00+00:00,12.391552464531646,-0.0622356027986529,4.440748594643627,-0.0304558984833095,10.150400617075276,-0.1130332239157904,12.0616008382312,-0.1294980133273119,8.277125829352242,-0.0622356027986528,5.75533522526084,-0.0622356027986523,4.178693205327606,-0.0622356027986525,3.910135147055844,-0.2318407244527613,9.954992219485044,-0.0622356027986533,8.872378469727034,-0.0622356027986532,1.6253833659485557,-0.0304854542455744
2025-09-20 00:00:00+00:00,12.397258912576184,-0.0618037518400289,4.441771101759128,-0.0302326555499471,10.15507498971086,-0.1126247658279564,12.0616008382312,-0.1294980133273119,8.280937538065778,-0.0618037518400289,5.757985621289575,-0.0618037518400284,4.180617540130571,-0.0618037518400285,3.911935807879229,-0.2314869785433293,9.959576604375226,-0.0618037518400292,8.876464298917032,-0.0618037518400292,1.6257576178849424,-0.0302622190976669
2025-09-21 00:00:00+00:00,12.348677482406965,-0.0654802835505002,4.433068065300445,-0.032132780604083,10.115280058431706,-0.1161021440352546,12.0616008382312,-0.1294980133273119,8.248486833310945,-0.0654802835505002,5.735421667568136,-0.0654802835504996,4.16423485581928,-0.0654802835504998,3.896606012993346,-0.2344985686012057,9.920547777218149,-0.0654802835505006,8.84167988943358,-0.0654802835505005,1.6225721693687565,-0.0321622869437481
2025-09-22 00:00:00+00:00,12.072056743677074,-0.0864143094565295,4.383415842833287,-0.0429732995828636,10.089991858285629,-0.1183118886751665,12.0616008382312,-0.1294980133273119,8.063713806038596,-0.0864143094565293,5.606943408995877,-0.0864143094565289,4.070952500384651,-0.086414309456529,3.809318768234611,-0.2516464430803964,9.69831918159332,-0.0864143094565298,8.643618839891003,-0.0864143094565297,1.6043986760164086,-0.0430024779543102
2025-09-23 00:00:00+00:00,12.002165882641066,-0.0917034902397213,4.370727006372385,-0.045743640277362,10.089991858285629,-0.1183118886751665,12.0616008382312,-0.1294980133273119,8.017029143017345,-0.0917034902397213,5.574482154799061,-0.0917034902397208,4.047383825921818,-0.091703490239721,3.787264815513424,-0.2559790166892691,9.642171012926154,-0.0917034902397216,8.593576831638892,-0.0917034902397215,1.5997543487178965,-0.0457727430902058
2025-09-24 00:00:00+00:00,12.142356968685478,-0.0810941489425969,4.39625310607049,-0.0401705530220113,10.089991858285629,-0.1183118886751665,12.0616008382312,-0.1294980133273119,8.11067190994784,-0.0810941489425969,5.639594794889027,-0.0810941489425963,4.094659221024898,-0.0810941489425965,3.831501895121907,-0.2472884927696638,9.75479622068829,-0.0810941489425971,8.69395395363618,-0.0810941489425971,1.6090973099536818,-0.0401998197982121
2025-09-25 00:00:00+00:00,11.68021397795211,-0.1160680752820424,4.312591525221734,-0.0584363004532689,9.680737729613153,-0.1540735131471244,12.0616008382312,-0.1294980133273119,7.80197647437573,-0.1160680752820424,5.424949548356096,-0.1160680752820417,3.938814843914374,-0.1160680752820422,3.6856733916955338,-0.2759369955280626,9.383524752467611,-0.1160680752820426,8.36305856884446,-0.1160680752820425,1.5784758305655957,-0.0584650305178648
2025-09-26 00:00:00+00:00,11.74975977302186,-0.1108050083032967,4.325430442685007,-0.0556331927269297,9.65653588528912,-0.1561883293642566,12.0616008382312,-0.1294980133273119,7.848430645339562,-0.1108050083032968,5.457250534473805,-0.1108050083032962,3.9622671548454607,-0.1108050083032965,3.7076184593866497,-0.2716258127516474,9.439395705747993,-0.110805008303297,8.412853509115505,-0.1108050083032969,1.5831753310822323,-0.0556618554613757
2025-09-27 00:00:00+00:00,11.748944259977373,-0.1108667244684635,4.325280335575705,-0.0556659654586702,9.65653588528912,-0.1561883293642566,12.0616008382312,-0.1294980133273119,7.847885911005101,-0.1108667244684635,5.456871764261999,-0.1108667244684629,3.961992146622914,-0.1108667244684633,3.7073611255112326,-0.2716763668618968,9.438740547644436,-0.1108667244684639,8.412269600004972,-0.1108667244684636,1.5831202361961458,-0.0556947186581922
2025-09-28 00:00:00+00:00,12.0198639088299,-0.0903641440272002,4.37514879199926,-0.0447782363412149,9.65653588528912,-0.1561883293642566,12.0616008382312,-0.1294980133273119,8.02885080863313,-0.0903641440272002,5.582702115440292,-0.0903641440271996,4.053351974141718,-0.0903641440272001,3.792849400207921,-0.2548819061363546,9.656389062965838,-0.0903641440272007,8.606248656816886,-0.0903641440272005,1.6013731377537688,-0.0448071619542932
2025-09-29 00:00:00+00:00,12.25005184242894,-0.0729440467946389,4.417042213890618,-0.0356316883614198,9.81732326507053,-0.1421383357472719,12.0616008382312,-0.1294980133273119,8.182608337905702,-0.0729440467946389,5.68961436283339,-0.0729440467946382,4.13097620700777,-0.0729440467946388,3.865484845376718,-0.2406124272458548,9.841314970720882,-0.0729440467946394,8.771063717068682,-0.0729440467946391,1.6167073008143582,-0.0356605849401155
2025-09-30 00:00:00+00:00,12.22186466817251,-0.0750771877833125,4.4119604419853875,-0.0367411864271089,9.794733760539144,-0.1441122617787074,12.0616008382312,-0.1294980133273119,8.163780286395436,-0.0750771877833125,5.676522650768825,-0.0750771877833117,4.121470896524691,-0.0750771877833121,3.8565904262898663,-0.2423597659605574,9.818670261656768,-0.0750771877833128,8.750881639099758,-0.0750771877833126,1.6148471791995027,-0.0367701170051384
2025-10-01 00:00:00+00:00,12.70903565779418,-0.0382091996337891,4.499892160796306,-0.017543144139333,10.185157829922671,-0.1099960538386739,12.512229611621985,-0.0969755274856997,8.489193554268892,-0.0382091996337891,5.902792310306658,-0.0382091996337884,4.285755243461178,-0.0382091996337888,4.010316475919086,-0.2121597635374099,10.210048454592972,-0.0382091996337895,9.099697125437473,-0.0382091996337893,1.6470322957683985,-0.0175722223274507
2025-10-02 00:00:00+00:00,12.91632814304175,-0.0225217776558761,4.536590217772228,-0.0095308948710349,10.351284256510246,-0.0954795212828162,12.716312064612088,-0.0822466218324949,8.627657720787525,-0.022521777655876,5.999070621332822,-0.0225217776558753,4.355658647582563,-0.0225217776558758,4.075727297896969,-0.1993095863098241,10.376580863159528,-0.0225217776558763,9.24811899495794,-0.0225217776558763,1.6604686980036376,-0.0095576285506344
2025-10-03 00:00:00+00:00,13.09878980995317,-0.0087134953140712,4.56863314065487,-0.0025349962710349,10.497510998290128,-0.0827018717469331,12.895948217439692,-0.0692820386057797,8.74953576475191,-0.0087134953140712,6.083816101113575,-0.0087134953140705,4.417188575324697,-0.008713495314071,4.13330279368919,-0.1879986854141538,10.523164955803006,-0.0087134953140716,9.37876194463588,-0.0087134953140715,1.6721985414576168,-0.0025609691247405
2025-10-04 00:00:00+00:00,13.115828781579111,-0.0074240248460674,4.571604591131685,-0.0018862425257273,10.511166213362516,-0.0815086457308962,12.912723331702509,-0.0680713560033379,8.7609172048543,-0.0074240248460675,6.091729959678247,-0.0074240248460666,4.422934476426508,-0.0074240248460671,4.138679414739296,-0.1869424300226104,10.536853541672276,-0.0074240248460677,9.390961885315877,-0.0074240248460677,1.6732863132551212,-0.0019121310707553
2025-10-05 00:00:00+00:00,13.232777210038924,0.0,4.591986146173917,0.0,10.604889941416902,-0.0733188376581832,13.027860752747522,-0.0597617331676719,8.839034685345753,0.0,6.146047399868264,0.0,4.462371956498318,0.0,4.175582309822261,-0.1796927314606898,10.630806313024436,0.0,9.474697214017038,0.0,1.680747435364671,0.0
2025-10-06 00:00:00+00:00,13.358825949633804,0.0,4.613856614359659,0.0,10.705906756665929,-0.0644917418289805,13.151957561862968,-0.050805499221318,8.923230856991266,0.0,6.204591537349553,0.0,4.504878253686895,0.0,4.215356793959157,-0.1718788995160655,10.73206999451508,0.0,9.564948385249933,0.0,1.688753727394557,0.0
2025-10-07 00:00:00+00:00,13.002444605926083,-0.0266775946517583,4.552313316090049,-0.013338797325879,10.420298915832072,-0.0894488519338395,12.80109496915046,-0.0761277253587697,8.68518052120439,-0.0266775946517583,6.039067959336411,-0.0266775946517583,4.384698937679516,-0.0266775946517582,4.102901214097379,-0.1939711785573439,10.445764181427108,-0.0266775946517582,9.309778569363244,-0.0266775946517583,1.6662241816598335,-0.0133409302784974
2025-10-08 00:00:00+00:00,13.213883240935967,-0.0108499586149491,4.589326929409067,-0.0053165251980845,10.589748111420596,-0.0746419677140793,13.009259366611186,-0.0611042202723041,8.826414171481273,-0.010849958614949,6.137271975946646,-0.0108499586149491,4.456000511069008,-0.0108499586149491,4.169620347197455,-0.1808639791844823,10.615627479221851,-0.010849958614949,9.461169091115844,-0.0108499586149491,1.6797835949975728,-0.0053116876969524
2025-10-09 00:00:00+00:00,13.037749569461733,-0.0240347753150323,4.558740349108121,-0.0119458123340895,10.448592693225772,-0.0869764726194783,12.835853216910747,-0.073619175777798,8.708763008259318,-0.0240347753150322,6.055465573827805,-0.0240347753150325,4.3966045170379555,-0.0240347753150322,4.114041640543653,-0.1917826040998342,10.474127103531709,-0.0240347753150323,9.335056999910568,-0.0240347753150323,1.6685807103834842,-0.0119455055428336
2025-10-10 00:00:00+00:00,12.085292488240096,-0.0953327385352017,4.392223708186859,-0.0480363662544289,9.685283347050444,-0.1536763060027204,11.898145430391816,-0.1412948103831035,8.072554822812474,-0.0953327385352016,5.613090834601683,-0.0953327385352017,4.075415872995247,-0.0953327385352015,3.8134952868880623,-0.2508259518639839,9.70895237178649,-0.0953327385352017,8.6530956617362,-0.0953327385352017,1.6075901706889448,-0.0480612154330122
2025-10-11 00:00:00+00:00,11.857023850124207,-0.1124202160557952,4.350743250633029,-0.0570267751511275,9.66107013868282,-0.1557921152377135,11.868400066815838,-0.1434415733571457,8.052373435755444,-0.0975944066888635,5.507070016182757,-0.1124202160557953,3.9984388671023616,-0.1124202160557951,3.741465472430004,-0.2649764525528323,9.53098399361599,-0.1119155951752958,8.489654821217606,-0.1124202160557952,1.5761909563241838,-0.0666543435223306
2025-10-12 00:00:00+00:00,12.319369379576903,-0.0778104733137415,4.435568360085162,-0.0386419148179882,9.66107013868282,-0.1557921152377135,11.868400066815838,-0.1434415733571457,8.052373435755444,-0.0975944066888635,5.721809333109949,-0.0778104733137415,4.154351544546738,-0.0778104733137412,3.887357886634899,-0.2363153943058169,9.881833359563323,-0.0792239181617612,8.820695224172129,-0.0778104733137414,1.6374034714221517,-0.0304071903081034
2025-10-13 00:00:00+00:00,12.341573624362413,-0.0761483328779559,4.439565660701598,-0.0377755461917947,9.66107013868282,-0.1557921152377135,11.868400066815838,-0.1434415733571457,8.052373435755444,-0.0975944066888635,5.732122235591711,-0.0761483328779559,4.1618392848504815,-0.0761483328779557,3.894364401613402,-0.2349389407389752,9.896902714865764,-0.0778197756887675,8.836593511649454,-0.0761483328779558,1.6403464030737616,-0.0286645255229009
2025-10-14 00:00:00+00:00,12.112473398700503,-0.0932980604457582,4.398359185511927,-0.0467065725833443,9.66107013868282,-0.1557921152377135,11.868400066815838,-0.1434415733571457,8.052373435755444,-0.0975944066888635,5.625715181056674,-0.0932980604457582,4.084581850073634,-0.0932980604457581,3.8220721809959177,-0.2491409920054235,9.728124178170615,-0.0935463351299011,8.672557252642326,-0.0932980604457582,1.6099277299456802,-0.046677023517509
2025-10-15 00:00:00+00:00,11.869763428406552,-0.1114665710026764,4.35429198337581,-0.0562576284178422,9.66107013868282,-0.1557921152377135,11.868400066815838,-0.1434415733571457,8.052373435755444,-0.0975944066888635,5.5129869942089735,-0.1114665710026764,4.002734921963892,-0.1114665710026764,3.745485426583694,-0.2641867189619725,9.551913504221412,-0.1099654112297831,8.498776386928535,-0.1114665710026765,1.5776957319906746,-0.0657632866191951
2025-10-16 00:00:00+00:00,11.594460798802444,-0.1320748662706939,4.303796114594692,-0.0672020233138518,9.66107013868282,-0.1557921152377135,11.868400066815838,-0.1434415733571457,8.052373435755444,-0.0975944066888635,5.3851209397898305,-0.1320748662706941,3.9098970607654406,-0.1320748662706941,3.6586141091137394,-0.2812528831184212,9.335459160919656,-0.1301343388842226,8.301659106381955,-0.1320748662706943,1.541143007675548,-0.0874080792980664
2025-10-17 00:00:00+00:00,11.405574689444636,-0.146214290653492,4.2687394044267215,-0.0748001593415003,9.66107013868282,-0.1557921152377135,11.868400066815838,-0.1434415733571457,8.052373435755444,-0.0975944066888635,5.297391586921328,-0.1462142906534921,3.846200675343724,-0.1462142906534921,3.59901139047904,-0.2929620387985132,9.186180101294076,-0.1440439630016456,8.166416241963347,-0.1462142906534923,1.5160589834422662,-0.1022616507966071
2025-10-18 00:00:00+00:00,11.486304051048242,-0.1401711427071098,4.2838466049122195,-0.0715258485537572,9.66107013868282,-0.1557921152377135,11.868400066815838,-0.1434415733571457,8.052373435755444,-0.0975944066888635,5.334886851528402,-0.14017114270711,3.873424321111193,-0.1401711427071099,3.6244854152317223,-0.287957580470768,9.25074071347348,-0.1380282910751302,8.224218640154922,-0.1401711427071101,1.5267797380212382,-0.095913327530128
2025-10-19 00:00:00+00:00,11.642523558388836,-0.1284770381555885,4.3129778382126736,-0.0652119910294922,9.66107013868282,-0.1557921152377135,11.868400066815838,-0.1434415733571457,8.052373435755444,-0.0975944066888635,5.407443993665652,-0.1284770381555887,3.926104838401683,-0.1284770381555885,3.673780238302246,-0.2782734457403879,9.375920071875075,-0.1263642450462121,8.33607214660194,-0.1284770381555888,1.547516879197356,-0.0836337743663216
2025-10-20 00:00:00+00:00,11.844988335009054,-0.1133211571385318,4.350479419815765,-0.0570839574260257,9.66107013868282,-0.1557921152377135,11.868400066815838,-0.1434415733571457,8.052373435755444,-0.0975944066888635,5.501480044765158,-0.113321157138532,3.994380237210887,-0.1133211571385319,3.737667684315933,-0.2657225408737395,9.536347268152523,-0.1114158523913525,8.481037366263076,-0.1133211571385321,1.5743902447905636,-0.0677206396343153
2025-10-21 00:00:00+00:00,11.60554041689305,-0.1312454806545941,4.3065066774871585,-0.066614540190941,9.66107013868282,-0.1557921152377135,11.868400066815838,-0.1434415733571457,8.052373435755444,-0.0975944066888635,5.3902669387646815,-0.1312454806545945,3.9136333419913294,-0.1312454806545943,3.662110265405378,-0.280566051389291,9.349429385133735,-0.128832611983334,8.309592136991418,-0.1312454806545945,1.5425999067116023,-0.0865453726686622
2025-10-22 00:00:00+00:00,11.527286528525666,-0.1371033224037434,4.2919877115154,-0.0697613579586564,9.66107013868282,-0.1557921152377135,11.868400066815838,-0.1434415733571457,8.052373435755444,-0.0975944066888635,5.353921423420777,-0.1371033224037438,3.887244478082048,-0.1371033224037434,3.637417372390164,-0.2854170537450572,9.287552757908893,-0.1345981937635935,8.253562183011843,-0.1371033224037438,1.5322163663294128,-0.0926940136538754
2025-10-23 00:00:00+00:00,11.796345821734006,-0.1169623838045909,4.342077521344518,-0.0589049716389723,9.66107013868282,-0.1557921152377135,11.868400066815838,-0.1434415733571457,8.052373435755444,-0.0975944066888635,5.478887720607355,-0.1169623838045913,3.977976954386213,-0.1169623838045909,3.722318614750816,-0.2687379175075476,9.503816359596271,-0.1144470391589451,8.446209221143224,-0.1169623838045913,1.567809430493848,-0.0716174862792481
2025-10-24 00:00:00+00:00,11.895655163843944,-0.1095283965302332,4.360354743314418,-0.0549435953983203,9.66107013868282,-0.1557921152377135,11.868400066815838,-0.1434415733571457,8.052373435755444,-0.0975944066888635,5.525012575138599,-0.1095283965302336,4.011466161996652,-0.1095283965302332,3.7536555235139857,-0.262581675784923,9.579675036156884,-0.1073786286286948,8.51731492571906,-0.1095283965302337,1.5809635461553744,-0.0638282417919416
2025-10-25 00:00:00+00:00,11.964387589136074,-0.1043833017777999,4.372951685328715,-0.0522133540693869,9.66107013868282,-0.1557921152377135,11.90730401352595,-0.1406338230962335,8.052373435755444,-0.0975944066888635,5.556935786498409,-0.1043833017778003,4.034644187460048,-0.1043833017777999,3.775343933634219,-0.2583209142564437,9.634067914198772,-0.1023103726380345,8.566527491463305,-0.1043833017778004,1.5900692258215976,-0.0584362894198977
2025-10-26 00:00:00+00:00,12.27656834015928,-0.0810144254858108,4.430002300378736,-0.0398482938131876,9.888998909971995,-0.135875142984706,11.877535753492136,-0.1427822385384929,8.052373435755444,-0.0975944066888635,5.701930118577053,-0.0810144254858111,4.139918130080929,-0.0810144254858107,3.8738520850788465,-0.2389686547044488,9.88544480536486,-0.0788874084480357,8.79004958701747,-0.0810144254858112,1.6314156060334553,-0.0339529206840384
2025-10-27 00:00:00+00:00,12.22815729970632,-0.0846383248191416,4.421267733249387,-0.0417414101060011,9.850002937074272,-0.1392827062589257,11.80100440643431,-0.1483056089890727,8.052373435755444,-0.0975944066888635,5.679445303441263,-0.0846383248191419,4.123592904780657,-0.0846383248191414,3.8585760564034666,-0.2419696822084097,9.84646284761348,-0.0825196953946643,8.75538717694082,-0.0846383248191421,1.624984906713905,-0.0377608763469826
2025-10-28 00:00:00+00:00,12.09857538467429,-0.094338422381651,4.39784162227854,-0.0468187484216171,9.745622349519362,-0.1484037367208772,11.675949035227733,-0.1573310236532991,8.052373435755444,-0.0975944066888635,5.619260160193451,-0.0943384223816513,4.0798951462126665,-0.094338422381651,3.8176866842412753,-0.2500025376766767,9.742119774424834,-0.0922422440960771,8.662606244423529,-0.0943384223816515,1.6078049812187558,-0.0479340148078847
2025-10-29 00:00:00+00:00,11.790249299118914,-0.1174187504522348,4.34180323556041,-0.0589644199068822,9.497260084145983,-0.1701062375511025,11.378393368819594,-0.1788060170831085,8.052373435755444,-0.0975944066888635,5.476056151967455,-0.1174187504522352,3.9759210781995344,-0.1174187504522348,3.720394866502134,-0.2691158443580187,9.49384677040942,-0.1153759922119859,8.44184409771376,-0.1174187504522352,1.5669614714083286,-0.0721196075014038
2025-10-30 00:00:00+00:00,11.608242004784188,-0.1310432482202976,4.308290803406106,-0.0662278515553657,9.47351693393562,-0.1721809719572248,11.202743936954755,-0.1914828732854476,8.052373435755444,-0.0975944066888635,5.391521708415095,-0.1310432482202981,3.9145443744867823,-0.1310432482202975,3.6629627472712487,-0.2803985784432478,9.347289278733664,-0.1290320242496688,8.311526479787286,-0.1310432482202981,1.5428054176922636,-0.0864236787962359
2025-10-31 00:00:00+00:00,11.745960832492685,-0.1207340467809098,4.333847332923145,-0.0606887696867398,9.47351693393562,-0.1721809719572248,11.335651982934504,-0.1818907205006004,8.052373435755444,-0.0975944066888635,5.455486092422753,-0.1207340467809101,3.960986071863959,-0.1207340467809097,3.706419709599066,-0.2718613112021513,9.458184427300422,-0.118698961883934,8.410133459448176,-0.1207340467809102,1.5570033512060228,-0.078016334798444
2025-11-01 00:00:00+00:00,11.798480515537715,-0.116802587291652,4.3435362928786825,-0.0585887997992095,9.47351693393562,-0.1721809719572248,11.386337053125237,-0.1782327106818848,8.052373435755444,-0.0975944066888635,5.479879192699234,-0.1168025872916525,3.978696818222367,-0.1168025872916519,3.722992214067284,-0.2686055866433992,9.500474781864616,-0.1147584029250557,8.447737666541627,-0.1168025872916525,1.5595004335372344,-0.0765376808711695
2025-11-02 00:00:00+00:00,11.845908868130234,-0.1132522489032834,4.352266517526075,-0.0566966246890812,9.47351693393562,-0.1721809719572248,11.357871210492425,-0.18028712890518,8.052373435755444,-0.0975944066888635,5.501907592218433,-0.1132522489032838,3.9946906604213583,-0.1132522489032833,3.7379581571135474,-0.265665476510133,9.538665451176415,-0.1111998471821918,8.481696469976544,-0.1132522489032838,1.562550358581739,-0.0747316596645071
2025-11-03 00:00:00+00:00,11.421794933125792,-0.1450000938563849,4.274355362734816,-0.0735829654021359,9.47351693393562,-0.1721809719572248,11.357871210492425,-0.18028712890518,8.052373435755444,-0.0975944066888635,5.304925182093334,-0.1450000938563852,3.851670484090708,-0.1450000938563848,3.6041296631969297,-0.2919565368106888,9.197156751065346,-0.1430211733835311,8.178029971657212,-0.1450000938563852,1.5345747150637026,-0.0912975111940832
2025-11-04 00:00:00+00:00,10.8767814571845,-0.1857981009564198,4.172375713857734,-0.0956858735331974,9.47351693393562,-0.1721809719572248,11.357871210492425,-0.18028712890518,8.052373435755444,-0.0975944066888635,5.05179021249973,-0.1857981009564202,3.6678804291119977,-0.1857981009564198,3.432151506787803,-0.3257422273479211,8.758296274316859,-0.1839136085775597,7.787799139524317,-0.1857981009564202,1.4978924308344477,-0.1130190231198329
2025-11-05 00:00:00+00:00,11.132681091803748,-0.1666422533105223,4.221457761928359,-0.0850479079063796,9.47351693393562,-0.1721809719572248,11.357871210492425,-0.18028712890518,8.052373435755444,-0.0975944066888635,5.039160736968481,-0.1878336057040291,3.75417519060294,-0.1666422533105223,3.5129002393059836,-0.3098788657146978,8.964353996935195,-0.1647134242027236,7.971023833533038,-0.1666422533105227,1.5161511437245254,-0.1022070778409628
2025-11-06 00:00:00+00:00,10.860580502905192,-0.1870108538091324,4.169868161294025,-0.0962293565178885,9.47351693393562,-0.1721809719572248,11.357871210492425,-0.18028712890518,8.052373435755444,-0.0975944066888635,4.903397661096858,-0.2097146715331614,3.662417125158715,-0.1870108538091324,3.427039320810728,-0.3267465335749244,8.745250801438377,-0.1851291683796435,7.776199221084056,-0.1870108538091328,1.497334241088648,-0.1133495566587051
2025-11-07 00:00:00+00:00,11.07416133315283,-0.1710228597254538,4.210869832598526,-0.0873427189971447,9.47351693393562,-0.1721809719572248,11.357871210492425,-0.18028712890518,8.052373435755444,-0.0975944066888635,4.891139166944116,-0.2116903848543285,3.7344410920263544,-0.1710228597254537,3.4944344202931417,-0.3135065383198178,8.917232209466741,-0.1691041696500173,7.929123559278124,-0.1710228597254541,1.512277322111456,-0.1045009715865274
2025-11-08 00:00:00+00:00,10.964196739792785,-0.1792544658392426,4.189963211550503,-0.0918739870436973,9.47351693393562,-0.1721809719572248,11.357871210492425,-0.18028712890518,8.052373435755444,-0.0975944066888635,4.891139166944116,-0.2116903848543285,3.697358708651431,-0.1792544658392426,3.459735263536186,-0.3203233050335189,8.82868556613082,-0.1773548280394216,7.850388671672026,-0.1792544658392429,1.5046601549623129,-0.1090114973225061
2025-11-09 00:00:00+00:00,11.22246254103782,-0.1599214943476784,4.239311295669193,-0.0811783611837378,9.47351693393562,-0.1721809719572248,11.357871210492425,-0.18028712890518,8.052373435755444,-0.0975944066888635,4.891139166944116,-0.2116903848543285,3.7844513915029263,-0.1599214943476784,3.5412306362605697,-0.3043132634063002,9.03664859395591,-0.1579771098609738,8.035307546122345,-0.1599214943476788,1.5225602826011695,-0.0984118892514859
2025-11-10 00:00:00+00:00,11.36050714531074,-0.1495879062918581,4.26538463064627,-0.0755272677154386,9.47351693393562,-0.1721809719572248,11.357871210492425,-0.18028712890518,8.052373435755444,-0.0975944066888635,4.939075954754036,-0.2039643665465388,3.831002947618151,-0.149587906291858,3.584790396877647,-0.2957558010935667,9.147806067152583,-0.1476196044353211,8.134147782510702,-0.1495879062918585,1.5320620652516064,-0.0927853834464648
2025-11-11 00:00:00+00:00,11.044145952255278,-0.1732697174216853,4.205994580830199,-0.0883993733702247,9.47351693393562,-0.1721809719572248,11.357871210492425,-0.18028712890518,8.052373435755444,-0.0975944066888635,4.801535267384063,-0.226131931734678,3.724319271651472,-0.1732697174216853,3.4849631134382726,-0.3153672085878518,8.893062964205903,-0.171356227759328,7.907632481384668,-0.1732697174216857,1.510480328703203,-0.1055650660007115
2025-11-12 00:00:00+00:00,10.893622176624865,-0.1845374572813052,4.177332238475952,-0.0946116042109148,9.47351693393562,-0.1721809719572248,11.357871210492425,-0.18028712890518,8.052373435755444,-0.0975944066888635,4.789531429215603,-0.2280666019053413,3.6735594753896694,-0.1845374572813051,3.4374655696684595,-0.324698261720367,8.771856904445537,-0.1826500471084667,7.799857131208981,-0.1845374572813055,1.499606251932054,-0.1120041794100572
2025-11-13 00:00:00+00:00,10.683330189391068,-0.2002792588458027,4.137012339202693,-0.1033504755377288,9.47351693393562,-0.1721809719572248,11.357871210492425,-0.18028712890518,8.052373435755444,-0.0975944066888635,4.789531429215603,-0.2280666019053413,3.6026445758479095,-0.2002792588458027,3.3711082594943975,-0.3377343797555584,8.602523767105366,-0.1984282834996489,7.649287611753715,-0.2002792588458031,1.48468257279417,-0.1208412756046034
2025-11-14 00:00:00+00:00,10.13700932065835,-0.2411751332880993,4.031233703934283,-0.1262767699828566,9.47351693393562,-0.1721809719572248,11.357871210492425,-0.18028712890518,8.052373435755444,-0.0975944066888635,4.789531429215603,-0.2280666019053413,3.4184136404072984,-0.2411751332880992,3.198717557319162,-0.3716011163039658,8.16261054019735,-0.2394188125525571,7.258120683543487,-0.2411751332880997,1.4458261931262315,-0.1438501839123215
2025-11-15 00:00:00+00:00,10.244412710107328,-0.2331352509021834,4.052589517555818,-0.1216481446469349,9.47351693393562,-0.1721809719572248,11.357871210492425,-0.18028712890518,8.052373435755444,-0.0975944066888635,4.789531429215603,-0.2280666019053413,3.4098676063062805,-0.2430721954548789,3.2326085301572656,-0.3649431200547798,8.249094828712556,-0.231360321640794,7.3350217435882525,-0.2331352509021836,1.4572451863028313,-0.1370883968078055
2025-11-16 00:00:00+00:00,10.101371079124236,-0.2438429007751885,4.02429658214312,-0.1277803108101923,9.47351693393562,-0.1721809719572248,11.357871210492425,-0.18028712890518,8.052373435755444,-0.0975944066888635,4.789531429215603,-0.2280666019053413,3.4098676063062805,-0.2430721954548789,3.1874719655177577,-0.3738103508512094,8.133913606340572,-0.2420927546598528,7.232603625225631,-0.2438429007751887,1.4407504520374497,-0.1468557974641641
2025-11-17 00:00:00+00:00,9.882082729198624,-0.2602581419612316,3.98061531599633,-0.1372477194875323,9.47351693393562,-0.1721809719572248,11.357871210492425,-0.18028712890518,8.052373435755444,-0.0975944066888635,4.789531429215603,-0.2280666019053413,3.4098676063062805,-0.2430721954548789,3.1795032856039636,-0.3753758249740813,7.957336339828892,-0.2585459893668501,7.0755926905496995,-0.260258141961232,1.4150006716114203,-0.1621035982585148
2025-11-18 00:00:00+00:00,9.961993362857438,-0.2542762814324623,3.996709772042187,-0.1337594324879389,9.47351693393562,-0.1721809719572248,11.357871210492425,-0.18028712890518,8.052373435755444,-0.0975944066888635,4.789531429215603,-0.2280666019053413,3.4098676063062805,-0.2430721954548789,3.1795032856039636,-0.3753758249740813,8.021682673145168,-0.2525502836596416,7.132808877755141,-0.2542762814324627,1.4248585998369525,-0.1562661999063339
2025-11-19 00:00:00+00:00,9.811335633047578,-0.2655540486837071,3.966488148766982,-0.1403096194142399,9.47351693393562,-0.1721809719572248,11.357871210492425,-0.18028712890518,8.052373435755444,-0.0975944066888635,4.789531429215603,-0.2280666019053413,3.4098676063062805,-0.2430721954548789,3.1795032856039636,-0.3753758249740813,7.900368749638949,-0.2638541536090752,7.024937616096122,-0.2655540486837076,1.4058923246568225,-0.1674971300724462
2025-11-20 00:00:00+00:00,9.284335243525184,-0.3050036523771245,3.859961327260884,-0.1633980745635732,9.47351693393562,-0.1721809719572248,11.357871210492425,-0.18028712890518,8.052373435755444,-0.0975944066888635,4.789531429215603,-0.2280666019053413,3.4098676063062805,-0.2430721954548789,3.1795032856039636,-0.3753758249740813,7.476012926522844,-0.3033950644802291,6.64760419295002,-0.3050036523771249,1.3376326542547663,-0.2079172749963413
2025-11-21 00:00:00+00:00,9.122754354106316,-0.317099093251051,3.82637270901187,-0.1706780186659704,9.47351693393562,-0.1721809719572248,11.357871210492425,-0.18028712890518,8.052373435755444,-0.0975944066888635,4.789531429215603,-0.2280666019053413,3.4098676063062805,-0.2430721954548789,3.1795032856039636,-0.3753758249740813,7.345903361724765,-0.3155185005801219,6.531911925294071,-0.3170990932510514,1.3140933050777763,-0.2218561630622212
2025-11-22 00:00:00+00:00,9.080993870754652,-0.3202251526449761,3.817614872967539,-0.172576178226689,9.47351693393562,-0.1721809719572248,11.357871210492425,-0.18028712890518,8.052373435755444,-0.0975944066888635,4.789531429215603,-0.2280666019053413,3.4098676063062805,-0.2430721954548789,3.1795032856039636,-0.3753758249740813,7.3122766232275085,-0.3186517953233021,6.502011328541951,-0.3202251526449765,1.3080941188698627,-0.2254085970912902
2025-11-23 00:00:00+00:00,9.304993121263132,-0.3034572681502596,3.864699084368053,-0.1623712205663287,9.47351693393562,-0.1721809719572248,11.357871210492425,-0.18028712890518,8.052373435755444,-0.0975944066888635,4.789531429215603,-0.2280666019053413,3.4098676063062805,-0.2430721954548789,3.1795032856039636,-0.3753758249740813,7.492647241953357,-0.3018451011051287,6.662395278263747,-0.30345726815026,1.3401883742547092,-0.2064038986179598
2025-11-24 00:00:00+00:00,9.462524307928891,-0.2916649753799449,3.8974132747458703,-0.1552807985805214,9.47351693393562,-0.1721809719572248,11.357871210492425,-0.18028712890518,8.052373435755444,-0.0975944066888635,4.789531429215603,-0.2280666019053413,3.4590711358387844,-0.2321499181453346,3.1795032856039636,-0.3753758249740813,7.619495869986799,-0.2900255147533558,6.775187949955564,-0.2916649753799453,1.3628136784784142,-0.1930062646961612
2025-11-25 00:00:00+00:00,9.362857040251468,-0.2991257558447249,3.876887856820225,-0.1597294452640278,9.47351693393562,-0.1721809719572248,11.357871210492425,-0.18028712890518,8.052373435755444,-0.0975944066888635,4.789531429215603,-0.2280666019053413,3.4226372882108302,-0.2402375612682394,3.1795032856039636,-0.3753758249740813,7.539240928522114,-0.2975035633968795,6.703825969896263,-0.2991257558447251,1.348528322164037,-0.2014653763372748
2025-11-26 00:00:00+00:00,9.696570121896068,-0.2741450365133417,3.945978316512604,-0.1447548880839565,9.47351693393562,-0.1721809719572248,11.357871210492425,-0.18028712890518,8.052373435755444,-0.0975944066888635,4.789531429215603,-0.2280666019053413,3.544627705440343,-0.2131579355026213,3.1795032856039636,-0.3753758249740813,7.807956269651646,-0.272465025513054,6.9427652609273585,-0.274145036513342,1.395750375848566,-0.1735027119662039
2025-11-27 00:00:00+00:00,9.787651462487512,-0.2673269717421677,3.9645109002249184,-0.1407381651423213,9.47351693393562,-0.1721809719572248,11.357871210492425,-0.18028712890518,8.052373435755444,-0.0975944066888635,4.789531429215603,-0.2280666019053413,3.577922926250436,-0.2057670097250281,3.1795032856039636,-0.3753758249740813,7.881297576462118,-0.2656311801460415,7.007979698550929,-0.2673269717421679,1.4087684471888071,-0.1657940264846766
2025-11-28 00:00:00+00:00,9.740151310454806,-0.2708826848124475,3.954890876911984,-0.1428231938107445,9.47351693393562,-0.1721809719572248,11.357871210492425,-0.18028712890518,8.052373435755444,-0.0975944066888635,4.789531429215603,-0.2280666019053413,3.56897811893481,-0.2077525922007155,3.1795032856039636,-0.3753758249740813,7.84304909218254,-0.2691951230106636,6.973969486560945,-0.2708826848124477,1.4019643218281823,-0.1698231073685557
2025-11-29 00:00:00+00:00,9.730693073752253,-0.2715906988803164,3.952970665774892,-0.1432393773417013,9.47351693393562,-0.1721809719572248,11.357871210492425,-0.18028712890518,8.052373435755444,-0.0975944066888635,4.789531429215603,-0.2280666019053413,3.5565899944340216,-0.2105025276713689,3.1795032856039636,-0.3753758249740813,7.835433048815331,-0.269904775796296,6.967197368545748,-0.2715906988803165,1.400608854191438,-0.1706257511257575
2025-11-30 00:00:00+00:00,9.68327972402783,-0.275139914200823,3.9433401297377246,-0.1453266845213813,9.47351693393562,-0.1721809719572248,11.357871210492425,-0.18028712890518,8.052373435755444,-0.0975944066888635,4.789531429215603,-0.2280666019053413,3.5392603094923243,-0.2143493985446304,3.1795032856039636,-0.3753758249740813,7.797254460243067,-0.2734622058719269,6.933249307196964,-0.2751399142008232,1.3938685897076477,-0.1746170166219939
2025-12-01 00:00:00+00:00,9.246697334000247,-0.3078211087663941,3.8544449977371142,-0.1645936751174788,9.47351693393562,-0.1721809719572248,11.357871210492425,-0.18028712890518,8.052373435755444,-0.0975944066888635,4.789531429215603,-0.2280666019053413,3.5304121587185935,-0.2163135250482688,3.1795032856039636,-0.3753758249740813,7.445705802667971,-0.3062190419487289,6.620655368008967,-0.3078211087663942,1.3332924803864714,-0.2104873204670868
2025-12-02 00:00:00+00:00,9.781642813814138,-0.2677767604209055,3.965939829580968,-0.1404284612491395,9.47351693393562,-0.1721809719572248,11.357871210492425,-0.18028712890518,8.052373435755444,-0.0975944066888635,4.789531429215603,-0.2280666019053413,3.5304121587185935,-0.2163135250482688,3.1795032856039636,-0.3753758249740813,7.876459240278127,-0.2660820098728755,7.003677493054534,-0.2677767604209056,1.4100403055220585,-0.165040892198357
2025-12-03 00:00:00+00:00,10.012265830588024,-0.2505130414651084,4.012692559426612,-0.130295348377765,9.47351693393562,-0.1721809719572248,11.357871210492425,-0.18028712890518,8.052373435755444,-0.0975944066888635,4.789531429215603,-0.2280666019053413,3.6048230976117663,-0.1997956671389517,3.1795032856039636,-0.3753758249740813,8.039752024380284,-0.2508666055579938,7.1644742114679,-0.2509657216220626,1.4431935138014833,-0.1454091319590624
2025-12-04 00:00:00+00:00,9.8673927780635,-0.2613577858364126,3.9836616172920865,-0.1365874689530279,9.47351693393562,-0.1721809719572248,11.357871210492425,-0.18028712890518,8.052373435755444,-0.0975944066888635,4.789531429215603,-0.2280666019053413,3.552662903825615,-0.211374269455998,3.1795032856039636,-0.3753758249740813,7.937201242046916,-0.2604221509826676,7.062895082239443,-0.2615856565278383,1.4223316970763658,-0.1577625120799777
2025-12-05 00:00:00+00:00,9.572905766695383,-0.2834021640234185,3.924216501932624,-0.1494715094267723,9.47351693393562,-0.1721809719572248,11.357871210492425,-0.18028712890518,8.052373435755444,-0.0975944066888635,4.789531429215603,-0.2280666019053413,3.446635597071207,-0.2349103787099237,3.1795032856039636,-0.3753758249740813,7.697930372453948,-0.2827170921930076,6.851741923883207,-0.2836613802904311,1.379932753815061,-0.1828691588180541
2025-12-06 00:00:00+00:00,9.562912784908471,-0.2841502074386549,3.9221682929045905,-0.1499154350185774,9.47351693393562,-0.1721809719572248,11.357871210492425,-0.18028712890518,8.052373435755444,-0.0975944066888635,4.789531429215603,-0.2280666019053413,3.4430377170139845,-0.2357090418156975,3.1795032856039636,-0.3753758249740813,7.689671268025478,-0.2834866645525516,6.844589515416782,-0.2844091531145327,1.3784928446555191,-0.1837218048470066
2025-12-07 00:00:00+00:00,9.687063661688914,-0.2748566604421957,3.947628141979707,-0.1443973075163315,9.47351693393562,-0.1721809719572248,11.357871210492425,-0.18028712890518,8.052373435755444,-0.0975944066888635,4.789531429215603,-0.2280666019053413,3.4877370843479625,-0.225786605555096,3.1795032856039636,-0.3753758249740813,7.78771619450521,-0.2743509687799895,6.933449657577887,-0.2751189678901006,1.3963697119560752,-0.1731359704470217
2025-12-08 00:00:00+00:00,9.712678915699918,-0.2729391825060671,3.952847447908176,-0.143266083387644,9.47351693393562,-0.1721809719572248,11.357871210492425,-0.18028712890518,8.052373435755444,-0.0975944066888635,4.789531429215603,-0.2280666019053413,3.4969596180753397,-0.2237393729312555,3.1795032856039636,-0.3753758249740813,7.807970080577345,-0.2724637386293769,6.951783600695632,-0.2732021835668294,1.4000576188300926,-0.170952166607425
2025-12-09 00:00:00+00:00,9.93177008507338,-0.2565387016404962,3.997430099987677,-0.1336033097460126,9.47351693393562,-0.1721809719572248,11.357871210492425,-0.18028712890518,8.052373435755444,-0.0975944066888635,4.789531429215603,-0.2280666019053413,3.575841353858602,-0.2062290804569353,3.1795032856039636,-0.3753758249740813,7.984096287387448,-0.2560525330651084,7.10859660888081,-0.2568076352776824,1.4316010546646945,-0.1522736373921156
2025-12-10 00:00:00+00:00,9.860674708055765,-0.2618606795811972,3.9831225396220113,-0.1367043077963499,9.47351693393562,-0.1721809719572248,11.357871210492425,-0.18028712890518,8.052373435755444,-0.0975944066888635,4.789531429215603,-0.2280666019053413,3.5502441252648955,-0.2119111937466246,3.1795032856039636,-0.3753758249740813,7.92694309809344,-0.2613779911848577,7.057710578329813,-0.2621276880894121,1.4213634381057736,-0.1583358691982391
2025-12-11 00:00:00+00:00,9.914043124781784,-0.2578656865386025,3.9939013630726863,-0.1343681226151442,9.47351693393562,-0.1721809719572248,11.357871210492425,-0.18028712890518,8.052373435755444,-0.0975944066888635,4.789531429215603,-0.2280666019053413,3.5694589268444923,-0.2076458617004432,3.1795032856039636,-0.3753758249740813,7.969845679828227,-0.2573803857129672,7.095908658119244,-0.2581341401630754,1.4289495751430532,-0.1538437180253243
2025-12-12 00:00:00+00:00,9.673465705024665,-0.2758745610208482,3.945442703341285,-0.1448709760372865,9.47351693393562,-0.1721809719572248,11.357871210492425,-0.18028712890518,8.052373435755444,-0.0975944066888635,4.789531429215603,-0.2280666019053413,3.4828412666486503,-0.2268733869115744,3.1795032856039636,-0.3753758249740813,7.77644679247391,-0.2754010366641032,6.923717012963361,-0.276136500261685,1.3951395463481209,-0.1738644162754448
2025-12-13 00:00:00+00:00,9.67042119443414,-0.2761024635777047,3.9448218326801943,-0.1450055425643776,9.47351693393562,-0.1721809719572248,11.357871210492425,-0.18028712890518,8.052373435755444,-0.0975944066888635,4.789531429215603,-0.2280666019053413,3.481745118955077,-0.2271167115103416,3.1795032856039636,-0.3753758249740813,7.773999326866622,-0.2756290882523372,6.921537925300829,-0.2763643203789261,1.3946563131196197,-0.1741505641137366
2025-12-14 00:00:00+00:00,9.44882454608826,-0.2926904967762326,3.899624251371807,-0.1548015949964621,9.47351693393562,-0.1721809719572248,11.357871210492425,-0.18028712890518,8.052373435755444,-0.0975944066888635,4.789531429215603,-0.2280666019053413,3.4019613087939296,-0.2448272478818519,3.1795032856039636,-0.3753758249740813,7.595858979053409,-0.2922279687948846,6.762931637652434,-0.2929463531573758,1.3765219855569348,-0.1848888542909921
2025-12-15 00:00:00+00:00,9.262350683593974,-0.3066493478906448,3.8611444387304177,-0.1631416488511116,9.47351693393562,-0.1721809719572248,11.357871210492425,-0.18028712890518,8.052373435755444,-0.0975944066888635,4.789531429215603,-0.2280666019053413,3.3348231306837706,-0.2597306868494226,3.1795032856039636,-0.3753758249740813,7.445953648937784,-0.3061959479631381,6.629464244104531,-0.3069001549106318,1.3626815489643531,-0.1930845055384566
2025-12-16 00:00:00+00:00,9.415737863764292,-0.2951672625076458,3.893115267622493,-0.1562123418603886,9.47351693393562,-0.1721809719572248,11.357871210492425,-0.18028712890518,8.052373435755444,-0.0975944066888635,4.789531429215603,-0.2280666019053413,3.390048756861839,-0.2474716150015051,3.1795032856039636,-0.3753758249740813,7.569260773975971,-0.2947063541474803,6.7392500707461735,-0.2954222229637179,1.3740772320716597,-0.1863365215533152
2025-12-17 00:00:00+00:00,9.242111814529345,-0.3081643664365061,3.857220777306716,-0.163992057034905,9.47351693393562,-0.1721809719572248,11.357871210492425,-0.18028712890518,8.052373435755444,-0.0975944066888635,4.789531429215603,-0.2280666019053413,3.3275363143019256,-0.2613482258752289,3.1795032856039636,-0.3753758249740813,7.429683731493492,-0.3077119572188183,6.614978411793871,-0.3084146254260188,1.3609252045031446,-0.1941245295708052
2025-12-18 00:00:00+00:00,9.164224424796934,-0.313994773242169,3.840967519177241,-0.1675147625474452,9.47351693393562,-0.1721809719572248,11.357871210492425,-0.18028712890518,8.052373435755444,-0.0975944066888635,4.789531429215603,-0.2280666019053413,3.2994936847642324,-0.2675731731342903,3.1795032856039636,-0.3753758249740813,7.3670704798907956,-0.3135461766783164,6.559231044528643,-0.314242923187792,1.3549590933263436,-0.1976573781324518
2025-12-19 00:00:00+00:00,9.44504918149466,-0.292973108781796,3.899818040457481,-0.1547595934559135,9.47351693393562,-0.1721809719572248,11.357871210492425,-0.18028712890518,8.052373435755444,-0.0975944066888635,4.789531429215603,-0.2280666019053413,3.291244950552322,-0.2694042402014545,3.1795032856039636,-0.3753758249740813,7.59282398386352,-0.2925107656077492,6.760229446228604,-0.2932288629331732,1.3768508889519169,-0.1846940932730612
2025-12-20 00:00:00+00:00,9.469049483918225,-0.2911765210791004,3.9047728485569047,-0.1536856961692048,9.47351693393562,-0.1721809719572248,11.357871210492425,-0.18028712890518,8.052373435755444,-0.0975944066888635,4.789531429215603,-0.2280666019053413,3.29138004228906,-0.2693742523240624,3.1795032856039636,-0.3753758249740813,7.612117697253457,-0.2907130030698793,6.777407498777028,-0.2914329251134863,1.378552574698561,-0.1836864355435534
2025-12-21 00:00:00+00:00,9.500979873765184,-0.2887863117921955,3.911356451247439,-0.1522587765137382,9.4817785960454,-0.1714590477610228,11.357871210492425,-0.18028712890518,8.052373435755444,-0.0975944066888635,4.789531429215603,-0.2280666019053413,3.3024788382202974,-0.2669105240485748,3.1795032856039636,-0.3753758249740813,7.637786365058717,-0.2883212307632899,6.800261457239829,-0.2890435804414288,1.380907303500683,-0.1822920766361982
2025-12-22 00:00:00+00:00,9.496900165275877,-0.2890917060315312,3.910516685542697,-0.1524407860070823,9.477707132559951,-0.1718148221760305,11.357871210492425,-0.18028712890518,8.052373435755444,-0.0975944066888635,4.789531429215603,-0.2280666019053413,3.301060758071612,-0.2672253117229198,3.1795032856039636,-0.3753758249740813,7.634506709456131,-0.288626824707819,6.797341433751176,-0.2893488642099389,1.3804208643518323,-0.1825801228687303
2025-12-23 00:00:00+00:00,9.375292274638102,-0.2981948930253784,3.885479585164857,-0.1578672876239547,9.356345008875907,-0.1824197407052249,11.357871210492425,-0.18028712890518,8.052373435755444,-0.0975944066888635,4.789531429215603,-0.2280666019053413,3.2587906458592064,-0.2766084980893462,3.1795032856039636,-0.3753758249740813,7.536746783497183,-0.2977359645111292,6.710301416554237,-0.2984487582910363,1.361937865401147,-0.1935248797334281
2025-12-24 00:00:00+00:00,9.394951390014072,-0.2967232730304708,3.88955332970626,-0.1569843506621244,9.37596439359893,-0.1807053509906693,11.357871210492425,-0.18028712890518,8.052373435755444,-0.0975944066888635,4.789531429215603,-0.2280666019053413,3.2656240265599226,-0.2750916134332239,3.1795032856039636,-0.3753758249740813,7.552550640084894,-0.296263382185838,6.724372294121697,-0.2969776706279645,1.3646751682937324,-0.1919039785634223
2025-12-25 00:00:00+00:00,9.347351576071858,-0.3002864464801197,3.8797000581390906,-0.1591199331890074,9.352524482614932,-0.1827535876131926,11.357871210492425,-0.18028712890518,8.052373435755444,-0.0975944066888635,4.789531429215603,-0.2280666019053413,3.249078640680151,-0.2787643843602142,3.1795032856039636,-0.3753758249740813,7.514285406947093,-0.2998288856867802,6.690303052377819,-0.3005395551642592,1.3577604369999812,-0.1959985550440435
2025-12-26 00:00:00+00:00,9.362814174914044,-0.2991289646100449,3.882909001610339,-0.1584244318461044,9.352524482614932,-0.1827535876131926,11.357871210492425,-0.18028712890518,8.052373435755444,-0.0975944066888635,4.789531429215603,-0.2280666019053413,3.2544533395152904,-0.2775713002117712,3.1795032856039636,-0.3753758249740813,7.526715706576643,-0.298670646909368,6.701370301896537,-0.2993824919922524,1.3600062667221255,-0.1946686810158101
2025-12-27 00:00:00+00:00,9.417194213603263,-0.295058244705897,3.8941851381324137,-0.1559804598147717,9.352524482614932,-0.1827535876131926,11.357871210492425,-0.18028712890518,8.052373435755444,-0.0975944066888635,4.789531429215603,-0.2280666019053413,3.273355487438858,-0.273375371518671,3.1795032856039636,-0.3753758249740813,7.570431525739545,-0.2945972650561705,6.740292443197208,-0.295313244597181,1.3679050772979504,-0.1899913793775118
2025-12-28 00:00:00+00:00,9.425306478710713,-0.2944509858690777,3.895862424461094,-0.1556169274233532,9.352524482614932,-0.1827535876131926,11.357871210492425,-0.18028712890518,8.052373435755444,-0.0975944066888635,4.789531429215603,-0.2280666019053413,3.276175258052346,-0.2727494343779325,3.1795032856039636,-0.3753758249740813,7.576952931810354,-0.2939896091170888,6.746098741544752,-0.2947062054252292,1.3690833905982318,-0.1892936380306434
2025-12-29 00:00:00+00:00,9.348622533326472,-0.3001913065883802,3.880014128065816,-0.1590518621688226,9.352524482614932,-0.1827535876131926,11.357871210492425,-0.18028712890518,8.052373435755444,-0.0975944066888635,4.789531429215603,-0.2280666019053413,3.249520417159358,-0.2786663181186136,3.1795032856039636,-0.3753758249740813,7.515307122614198,-0.2997336835806043,6.691212731352746,-0.3004444496876494,1.3579448313446325,-0.1958893654436536
2025-12-30 00:00:00+00:00,9.482400964892292,-0.2901770709010377,3.907775555091855,-0.153034894294347,9.352524482614932,-0.1827535876131926,11.357871210492425,-0.18028712890518,8.052373435755444,-0.0975944066888635,4.789531429215603,-0.2280666019053413,3.296020930277626,-0.2683440606679909,3.1795032856039636,-0.3753758249740813,7.622850880640014,-0.2897128993254906,6.786963730099626,-0.2904338364683938,1.377376680926963,-0.184382744160093
2025-12-31 00:00:00+00:00,9.392676312230307,-0.2968935782498324,3.8892874208281936,-0.1570419833326412,9.352524482614932,-0.1827535876131926,11.357871210492425,-0.18028712890518,8.052373435755444,-0.0975944066888635,4.789531429215603,-0.2280666019053413,3.264833224312574,-0.2752671569668814,3.1795032856039636,-0.3753758249740813,7.55072171735196,-0.2964337987721879,6.722743922735724,-0.2971479142425024,1.3643438334717737,-0.1921001793572881
2026-01-01 00:00:00+00:00,9.52028856500772,-0.287340923453779,3.9157080443529537,-0.1513156190926838,9.456209907097806,-0.1736933021968918,11.357871210492425,-0.18028712890518,8.052373435755444,-0.0975944066888635,4.789531429215603,-0.2280666019053413,3.3091904137703394,-0.2654206778924552,3.1795032856039636,-0.3753758249740813,7.653308517579701,-0.2868748972480486,6.814081521127021,-0.2875987149460223,1.3828799466452288,-0.1811239707646634
2026-01-02 00:00:00+00:00,9.644179034863312,-0.2780668697066389,3.9411862063918273,-0.1457935224675788,9.432569382330062,-0.1757590689413996,11.357871210492425,-0.18028712890518,8.052373435755444,-0.0975944066888635,4.789531429215603,-0.2280666019053413,3.352253935679804,-0.2558613691865606,3.1795032856039636,-0.3753758249740813,7.752903396633873,-0.2775947789572554,6.902755278810128,-0.27832801591958,1.400875560063535,-0.1704678205360151
2026-01-03 00:00:00+00:00,9.712000571735189,-0.2729899612172567,3.955044166963145,-0.1427899699670117,9.432569382330062,-0.1757590689413996,11.357871210492425,-0.18028712890518,8.052373435755444,-0.0975944066888635,4.789531429215603,-0.2280666019053413,3.3758282609884405,-0.2506283031676637,3.1795032856039636,-0.3753758249740813,7.807424763530744,-0.2725145505460787,6.951298080635663,-0.2732529439097412,1.4107269003610126,-0.1646343232429099
2026-01-04 00:00:00+00:00,9.808631901889576,-0.2657564415562693,3.9747198854647094,-0.1385254857954994,9.432569382330062,-0.1757590689413996,11.357871210492425,-0.18028712890518,8.052373435755444,-0.0975944066888635,4.789531429215603,-0.2280666019053413,3.4094166831495194,-0.24317229209043,3.1795032856039636,-0.3753758249740813,7.885106167522412,-0.265276300699463,7.02046129524526,-0.2660220408432643,1.4247630615334663,-0.1563227731662096
2026-01-05 00:00:00+00:00,10.05832034911612,-0.2470655440052469,4.025310102647341,-0.1275606419758671,9.649103361918051,-0.156837801394111,11.357871210492425,-0.18028712890518,8.052373435755444,-0.0975944066888635,4.789531429215603,-0.2280666019053413,3.496206764180074,-0.2239064926296957,3.1795032856039636,-0.3753758249740813,8.08582936061174,-0.2465731806870225,7.199174096088174,-0.2473379043853503,1.461031647760142,-0.1348462336102429
2026-01-06 00:00:00+00:00,10.046345917106793,-0.2479619125974026,4.022914036481838,-0.1280799615745831,9.63761610279845,-0.1578415861285005,11.357871210492425,-0.18028712890518,8.052373435755444,-0.0975944066888635,4.789531429215603,-0.2280666019053413,3.4920445294594527,-0.2248304320762756,3.1795032856039636,-0.3753758249740813,8.076203179444606,-0.2474701354377885,7.190603478157469,-0.2482339487324293,1.459292287139153,-0.1358762006165468
2026-01-07 00:00:00+00:00,9.790888867096449,-0.2670846297413703,3.971766994528259,-0.1391654907161682,9.3925521761661,-0.1792558700705528,11.357871210492425,-0.18028712890518,8.052373435755444,-0.0975944066888635,4.789531429215603,-0.2280666019053413,3.4032493196029545,-0.2445413332052519,3.1795032856039636,-0.3753758249740813,7.870842637758299,-0.2666053574211768,7.007761839269006,-0.2673497485803847,1.4221857242838014,-0.1578489502563657
2026-01-08 00:00:00+00:00,9.76257952662836,-0.269203778577864,3.9660250182054617,-0.14040999760113,9.365394584957713,-0.1816289666633903,11.357871210492425,-0.18028712890518,8.052373435755444,-0.0975944066888635,4.789531429215603,-0.2280666019053413,3.39340917689536,-0.2467256636473769,3.1795032856039636,-0.3753758249740813,7.848084911975929,-0.2687258920239144,6.987499622169,-0.2694681308532314,1.4180736460258063,-0.1602839283063263
2026-01-09 00:00:00+00:00,9.713422629304226,-0.2728835104277638,3.956040081126429,-0.1425741171032308,9.341981098495316,-0.1836748942467317,11.357871210492425,-0.18028712890518,8.052373435755444,-0.0975944066888635,4.789531429215603,-0.2280666019053413,3.376322558954637,-0.2505185781233094,3.1795032856039636,-0.3753758249740813,7.808567947923875,-0.2724080301456607,6.952315908628689,-0.2731465316268903,1.4109332757467217,-0.164512117510741
2026-01-10 00:00:00+00:00,9.69878625984088,-0.2739791433462948,3.953059563009958,-0.1432201098952901,9.341981098495316,-0.1836748942467317,11.357871210492425,-0.18028712890518,8.052373435755444,-0.0975944066888635,4.789531429215603,-0.2280666019053413,3.371235052080263,-0.2516479109460577,3.1795032856039636,-0.3753758249740813,7.796801849625974,-0.2735043795268997,6.941840027145103,-0.2742417682200893,1.408807262040964,-0.165771042166995
2026-01-11 00:00:00+00:00,9.75332704354544,-0.2698963905721969,3.9641745087784863,-0.1408110740934545,9.341981098495316,-0.1836748942467317,11.357871210492425,-0.18028712890518,8.052373435755444,-0.0975944066888635,4.789531429215603,-0.2280666019053413,3.3901930739261585,-0.247439579271305,3.1795032856039636,-0.3753758249740813,7.840646890837835,-0.2694189569351473,6.980877220592686,-0.2701604923077402,1.4167296097504696,-0.1610798029525427
2026-01-12 00:00:00+00:00,9.783606046268153,-0.2676297989692469,3.970327857795119,-0.1394774069401488,9.347628133466086,-0.1831814425504477,11.357871210492425,-0.18028712890518,8.052373435755444,-0.0975944066888635,4.789531429215603,-0.2280666019053413,3.4007178584286795,-0.2451032709606626,3.1795032856039636,-0.3753758249740813,7.86498801746012,-0.2671508831493142,7.0025492099995335,-0.2678947206031832,1.4211278011400676,-0.1584754022526351
2026-01-13 00:00:00+00:00,10.22488326237707,-0.2345971643819974,4.059866174027497,-0.1200710136088719,9.769241115473957,-0.1463398713145609,11.357871210492425,-0.18028712890518,8.052373435755444,-0.0975944066888635,4.789531429215603,-0.2280666019053413,3.5541029500035495,-0.2110546057277373,3.1795032856039636,-0.3753758249740813,8.219728386262954,-0.2340966476677963,7.318390363705121,-0.2348740349722345,1.48522563780953,-0.1205196982149873
2026-01-14 00:00:00+00:00,10.38967690883585,-0.2222612265473332,4.092582447347429,-0.1129801401694786,9.92669121297069,-0.1325814975676277,11.512530457362656,-0.1691251626402128,8.052373435755444,-0.0975944066888635,4.789531429215603,-0.2280666019053413,3.6113841501886,-0.198339234310503,3.1795032856039636,-0.3753758249740813,8.352205107895287,-0.2217526430442671,7.43634029069171,-0.2225425594392898,1.5091568479800113,-0.1063487686221906
2026-01-15 00:00:00+00:00,10.245330028328205,-0.2330665833243339,4.0641527129736605,-0.1191419559236325,9.788776730843107,-0.1446328015705696,11.352583437561078,-0.1806687546034224,8.052373435755444,-0.0975944066888635,4.789531429215603,-0.2280666019053413,3.561210112923673,-0.209476946461517,3.1795032856039636,-0.3753758249740813,8.236165430890566,-0.2325650657235849,7.333024996792456,-0.2333440075745015,1.4881901722624735,-0.118764241273662
2026-01-16 00:00:00+00:00,10.239558210644097,-0.2334986435746784,4.0630079207397936,-0.1193900763854396,9.783262117406094,-0.145114681950084,11.346187836671302,-0.1811303337383304,8.052373435755444,-0.0975944066888635,4.789531429215603,-0.2280666019053413,3.559203866619282,-0.2099222961893924,3.1795032856039636,-0.3753758249740813,8.231525497852603,-0.2329974085093041,7.328893857703966,-0.2337759115348888,1.4873516899402484,-0.1192607508052909
2026-01-17 00:00:00+00:00,10.19635316542125,-0.2367328383598892,4.054436142673536,-0.1212479100336678,9.74198237920703,-0.1487218062094391,11.298313451028308,-0.1845854926655654,8.052373435755444,-0.0975944066888635,4.789531429215603,-0.2280666019053413,3.544186073775958,-0.2132559695979985,3.1795032856039636,-0.3753758249740813,8.196793195533347,-0.2362337182181494,7.297970141656689,-0.2370089364088091,1.4810762953765846,-0.1229767423450081
2026-01-18 00:00:00+00:00,10.038326884108244,-0.2485621923696507,4.023017680795393,-0.1280574978696573,9.590998078935462,-0.1619151828162621,11.123208643377115,-0.197223042604472,8.052373435755444,-0.0975944066888635,4.789531429215603,-0.2280666019053413,3.4892571657209164,-0.2254491754876553,3.1795032856039636,-0.3753758249740813,8.069756722162197,-0.2480708077485081,7.184863910055137,-0.2488340113643596,1.4581240242370783,-0.136567990593453
2026-01-19 00:00:00+00:00,9.926647677251248,-0.2569221490962414,4.000639079811887,-0.132907800524026,9.48429553071319,-0.1712391118676406,10.99945982215036,-0.2061541617959515,8.052373435755444,-0.0975944066888635,4.789531429215603,-0.2280666019053413,3.4805340228066144,-0.2273855525489361,3.1795032856039636,-0.3753758249740813,7.979978411427295,-0.2564362312670637,7.104930280465857,-0.2571909440282667,1.4419042702074711,-0.1461725609736656
2026-01-20 00:00:00+00:00,9.47620370873426,-0.2906409781471832,3.909870080936044,-0.1525809300689156,9.053924285923996,-0.2088460014782704,10.500334589249524,-0.2421767024740895,8.052373435755444,-0.0975944066888635,4.789531429215603,-0.2280666019053413,3.4805340228066144,-0.2273855525489361,3.1795032856039636,-0.3753758249740813,7.617868939912481,-0.2901771099325849,6.782528086328978,-0.2908975759045091,1.3764841044115856,-0.1849112857117106
2026-01-21 00:00:00+00:00,9.586267964003817,-0.2824019116540254,3.932576269610645,-0.1476596265754494,9.031289475209189,-0.2108238864745747,10.622293924672178,-0.2333747328845976,8.052373435755444,-0.0975944066888635,4.789531429215603,-0.2280666019053413,3.4805340228066144,-0.2273855525489361,3.1795032856039636,-0.3753758249740813,7.706348999795506,-0.281932655700713,6.861305825348938,-0.2826614897441862,1.3921404486074258,-0.1756403399593096
2026-01-22 00:00:00+00:00,9.59751368527694,-0.2815600920723105,3.934882936646211,-0.1471596832030466,9.019305923457775,-0.2118710384702413,10.634755015600014,-0.2324753991598065,8.052373435755444,-0.0975944066888635,4.789531429215603,-0.2280666019053413,3.4805340228066144,-0.2273855525489361,3.1795032856039636,-0.3753758249740813,7.715389374340693,-0.2810902856313968,6.869354873546972,-0.281819974675433,1.393718086222851,-0.1747061376598071
2026-01-23 00:00:00+00:00,9.601863445392016,-0.2812344826114584,3.9357746153359514,-0.1469664221712743,9.023393629759433,-0.211513844718316,10.639574871524932,-0.2321275436624815,8.052373435755444,-0.0975944066888635,4.789531429215603,-0.2280666019053413,3.4805340228066144,-0.2273855525489361,3.1795032856039636,-0.3753758249740813,7.718886122985529,-0.2807644632460953,6.872468184642438,-0.2814944829978965,1.394345509377248,-0.1743346073743551
2026-01-24 00:00:00+00:00,9.561685764624723,-0.2842420583459407,3.927540260777261,-0.1487511231810678,8.985636476603077,-0.2148131569004258,10.595055029608936,-0.235340600648366,8.052373435755444,-0.0975944066888635,4.789531429215603,-0.2280666019053413,3.4805340228066144,-0.2273855525489361,3.1795032856039636,-0.3753758249740813,7.686587502588337,-0.2837740057121525,6.843711284028688,-0.2845009707964188,1.388516690212947,-0.177786158106559
2026-01-25 00:00:00+00:00,9.287885565097318,-0.3047378863894907,3.871307430420545,-0.1609389380736466,8.728331528423656,-0.2372970911771966,10.291664157693512,-0.2572367287231419,8.052373435755444,-0.0975944066888635,4.789531429215603,-0.2280666019053413,3.4805340228066144,-0.2273855525489361,3.1795032856039636,-0.3753758249740813,7.466481002155129,-0.3042832365078609,6.647740661148825,-0.3049893848459989,1.348794248854014,-0.201307907142292
2026-01-26 00:00:00+00:00,9.467568486510244,-0.2912873839209072,3.908754480338964,-0.1528227235814423,8.706510699602598,-0.2392038484492535,10.26593499729928,-0.2590936369013341,8.052373435755444,-0.0975944066888635,4.789531429215603,-0.2280666019053413,3.4805340228066144,-0.2273855525489361,3.1795032856039636,-0.3753758249740813,7.610927131442391,-0.2908239384077661,6.77634748499681,-0.2915437478526713,1.374816855867926,-0.1858985513601081
2026-01-27 00:00:00+00:00,9.564328412676902,-0.2840442379639595,3.92872849982771,-0.148493586124812,8.773726227808382,-0.2333303915676414,10.26593499729928,-0.2590936369013341,8.052373435755444,-0.0975944066888635,4.789531429215603,-0.2280666019053413,3.4805340228066144,-0.2273855525489361,3.1795032856039636,-0.3753758249740813,7.688711913073227,-0.2835760559703062,6.845602741323939,-0.2843032219723721,1.388838753998045,-0.177595447181767
2026-01-28 00:00:00+00:00,9.569685508221438,-0.2836432225180862,3.9298287639044966,-0.1482551166254863,8.778640497546514,-0.2329009706855624,10.26593499729928,-0.2590936369013341,8.052373435755444,-0.0975944066888635,4.789531429215603,-0.2280666019053413,3.4805340228066144,-0.2273855525489361,3.1795032856039636,-0.3753758249740813,7.693018453224875,-0.2831747782900592,6.849437045873393,-0.2839023515865614,1.3896126768356172,-0.1771371667202539
2026-01-29 00:00:00+00:00,9.071394178438611,-0.3209437556384003,3.827516122652991,-0.170430196998179,8.321538700057996,-0.2728436412219998,10.26593499729928,-0.2590936369013341,8.052373435755444,-0.0975944066888635,4.789531429215603,-0.2280666019053413,3.4805340228066144,-0.2273855525489361,3.1795032856039636,-0.3753758249740813,7.292444746616861,-0.3204997031938976,6.492788429686388,-0.3211893919157065,1.317322751287511,-0.2199438379212919
2026-01-30 00:00:00+00:00,9.02963583835382,-0.3240696545940594,3.818706522012459,-0.1723395759357718,8.300734853307851,-0.2746615321189447,10.26593499729928,-0.2590936369013341,8.052373435755444,-0.0975944066888635,4.789531429215603,-0.2280666019053413,3.4805340228066144,-0.2273855525489361,3.1795032856039636,-0.3753758249740813,7.258875442738238,-0.3236276462557469,6.462900182961327,-0.3243141601341269,1.3120466262295158,-0.2230681093721299
2026-01-31 00:00:00+00:00,8.438158479912037,-0.3683458028627623,3.693636226446913,-0.1994471143833889,8.300734853307851,-0.2746615321189447,10.26593499729928,-0.2590936369013341,8.052373435755444,-0.0975944066888635,4.789531429215603,-0.2280666019053413,3.4805340228066144,-0.2273855525489361,3.1795032856039636,-0.3753758249740813,6.783389991387913,-0.3679327478431698,6.039554303180225,-0.3685742923094288,1.2419806541462874,-0.2645578606287134
2026-02-01 00:00:00+00:00,8.24817073138244,-0.3825676925142854,3.652054545312303,-0.2084594623192123,8.300734853307851,-0.2746615321189447,10.26593499729928,-0.2590936369013341,8.052373435755444,-0.0975944066888635,4.789531429215603,-0.2280666019053413,3.4805340228066144,-0.2273855525489361,3.1795032856039636,-0.3753758249740813,6.63065986728204,-0.3821639375562383,5.903571869700804,-0.3827910374503768,1.2393802248748145,-0.266097711720847
2026-02-02 00:00:00+00:00,8.437892714820011,-0.3683656972077466,3.694056284517495,-0.1993560716601983,8.300734853307851,-0.2746615321189447,10.26593499729928,-0.2590936369013341,8.052373435755444,-0.0975944066888635,4.789531429215603,-0.2280666019053413,3.4805340228066144,-0.2273855525489361,3.1795032856039636,-0.3753758249740813,6.783176344266967,-0.367952655197581,6.039364083630662,-0.3685941794579946,1.2393991101655937,-0.2660865287458087
2026-02-03 00:00:00+00:00,8.119789045798274,-0.3921779446478336,3.6244243931559272,-0.2144479778856439,8.300734853307851,-0.2746615321189447,10.26593499729928,-0.2590936369013341,8.052373435755444,-0.0975944066888635,4.789531429215603,-0.2280666019053413,3.4805340228066144,-0.2273855525489361,3.1795032856039636,-0.3753758249740813,6.538878165782488,-0.3907160343601595,5.81168355503295,-0.3923978132495599,1.23918500874981,-0.2662133094671836
2026-02-04 00:00:00+00:00,7.840694977099031,-0.4130700552084098,3.5621348838550593,-0.2279485078126045,8.300734853307851,-0.2746615321189447,10.26593499729928,-0.2590936369013341,8.052373435755444,-0.0975944066888635,4.789531429215603,-0.2280666019053413,3.4805340228066144,-0.2273855525489361,3.1795032856039636,-0.3753758249740813,6.319173618856949,-0.4111878116629376,5.611923881448084,-0.4132823664681548,1.2391126039288876,-0.2662561841739853
2026-02-05 00:00:00+00:00,6.741630940454079,-0.4953425573570795,3.3124749776886766,-0.2820594018073092,8.300734853307851,-0.2746615321189447,10.26593499729928,-0.2590936369013341,8.052373435755444,-0.0975944066888635,4.789531429215603,-0.2280666019053413,3.4805340228066144,-0.2273855525489361,3.1795032856039636,-0.3753758249740813,5.450916126605688,-0.4920908893259614,4.825276303331154,-0.4955251080317179,1.238906851857762,-0.2663780208087699
2026-02-06 00:00:00+00:00,7.563616650892139,-0.4338112735798107,3.514414769550105,-0.2382912900647524,8.300734853307851,-0.2746615321189447,10.26593499729928,-0.2590936369013341,8.052373435755444,-0.0975944066888635,4.789531429215603,-0.2280666019053413,3.4805340228066144,-0.2273855525489361,3.1795032856039636,-0.3753758249740813,5.854560629406046,-0.454479831719493,5.2816605120373845,-0.447810871600498,1.3128807366814037,-0.2225741886551201
2026-02-07 00:00:00+00:00,7.425281633958177,-0.4441666010206742,3.48227626695946,-0.245256938388244,8.300734853307851,-0.2746615321189447,10.26593499729928,-0.2590936369013341,8.052373435755444,-0.0975944066888635,4.789531429215603,-0.2280666019053413,3.4805340228066144,-0.2273855525489361,3.1795032856039636,-0.3753758249740813,5.803594256752423,-0.4592288104980203,5.218715007763014,-0.4543917230321104,1.3008745463720466,-0.2296836860996529
2026-02-08 00:00:00+00:00,7.536838674603518,-0.4358157892752453,3.508435034680464,-0.2395873283618746,8.300734853307851,-0.2746615321189447,10.26593499729928,-0.2590936369013341,8.052373435755444,-0.0975944066888635,4.789531429215603,-0.2280666019053413,3.4805340228066144,-0.2273855525489361,3.1795032856039636,-0.3753758249740813,5.843228957043617,-0.4555357018701927,5.26816217513459,-0.4492221010561227,1.310646681651186,-0.2238970902682904
2026-02-09 00:00:00+00:00,7.51622259056956,-0.4373590449559231,3.5036365910208973,-0.2406273354666973,8.300734853307851,-0.2746615321189447,10.26593499729928,-0.2590936369013341,8.052373435755444,-0.0975944066888635,4.789531429215603,-0.2280666019053413,3.4805340228066144,-0.2273855525489361,3.1795032856039636,-0.3753758249740813,5.835966654781929,-0.4562123935303663,5.25907694268678,-0.4501719475249045,1.3088541262371896,-0.2249585567124012
2026-02-10 00:00:00+00:00,7.377262811342644,-0.4477611401513266,3.471249007942233,-0.247646969102009,8.300734853307851,-0.2746615321189447,10.26593499729928,-0.2590936369013341,8.052373435755444,-0.0975944066888635,4.789531429215603,-0.2280666019053413,3.4805340228066144,-0.2273855525489361,3.1795032856039636,-0.3753758249740813,5.786668366167188,-0.4608059424580137,5.1980560600585095,-0.4565515828528244,1.296755091391944,-0.2321230322951804
2026-02-11 00:00:00+00:00,7.18878713759067,-0.4618698406061851,3.4269069523408744,-0.2572575962427297,8.300734853307851,-0.2746615321189447,10.26593499729928,-0.2590936369013341,8.052373435755444,-0.0975944066888635,4.789531429215603,-0.2280666019053413,3.4805340228066144,-0.2273855525489361,3.1795032856039636,-0.3753758249740813,5.7186348116099746,-0.4671452185335503,5.114643360125856,-0.4652722467365191,1.280190222259563,-0.2419319634991029
2026-02-12 00:00:00+00:00,7.101947322137306,-0.4683703980489403,3.406208609100121,-0.2617437224860841,8.300734853307851,-0.2746615321189447,10.26593499729928,-0.2590936369013341,8.052373435755444,-0.0975944066888635,4.789531429215603,-0.2280666019053413,3.4805340228066144,-0.2273855525489361,3.1795032856039636,-0.3753758249740813,5.686742931944933,-0.4701168614394706,5.0758800386316025,-0.4693248897757675,1.2724579386820871,-0.2465106557335267
2026-02-13 00:00:00+00:00,7.378620570905543,-0.4476595025098139,3.4725570878423184,-0.2473634579291619,8.300734853307851,-0.2746615321189447,10.26593499729928,-0.2590936369013341,8.052373435755444,-0.0975944066888635,4.789531429215603,-0.2280666019053413,3.4805340228066144,-0.2273855525489361,3.1795032856039636,-0.3753758249740813,5.79033159248086,-0.4604646079050761,5.203605752032058,-0.4559713714653686,1.2972437508371124,-0.2318336713082931
2026-02-14 00:00:00+00:00,7.48246077918117,-0.4398863487411271,3.496991943096455,-0.2420674859698062,8.300734853307851,-0.2746615321189447,10.26593499729928,-0.2590936369013341,8.052373435755444,-0.0975944066888635,4.789531429215603,-0.2280666019053413,3.4805340228066144,-0.2273855525489361,3.1795032856039636,-0.3753758249740813,5.827026336875295,-0.4570454404552563,5.249995566330802,-0.4511213908454751,1.3063718838720102,-0.2264284231144189
2026-02-15 00:00:00+00:00,7.376329418620242,-0.4478310110161706,3.4721912442525618,-0.2474427502913514,8.300734853307851,-0.2746615321189447,10.26593499729928,-0.2590936369013341,8.052373435755444,-0.0975944066888635,4.789531429215603,-0.2280666019053413,3.4805340228066144,-0.2273855525489361,3.1795032856039636,-0.3753758249740813,5.788252432421499,-0.4606583412724903,5.202891923364381,-0.4560460011067347,1.2971070825520934,-0.2319145997958529
2026-02-16 00:00:00+00:00,7.382743144732271,-0.4473508995051583,3.473700781204166,-0.2471155756351417,8.300734853307851,-0.2746615321189447,10.26593499729928,-0.2590936369013341,8.052373435755444,-0.0975944066888635,4.789531429215603,-0.2280666019053413,3.4805340228066144,-0.2273855525489361,3.1795032856039636,-0.3753758249740813,5.79059089896794,-0.4604404460716915,5.205747070754293,-0.4557475000302088,1.297671000527892,-0.2315806742703895
2026-02-17 00:00:00+00:00,7.233902905229179,-0.458492615106833,3.4386849039007945,-0.2547048616121684,8.300734853307851,-0.2746615321189447,10.26593499729928,-0.2590936369013341,8.052373435755444,-0.0975944066888635,4.789531429215603,-0.2280666019053413,3.4805340228066144,-0.2273855525489361,3.1795032856039636,-0.3753758249740813,5.735326152884478,-0.465589941566196,5.139432419857405,-0.4626805903330432,1.2845901132884283,-0.2393265563532938
2026-02-18 00:00:00+00:00,7.122182976301628,-0.466855620160478,3.4121314901972224,-0.2604600065858831,8.300734853307851,-0.2746615321189447,10.26593499729928,-0.2590936369013341,8.052373435755444,-0.0975944066888635,4.789531429215603,-0.2280666019053413,3.4805340228066144,-0.2273855525489361,3.1795032856039636,-0.3753758249740813,5.6929819952667255,-0.4695355138220044,5.089315716488673,-0.4679202112227928,1.2746705499920088,-0.2452004520762207
2026-02-19 00:00:00+00:00,7.180343737751623,-0.4625018871551019,3.4260634662709704,-0.2574404120821467,8.300734853307851,-0.2746615321189447,10.26593499729928,-0.2590936369013341,8.052373435755444,-0.0975944066888635,4.789531429215603,-0.2280666019053413,3.4805340228066144,-0.2273855525489361,3.1795032856039636,-0.3753758249740813,5.715314459581653,-0.4674546045168711,5.11554441484096,-0.4651780429124301,1.2798751205770402,-0.2421185517963846
2026-02-20 00:00:00+00:00,7.289251700544176,-0.4543493771064522,3.452045898737804,-0.2518090206804355,8.300734853307851,-0.2746615321189447,10.26593499729928,-0.2590936369013341,8.052373435755444,-0.0975944066888635,4.789531429215603,-0.2280666019053413,3.4805340228066144,-0.2273855525489361,3.1795032856039636,-0.3753758249740813,5.771979580887911,-0.4621746239227063,5.164932242797839,-0.4600146247769973,1.289581382133508,-0.2363709632646673
2026-02-21 00:00:00+00:00,7.284527940360077,-0.4547029830447217,3.450927358890365,-0.2520514512414454,8.300734853307851,-0.2746615321189447,10.26593499729928,-0.2590936369013341,8.052373435755444,-0.0975944066888635,4.789531429215603,-0.2280666019053413,3.4805340228066144,-0.2273855525489361,3.1795032856039636,-0.3753758249740813,5.763731304679609,-0.4629431873231051,5.162788586956727,-0.4602387405541841,1.28916352883473,-0.2366183962041183
2026-02-22 00:00:00+00:00,7.248892913726268,-0.4573705098744117,3.4424865999728205,-0.2538808880061846,8.300734853307851,-0.2746615321189447,10.26593499729928,-0.2590936369013341,8.052373435755444,-0.0975944066888635,4.789531429215603,-0.2280666019053413,3.4805340228066144,-0.2273855525489361,3.1795032856039636,-0.3753758249740813,5.735535830623643,-0.4655704040734968,5.146703636751373,-0.4619203962785535,1.2860103136359402,-0.2384855809496731
2026-02-23 00:00:00+00:00,6.928755284443772,-0.4813350132289353,3.3664701991190285,-0.2703565627415474,8.300734853307851,-0.2746615321189447,10.26593499729928,-0.2590936369013341,8.052373435755444,-0.0975944066888635,4.789531429215603,-0.2280666019053413,3.4805340228066144,-0.2273855525489361,3.1795032856039636,-0.3753758249740813,5.482233586359038,-0.4891727701029825,5.0018619855291435,-0.4770633584136748,1.2576128624256515,-0.255301207023287
2026-02-24 00:00:00+00:00,6.864685536229911,-0.4861310745336803,3.350905433935931,-0.2737300453796197,8.300734853307851,-0.2746615321189447,10.26593499729928,-0.2590936369013341,8.052373435755444,-0.0975944066888635,4.789531429215603,-0.2280666019053413,3.4805340228066144,-0.2273855525489361,3.1795032856039636,-0.3753758249740813,5.431539729943557,-0.4938963561811006,4.972648853968502,-0.4801175444253517,1.251798330317471,-0.2587442976373053
2026-02-25 00:00:00+00:00,7.285825688450581,-0.4546058376746571,3.453692431029747,-0.2514521538703965,8.300734853307851,-0.2746615321189447,10.26593499729928,-0.2590936369013341,8.052373435755444,-0.0975944066888635,4.789531429215603,-0.2280666019053413,3.4805340228066144,-0.2273855525489361,3.1795032856039636,-0.3753758249740813,5.764758120879103,-0.462847509956109,5.165374365695043,-0.4599684015377913,1.2901964724752943,-0.2360067358869222
2026-02-26 00:00:00+00:00,7.231937529508299,-0.4586397369967573,3.4409201568483794,-0.2542203964164733,8.300734853307851,-0.2746615321189447,10.26593499729928,-0.2590936369013341,8.052373435755444,-0.0975944066888635,4.789531429215603,-0.2280666019053413,3.4805340228066144,-0.2273855525489361,3.1795032856039636,-0.3753758249740813,5.722120235323566,-0.466820451390271,5.141855601360253,-0.4624272505966172,1.2854590001080983,-0.2388120427178389
2026-02-27 00:00:00+00:00,7.059074483279495,-0.4715797249029207,3.39979646504961,-0.2631334804665455,8.300734853307851,-0.2746615321189447,10.26593499729928,-0.2590936369013341,8.052373435755444,-0.0975944066888635,4.789531429215603,-0.2280666019053413,3.4805340228066144,-0.2273855525489361,3.1795032856039636,-0.3753758249740813,5.585345943409465,-0.4795648978935088,5.066958081108614,-0.4702576661132486,1.2792291294017089,-0.2425010771846946
2026-02-28 00:00:00+00:00,7.177078470673369,-0.4627463148533566,3.4282130471492698,-0.2569745153155222,8.300734853307851,-0.2746615321189447,10.26593499729928,-0.2590936369013341,8.052373435755444,-0.0975944066888635,4.789531429215603,-0.2280666019053413,3.4805340228066144,-0.2273855525489361,3.1795032856039636,-0.3753758249740813,5.678714145410687,-0.4708649730841346,5.118480445328575,-0.4648710856378731,1.2789925188356477,-0.242641186759124
2026-03-01 00:00:00+00:00,7.04882645273491,-0.4723468604718115,3.3975825306364276,-0.2636133251167438,8.300734853307851,-0.2746615321189447,10.26593499729928,-0.2590936369013341,8.052373435755444,-0.0975944066888635,4.789531429215603,-0.2280666019053413,3.4805340228066144,-0.2273855525489361,3.1795032856039636,-0.3753758249740813,5.577237402273412,-0.4803204409658329,5.062034898984932,-0.4707723769015758,1.2787282600983656,-0.2427976682714933
2026-03-02 00:00:00+00:00,7.376059366994474,-0.4478512262376868,3.476446781330681,-0.2465204119020579,8.300734853307851,-0.2746615321189447,10.26593499729928,-0.2590936369013341,8.052373435755444,-0.0975944066888635,4.789531429215603,-0.2280666019053413,3.4805340228066144,-0.2273855525489361,3.1795032856039636,-0.3753758249740813,5.836153643281907,-0.45619497019078,5.20664715367827,-0.4556533978053222,1.279201411193153,-0.2425174905954285
2026-03-03 00:00:00+00:00,7.323328572162633,-0.4517984888961457,3.464020376332476,-0.2492136913073024,8.300734853307851,-0.2746615321189447,10.26593499729928,-0.2590936369013341,8.052373435755444,-0.0975944066888635,4.789531429215603,-0.2280666019053413,3.4805340228066144,-0.2273855525489361,3.1795032856039636,-0.3753758249740813,5.796144219102169,-0.4599229950918649,5.183468359028032,-0.4580767035793485,1.2791699105616308,-0.2425361437779565
2026-03-04 00:00:00+00:00,7.78721403886228,-0.4170734712599691,3.573732011765593,-0.2254349646143959,8.300734853307851,-0.2746615321189447,10.26593499729928,-0.2590936369013341,8.052373435755444,-0.0975944066888635,4.789531429215603,-0.2280666019053413,3.4805340228066144,-0.2273855525489361,3.1795032856039636,-0.3753758249740813,6.1463981624390325,-0.4272867987647938,5.387983700893457,-0.436694952875831,1.2793617929014207,-0.2424225201413792
2026-03-05 00:00:00+00:00,7.5968865825336,-0.4313207903766537,3.530059183459778,-0.2349005444874011,8.300734853307851,-0.2746615321189447,10.26593499729928,-0.2590936369013341,8.052373435755444,-0.0975944066888635,4.789531429215603,-0.2280666019053413,3.4805340228066144,-0.2273855525489361,3.1795032856039636,-0.3753758249740813,6.019718867727878,-0.4390906068629424,5.308459001709033,-0.4450091325223264,1.2792969586747136,-0.2424609119007313
2026-03-06 00:00:00+00:00,7.2993261264722,-0.4535952370371072,3.4609252027729354,-0.2498845343391181,8.300734853307851,-0.2746615321189447,10.26593499729928,-0.2590936369013341,8.052373435755444,-0.0975944066888635,4.789531429215603,-0.2280666019053413,3.4805340228066144,-0.2273855525489361,3.1795032856039636,-0.3753758249740813,5.829967646236995,-0.4567713731631865,5.182386499719859,-0.4581898102334147,1.2792595680263288,-0.2424830528723711
2026-03-07 00:00:00+00:00,7.208118333135355,-0.4604227676659754,3.4393024293018346,-0.2545710201314604,8.300734853307851,-0.2746615321189447,10.26593499729928,-0.2590936369013341,8.052373435755444,-0.0975944066888635,4.789531429215603,-0.2280666019053413,3.4805340228066144,-0.2273855525489361,3.1795032856039636,-0.3753758249740813,5.773944416520547,-0.4619915431532332,5.143238812177557,-0.4622826381260013,1.2792405549557693,-0.2424943115125453
2026-03-08 00:00:00+00:00,7.069694370626236,-0.4707847532948782,3.406278424386247,-0.2617285908311669,8.120576558479453,-0.2904042035638494,10.26593499729928,-0.2590936369013341,8.052373435755444,-0.0975944066888635,4.789531429215603,-0.2280666019053413,3.4805340228066144,-0.2273855525489361,3.1795032856039636,-0.3753758249740813,5.689992809526466,-0.4698140421713151,5.066617981727582,-0.4702932229576071,1.279222192486135,-0.2425051848976556
2026-03-09 00:00:00+00:00,7.33341907259219,-0.4510431455398057,3.4698115642357386,-0.2479585183820669,8.100275117083255,-0.2921781930549396,10.26593499729928,-0.2590936369013341,8.052373435755444,-0.0975944066888635,4.789531429215603,-0.2280666019053413,3.4805340228066144,-0.2273855525489361,3.1795032856039636,-0.3753758249740813,5.84882968428765,-0.4550138335589634,5.2502723569328245,-0.4510924528323385,1.2792588162640164,-0.2424834980304189
2026-03-10 00:00:00+00:00,7.495929068199723,-0.4388781546775671,3.5082574144238414,-0.239625825495936,8.100275117083255,-0.2921781930549396,10.26593499729928,-0.2590936369013341,8.052373435755444,-0.0975944066888635,4.789531429215603,-0.2280666019053413,3.4805340228066144,-0.2273855525489361,3.1795032856039636,-0.3753758249740813,5.948239044031108,-0.445751001710656,5.361621135821043,-0.4394511167368998,1.2792990901044772,-0.242459649768942
2026-03-11 00:00:00+00:00,7.5219944082536765,-0.436926984705578,3.514356986716467,-0.2383038138249096,8.100275117083255,-0.2921781930549396,10.26593499729928,-0.2590936369013341,8.052373435755444,-0.0975944066888635,4.789531429215603,-0.2280666019053413,3.4805340228066144,-0.2273855525489361,3.1795032856039636,-0.3753758249740813,5.964108264820094,-0.4442723288360757,5.379333842658023,-0.4375992816695726,1.2793036069101085,-0.2424569751305042
2026-03-12 00:00:00+00:00,7.559445853560817,-0.4341234864454508,3.5231058464825256,-0.2364075997685756,8.12035509082193,-0.2904235559482143,10.26593499729928,-0.2590936369013341,8.052373435755444,-0.0975944066888635,4.789531429215603,-0.2280666019053413,3.4805340228066144,-0.2273855525489361,3.1795032856039636,-0.3753758249740813,5.9883535430044335,-0.4420131860801367,5.4048910295827195,-0.4349273188010528,1.2793092209191252,-0.2424536507801707
2026-03-13 00:00:00+00:00,7.601095958668616,-0.4310056896222247,3.53281143414427,-0.2343040260182476,8.165095624664906,-0.2865140189200664,10.26593499729928,-0.2590936369013341,8.052373435755444,-0.0975944066888635,4.789531429215603,-0.2280666019053413,3.4805340228066144,-0.2273855525489361,3.1795032856039636,-0.3753758249740813,6.016973548715864,-0.4393464120350496,5.433434625338455,-0.4319431316830384,1.2793155448762832,-0.2424499060321621
2026-03-14 00:00:00+00:00,7.631310663385189,-0.4287439111672549,3.539832977806028,-0.2327821877279321,8.197552253896179,-0.2836778794534729,10.26593499729928,-0.2590936369013341,8.052373435755444,-0.0975944066888635,4.789531429215603,-0.2280666019053413,3.4805340228066144,-0.2273855525489361,3.1795032856039636,-0.3753758249740813,6.038044330950635,-0.4373830645871165,5.45434731090441,-0.4297567439762104,1.2802604307541463,-0.2418903893527698
2026-03-15 00:00:00+00:00,7.8031245804805485,-0.4158824577922995,3.5796814780576476,-0.2241454866810032,8.382114726250176,-0.2675503602288056,10.26593499729928,-0.2590936369013341,8.052373435755444,-0.0975944066888635,4.789531429215603,-0.2280666019053413,3.4805340228066144,-0.2273855525489361,3.1795032856039636,-0.3753758249740813,6.1611643890324075,-0.4259109014215113,5.575086037894541,-0.4171337038794838,1.294648507609666,-0.2333704514706975
2026-03-16 00:00:00+00:00,8.02489161854269,-0.3992816697516244,3.630549265083666,-0.2131204828116365,8.62033683027598,-0.2467339314423084,10.26593499729928,-0.2590936369013341,8.052373435755444,-0.0975944066888635,4.789531429215603,-0.2280666019053413,3.4805340228066144,-0.2273855525489361,3.1795032856039636,-0.3753758249740813,6.322001840368246,-0.4109242817462726,5.733305222413661,-0.4005921421118207,1.3130259393946289,-0.2224882064832558
2026-03-17 00:00:00+00:00,7.920374137935766,-0.407105522012368,3.606906835974152,-0.2182447055791868,8.50806417535293,-0.25654459001001,10.26593499729928,-0.2590936369013341,8.052373435755444,-0.0975944066888635,4.789531429215603,-0.2280666019053413,3.4805340228066144,-0.2273855525489361,3.1795032856039636,-0.3753758249740813,6.241178260257479,-0.4184553153821019,5.65904184812504,-0.4083562586859512,1.304485313430009,-0.227545560806788
2026-03-18 00:00:00+00:00,7.63501744343891,-0.4284664331862035,3.5419316849177176,-0.2323273172611825,8.20153407622322,-0.2833299381016395,10.26593499729928,-0.2590936369013341,8.052373435755444,-0.0975944066888635,4.789531429215603,-0.2280666019053413,3.4805340228066144,-0.2273855525489361,3.1795032856039636,-0.3753758249740813,6.024725897037149,-0.4386240585351892,5.456332379206208,-0.4295492082716937,1.2809778449066809,-0.2414655706590215
2026-03-19 00:00:00+00:00,7.493932615109212,-0.4390276029223483,3.5092066238799355,-0.2394200953366718,8.049980784334087,-0.2965730345845235,10.26593499729928,-0.2590936369013341,8.052373435755444,-0.0975944066888635,4.789531429215603,-0.2280666019053413,3.4805340228066144,-0.2273855525489361,3.1795032856039636,-0.3753758249740813,5.912823898602277,-0.4490509378317333,5.359064865061268,-0.4397183707415024,1.2691522659435703,-0.2484681186157061
2026-03-20 00:00:00+00:00,7.556165583614465,-0.4343690372115675,3.5237776346241496,-0.2362619974671228,8.116831425559404,-0.2907314624177033,10.26593499729928,-0.2590936369013341,8.052373435755444,-0.0975944066888635,4.789531429215603,-0.2280666019053413,3.4805340228066144,-0.2273855525489361,3.1795032856039636,-0.3753758249740813,5.961926633088697,-0.4444756103775222,5.401841912089563,-0.4352460991405117,1.2744185955281773,-0.2453496475804226
2026-03-21 00:00:00+00:00,7.38549617102832,-0.4471448165524775,3.483982248172479,-0.2448871867128864,7.93349837970014,-0.3067515513550741,10.26593499729928,-0.2590936369013341,8.052373435755444,-0.0975944066888635,4.789531429215603,-0.2280666019053413,3.4805340228066144,-0.2273855525489361,3.1795032856039636,-0.3753758249740813,5.827265937119114,-0.4570231148233939,5.283709561957289,-0.4475966467205118,1.2600299688531889,-0.253869911039552
2026-03-22 00:00:00+00:00,7.271997330597683,-0.4556409853669045,3.457211674057251,-0.2506893986914534,7.811577950008965,-0.3174052560256138,10.26593499729928,-0.2590936369013341,8.052373435755444,-0.0975944066888635,4.789531429215603,-0.2280666019053413,3.4805340228066144,-0.2273855525489361,3.1795032856039636,-0.3753758249740813,5.737713669887774,-0.4653674759091032,5.205987983011175,-0.4557223130404647,1.2503532930061114,-0.2595999803149619
2026-03-23 00:00:00+00:00,7.598572261927792,-0.4311946056804425,3.5348408736925663,-0.2338641684938546,7.792049005133943,-0.3191117428855498,10.26593499729928,-0.2590936369013341,8.052373435755444,-0.0975944066888635,4.789531429215603,-0.2280666019053413,3.4805340228066144,-0.2273855525489361,3.1795032856039636,-0.3753758249740813,5.99538613077431,-0.4413578989106093,5.429003499812679,-0.4324063987439051,1.2784445670571176,-0.2429656578585158
2026-03-24 00:00:00+00:00,7.561096169051633,-0.4339999489806287,3.526123971337851,-0.2357534561512962,7.734138564115734,-0.3241720985413776,10.26593499729928,-0.2590936369013341,8.052373435755444,-0.0975944066888635,4.789531429215603,-0.2280666019053413,3.4805340228066144,-0.2273855525489361,3.1795032856039636,-0.3753758249740813,5.9658169380733215,-0.4441131169362186,5.4039806442279845,-0.4350224981285376,1.275293152499145,-0.2448317763498333
2026-03-25 00:00:00+00:00,7.64466107272582,-0.4277445412083254,3.5456092551789804,-0.2315302464875009,7.819615924760681,-0.316702878176627,10.26593499729928,-0.2590936369013341,8.052373435755444,-0.0975944066888635,4.789531429215603,-0.2280666019053413,3.4805340228066144,-0.2273855525489361,3.1795032856039636,-0.3753758249740813,6.0317508855621105,-0.43796947945319,5.45860131420522,-0.429311994759647,1.2823867875391526,-0.2406312615412286
2026-03-26 00:00:00+00:00,7.375014524394774,-0.4479294398923626,3.4830779481469,-0.2450831832730666,7.5437982759038995,-0.3408044974153873,10.26593499729928,-0.2590936369013341,8.052373435755444,-0.0975944066888635,4.789531429215603,-0.2280666019053413,3.4805340228066144,-0.2273855525489361,3.1795032856039636,-0.3753758249740813,5.818995762579971,-0.4577937186811184,5.27345193885841,-0.4486690647499386,1.2593017641853317,-0.2543011193655764
2026-03-27 00:00:00+00:00,7.116426161485622,-0.4672865573429602,3.4220147853885736,-0.2583179167860848,7.279291888854722,-0.3639177109943692,10.26593499729928,-0.2590936369013341,8.052373435755444,-0.0975944066888635,4.789531429215603,-0.2280666019053413,3.4805340228066144,-0.2273855525489361,3.1795032856039636,-0.3753758249740813,5.614965711785687,-0.4768049672937867,5.101047046119759,-0.466693719541021,1.237027350271223,-0.267490972659623
2026-03-28 00:00:00+00:00,7.113184470342951,-0.467529220220289,3.4212353832864397,-0.2584868431674787,7.261093659132586,-0.3655079167168833,10.26593499729928,-0.2590936369013341,8.052373435755444,-0.0975944066888635,4.789531429215603,-0.2280666019053413,3.4805340228066144,-0.2273855525489361,3.1795032856039636,-0.3753758249740813,5.6124079694300075,-0.4770432943226811,5.09812085652243,-0.4669996479662952,1.2367351234588406,-0.2676640155418633
2026-03-29 00:00:00+00:00,7.073951970265853,-0.4704660426794642,3.411800536067295,-0.2605317370616195,7.261093659132586,-0.3655079167168833,10.26593499729928,-0.2590936369013341,8.052373435755444,-0.0975944066888635,4.789531429215603,-0.2280666019053413,3.4805340228066144,-0.2273855525489361,3.1795032856039636,-0.3753758249740813,5.581452945416304,-0.4799276422657642,5.070485120139111,-0.4698889198442215,1.2332750893058169,-0.2697128839451692
2026-03-30 00:00:00+00:00,7.158229510174713,-0.4641572891837148,3.432124264377022,-0.2561268042671165,7.3294480306608625,-0.3595349449266164,10.26593499729928,-0.2590936369013341,8.052373435755444,-0.0975944066888635,4.789531429215603,-0.2280666019053413,3.4805340228066144,-0.2273855525489361,3.1795032856039636,-0.3753758249740813,5.647949173456013,-0.473731612229276,5.130456639771362,-0.4636189937330955,1.2409423612377308,-0.265172688529143
2026-03-31 00:00:00+00:00,7.31759319001534,-0.4522278216959678,3.4703289595229365,-0.2478463789441859,7.311124410584211,-0.3611361075642998,10.26593499729928,-0.2590936369013341,8.052373435755444,-0.0975944066888635,4.789531429215603,-0.2280666019053413,3.4805340228066144,-0.2273855525489361,3.1795032856039636,-0.3753758249740813,5.77368947873058,-0.4620152979172347,5.244507321878806,-0.4516951779931882,1.256816641855475,-0.2557726911463184
2026-04-01 00:00:00+00:00,7.299315410137848,-0.4535960392284369,3.4659948904391844,-0.2487857382364238,7.274584977305238,-0.3643290124119051,10.26593499729928,-0.2590936369013341,8.052373435755444,-0.0975944066888635,4.789531429215603,-0.2280666019053413,3.4805340228066144,-0.2273855525489361,3.1795032856039636,-0.3753758249740813,5.759268039517858,-0.4633590684312261,5.231422046528643,-0.4530632225265326,1.2549213016887335,-0.2568950218544588
2026-04-02 00:00:00+00:00,7.169440939177899,-0.4633180366142557,3.435160200646188,-0.2554688002321152,7.256398514861975,-0.3659181898808753,10.26593499729928,-0.2590936369013341,8.052373435755444,-0.0975944066888635,4.789531429215603,-0.2280666019053413,3.4805340228066144,-0.2273855525489361,3.1795032856039636,-0.3753758249740813,5.656795157100683,-0.4729073552453772,5.138292821864741,-0.4627997334738909,1.240583771244357,-0.2653850285450712
2026-04-03 00:00:00+00:00,7.176118287115085,-0.4628181911965251,3.436759890222703,-0.2551220860382809,7.256398514861975,-0.3659181898808753,10.26593499729928,-0.2590936369013341,8.052373435755444,-0.0975944066888635,4.789531429215603,-0.2280666019053413,3.4805340228066144,-0.2273855525489361,3.1795032856039636,-0.3753758249740813,5.662063683586053,-0.4724164409587519,5.143078434755036,-0.4622994053280878,1.2412564358903282,-0.2649867083903563
2026-04-04 00:00:00+00:00,7.212138030152271,-0.4601218656980875,3.445385110932108,-0.2532526693159318,7.256398514861975,-0.3659181898808753,10.26593499729928,-0.2590936369013341,8.052373435755444,-0.0975944066888635,4.789531429215603,-0.2280666019053413,3.4805340228066144,-0.2273855525489361,3.1795032856039636,-0.3753758249740813,5.690483794679978,-0.469768292828107,5.168893555998591,-0.459600475840568,1.2452357334320547,-0.262630356793806
2026-04-05 00:00:00+00:00,7.397933548681825,-0.4462137932948651,3.48976426109142,-0.243634002359271,7.256398514861975,-0.3659181898808753,10.26593499729928,-0.2590936369013341,8.052373435755444,-0.0975944066888635,4.789531429215603,-0.2280666019053413,3.4805340228066144,-0.2273855525489361,3.1795032856039636,-0.3753758249740813,5.837079212418297,-0.4561087268903857,5.302052025019261,-0.4456789716507479,1.2695283973466538,-0.2482453914074803
2026-04-06 00:00:00+00:00,7.378588421902482,-0.4476619090838034,3.485201505044979,-0.2446229269028383,7.219282496927532,-0.369161478102723,10.26593499729928,-0.2590936369013341,8.052373435755444,-0.0975944066888635,4.789531429215603,-0.2280666019053413,3.4805340228066144,-0.2273855525489361,3.1795032856039636,-0.3753758249740813,5.821815620681194,-0.4575309680558742,5.288187495426001,-0.4471284859643474,1.2665350380840252,-0.2500179170363338
2026-04-07 00:00:00+00:00,7.707639898102249,-0.4230301429809756,3.562913570992751,-0.2277797363914754,7.541229653603963,-0.3410289499002005,10.698084157860848,-0.2279048496206777,8.052373435755444,-0.0975944066888635,4.789531429215603,-0.2280666019053413,3.4805340228066144,-0.2273855525489361,3.1795032856039636,-0.3753758249740813,6.081442112174003,-0.4333393170858844,5.524016600167204,-0.422472931617094,1.3186946685259435,-0.2191314534888091
2026-04-08 00:00:00+00:00,7.616091325332884,-0.4298831832941383,3.5417540684318376,-0.2323658135779789,7.45165764182855,-0.3488559708729655,10.571016164419708,-0.2370755179437761,8.052373435755444,-0.0975944066888635,4.789531429215603,-0.2280666019053413,3.4805340228066144,-0.2273855525489361,3.1795032856039636,-0.3753758249740813,6.009208931445603,-0.4400699087392483,5.4584043190558225,-0.4293325902862993,1.3058543917385572,-0.226734857454168
2026-04-09 00:00:00+00:00,7.693038892542281,-0.4241231286681174,3.5596457498454597,-0.2284879987889502,7.526943888109343,-0.3422772749508732,10.677818189505423,-0.2293674718672476,8.052373435755444,-0.0975944066888635,4.789531429215603,-0.2280666019053413,3.4805340228066144,-0.2273855525489361,3.1795032856039636,-0.3753758249740813,6.069921702390155,-0.4344127735383429,5.513552152144372,-0.4235669728603242,1.3166217754905165,-0.2203589225991957
2026-04-10 00:00:00+00:00,7.81892688712182,-0.4146995464570631,3.5887705645721883,-0.2221755324162233,7.650113923335003,-0.3315143766993005,10.852548765697474,-0.2167569307170607,8.052373435755444,-0.0975944066888635,4.789531429215603,-0.2280666019053413,3.4805340228066144,-0.2273855525489361,3.1795032856039636,-0.3753758249740813,6.16924919586084,-0.425157569880386,5.603775278939691,-0.4141342897802512,1.3352147071024716,-0.2093490688174719
2026-04-11 00:00:00+00:00,7.827549249744609,-0.4140541033129352,3.590749332350968,-0.2217466574111741,7.658550126576817,-0.3307772006730463,10.864516470753456,-0.2158932053155265,8.052373435755444,-0.0975944066888635,4.789531429215603,-0.2280666019053413,3.4805340228066144,-0.2273855525489361,3.1795032856039636,-0.3753758249740813,6.176052367759619,-0.424523659376424,5.609954871511559,-0.4134882232963591,1.3363913146736204,-0.2086523375226348
2026-04-12 00:00:00+00:00,7.580839943469018,-0.432521991674214,3.534162573933398,-0.2340111821130159,7.417167347814198,-0.3518698169310851,10.522087795315,-0.240606744277788,8.052373435755444,-0.0975944066888635,4.789531429215603,-0.2280666019053413,3.4805340228066144,-0.2273855525489361,3.1795032856039636,-0.3753758249740813,5.981395068705075,-0.4426615674551104,5.433139877388954,-0.4319739471080286,1.295219827021033,-0.2330321431655259
2026-04-13 00:00:00+00:00,7.974880629370388,-0.4030253362505259,3.6260128078853366,-0.2141037073843748,7.398624429444663,-0.3534901423887573,11.069010131480706,-0.2011346222457898,8.052373435755444,-0.0975944066888635,4.789531429215603,-0.2280666019053413,3.4805340228066144,-0.2273855525489361,3.1795032856039636,-0.3753758249740813,6.292299009837632,-0.4136919519670031,5.715546336283898,-0.4024488051500812,1.3606866310508074,-0.1942658014735505
2026-04-14 00:00:00+00:00,7.9441847612412335,-0.4053231330962132,3.619034420611704,-0.2156161920272469,7.351650050284724,-0.3575948782719853,11.02640474450289,-0.2042095104388719,8.052373435755444,-0.0975944066888635,4.789531429215603,-0.2280666019053413,3.4805340228066144,-0.2273855525489361,3.1795032856039636,-0.3753758249740813,6.268079514949664,-0.4159486922696982,5.693546802400155,-0.4047488211039225,1.3563279346023194,-0.1968468151392984
2026-04-15 00:00:00+00:00,8.016888660045677,-0.3998807462368774,3.635594830533793,-0.2120269149199894,7.418931166895872,-0.3517156901154561,11.127316623923468,-0.1969265641125392,8.052373435755444,-0.0975944066888635,4.789531429215603,-0.2280666019053413,3.4805340228066144,-0.2273855525489361,3.1795032856039636,-0.3753758249740813,6.325443968628596,-0.4106035488157095,5.745653225274361,-0.3993011782337781,1.3616339111000266,-0.1937048670792379
2026-04-16 00:00:00+00:00,8.053784999233178,-0.3971188014876449,3.643960927763272,-0.2102136602116742,7.400383838978633,-0.3533364008901674,11.178528168178676,-0.1932305579511156,8.052373435755444,-0.0975944066888635,4.789531429215603,-0.2280666019053413,3.4805340228066144,-0.2273855525489361,3.1795032856039636,-0.3753758249740813,6.354555727076882,-0.4078909539050199,5.772096597415727,-0.3965365661233621,1.3652426649182436,-0.1915679339316294
2026-04-17 00:00:00+00:00,8.259293214810485,-0.3817350981328646,3.690452354339059,-0.2001371817985626,7.570718275096424,-0.338452162192695,11.46377037129706,-0.1726442437605142,8.052373435755444,-0.0975944066888635,4.789531429215603,-0.2280666019053413,3.4805340228066144,-0.2273855525489361,3.1795032856039636,-0.3753758249740813,6.516704754941727,-0.3927821232742361,5.919383031308325,-0.3811380058844248,1.398364832381777,-0.1719545545938173
2026-04-18 00:00:00+00:00,8.111382081496052,-0.3928072637462274,3.6574072150047168,-0.2072993331388311,7.435138451139357,-0.3502994580673986,11.258472021477685,-0.1874609023264265,8.052373435755444,-0.0975944066888635,4.789531429215603,-0.2280666019053413,3.4805340228066144,-0.2273855525489361,3.1795032856039636,-0.3753758249740813,6.400000678611013,-0.4036564537985766,5.813376060746603,-0.3922208644940116,1.37341361674618,-0.1867294831288928
2026-04-19 00:00:00+00:00,7.908846577069082,-0.4079684392260623,3.6117457723711826,-0.2171959221423607,7.249488274442451,-0.3665220235518893,10.977355895145935,-0.2077494319950473,8.052373435755444,-0.0975944066888635,4.789531429215603,-0.2280666019053413,3.4805340228066144,-0.2273855525489361,3.1795032856039636,-0.3753758249740813,6.240197163901427,-0.4185467326349295,5.66822015006981,-0.4073966819506576,1.33936361511046,-0.206892281933342
2026-04-20 00:00:00+00:00,8.12737192398855,-0.3916103140627159,3.6616429343783903,-0.2063812900075187,7.449795224984945,-0.3490187134016416,11.28066567386897,-0.1858591565252471,8.052373435755444,-0.0975944066888635,4.789531429215603,-0.2280666019053413,3.4805340228066144,-0.2273855525489361,3.1795032856039636,-0.3753758249740813,6.412616901318155,-0.4024808909562181,5.824835879385039,-0.3910227588506914,1.3752807352873877,-0.1856238639311853
2026-04-21 00:00:00+00:00,8.180437068452296,-0.3876380230347608,3.673596713109368,-0.2037904468734312,7.498436343360779,-0.3447683337783617,11.354319268072558,-0.1805434773762089,8.052373435755444,-0.0975944066888635,4.789531429215603,-0.2280666019053413,3.4805340228066144,-0.2273855525489361,3.1795032856039636,-0.3753758249740813,6.454486086762311,-0.3985795759754591,5.862867331656204,-0.3870466315639185,1.3838801988110958,-0.1805316687909409
2026-04-22 00:00:00+00:00,8.377840520356205,-0.3728610169828689,3.717920791762041,-0.1941837160281935,7.679382325302206,-0.3289568323113168,11.628312185416846,-0.1607690392994283,8.052373435755444,-0.0975944066888635,4.789531429215603,-0.2280666019053413,3.4805340228066144,-0.2273855525489361,3.1795032856039636,-0.3753758249740813,6.610240335970624,-0.3840666023098088,6.004345132859138,-0.3722553545486545,1.4163659765219114,-0.1612951293335652
2026-04-23 00:00:00+00:00,8.386333215333288,-0.372225280353834,3.719805237232008,-0.1937752842914762,7.687166986700656,-0.3282765896013025,11.640099913799723,-0.1599183030569281,8.052373435755444,-0.0975944066888635,4.789531429215603,-0.2280666019053413,3.4805340228066144,-0.2273855525489361,3.1795032856039636,-0.3753758249740813,6.616941198175174,-0.3834422248870027,6.010431793452234,-0.3716190039539684,1.4177562778903807,-0.1604718586897076
2026-04-24 00:00:00+00:00,8.29842176644433,-0.3788060569295906,3.700308428579575,-0.1980009918246825,7.606584690445527,-0.3353180672941769,11.518080191668556,-0.1687246308365504,8.052373435755444,-0.0975944066888635,4.789531429215603,-0.2280666019053413,3.4805340228066144,-0.2273855525489361,3.1795032856039636,-0.3753758249740813,6.547577762093115,-0.3899054175532366,5.947426215943752,-0.3782061359457774,1.403077709874018,-0.1691638116833562
2026-04-25 00:00:00+00:00,8.318554543798834,-0.3772989800778964,3.704797082436434,-0.1970281280727209,7.625039003845235,-0.333705484354992,11.546024173135956,-0.1667078760368215,8.052373435755444,-0.0975944066888635,4.789531429215603,-0.2280666019053413,3.4805340228066144,-0.2273855525489361,3.1795032856039636,-0.3753758249740813,6.5634628218075495,-0.3884252688286613,5.961855249705583,-0.3766976036274972,1.4063925236131414,-0.1672009359334164
2026-04-26 00:00:00+00:00,8.429206054191098,-0.3690159534998536,3.7294372642558846,-0.1916876539576902,7.72646552910669,-0.3248425870650822,11.699606746533336,-0.155623614747312,8.052373435755444,-0.0975944066888635,4.789531429215603,-0.2280666019053413,3.4805340228066144,-0.2273855525489361,3.1795032856039636,-0.3753758249740813,6.650768503439207,-0.3802902415994057,6.0411584849788005,-0.3684065776774241,1.4248293676230483,-0.1562835098393514
2026-04-27 00:00:00+00:00,8.291369346804686,-0.3793339790438716,3.698944869740648,-0.1982965274151651,7.600120229036922,-0.3358829477073761,11.508291543026573,-0.1694310908001962,8.052373435755444,-0.0975944066888635,4.789531429215603,-0.2280666019053413,3.4805340228066144,-0.2273855525489361,3.1795032856039636,-0.3753758249740813,6.542013298475685,-0.3904239068679983,5.942371791544614,-0.3787345679033332,1.4017977706541953,-0.1699217310880983
2026-04-28 00:00:00+00:00,8.18114648978666,-0.3875849179687139,3.67435856472626,-0.2036253243565067,7.499086620439112,-0.3447115109803768,11.355303933837794,-0.1804724127209992,8.052373435755444,-0.0975944066888635,4.789531429215603,-0.2280666019053413,3.4805340228066144,-0.2273855525489361,3.1795032856039636,-0.3753758249740813,6.455045830709241,-0.3985274197793836,5.86337576942436,-0.3869934752114033,1.383247871165339,-0.1809061032839634
2026-04-29 00:00:00+00:00,8.120838174931734,-0.3920994101166244,3.660815574542179,-0.2065606106724989,7.443806192739351,-0.3495420496543805,11.271596931919396,-0.1865136598527577,8.052373435755444,-0.0975944066888635,4.789531429215603,-0.2280666019053413,3.4805340228066144,-0.2273855525489361,3.1795032856039636,-0.3753758249740813,6.407461676477633,-0.4029612479463568,5.820153182900988,-0.3915123272514232,1.373092672515397,-0.1869195311066276
2026-04-30 00:00:00+00:00,8.181553710492187,-0.3875544346981733,3.674500638411726,-0.2035945315301706,7.499459891269575,-0.3446788936643128,11.355869149835966,-0.1804316203207276,8.052373435755444,-0.0975944066888635,4.789531429215603,-0.2280666019053413,3.4805340228066144,-0.2273855525489361,3.1795032856039636,-0.3753758249740813,6.455367133881196,-0.3984974811774067,5.863667621919677,-0.3869629625015003,1.3833167891146994,-0.1808652933374079
2026-05-01 00:00:00+00:00,8.3835094612305,-0.3724366577692921,3.719851837051855,-0.1937651843200766,7.684578648178903,-0.3285027649376919,11.63618058707558,-0.1602011661482828,8.052373435755444,-0.0975944066888635,4.789531429215603,-0.2280666019053413,3.4805340228066144,-0.2273855525489361,3.1795032856039636,-0.3753758249740813,6.614713214338079,-0.3836498254559735,6.008408026807086,-0.3718305855081636,1.4173642275193497,-0.1607040123570371
2026-05-02 00:00:00+00:00,8.432345940157392,-0.3687809114401598,3.730686468222217,-0.1914169034617939,7.729343643667886,-0.3245910903912218,11.70396485936133,-0.1553090838715357,8.052373435755444,-0.0975944066888635,4.789531429215603,-0.2280666019053413,3.4805340228066144,-0.2273855525489361,3.1795032856039636,-0.3753758249740813,6.6532459200019,-0.3800593992210054,6.043408821324261,-0.3681713086247514,1.4255552943751175,-0.1558536503872042
2026-05-03 00:00:00+00:00,8.419670659881186,-0.3697297433452984,3.727882533413153,-0.1920246238665282,7.717725097923928,-0.325606347271228,11.68637176771304,-0.1565788010041908,8.020138386548501,-0.1012068929871068,4.789531429215603,-0.2280666019053413,3.4805340228066144,-0.2273855525489361,3.1795032856039636,-0.3753758249740813,6.643244936007525,-0.3809912776004314,6.03432452839112,-0.3691210568687828,1.423396407497014,-0.1571320409796764
2026-05-04 00:00:00+00:00,8.558172851631102,-0.3593619017196865,3.758544059399207,-0.1853790931210284,7.8446804011140046,-0.3145126830676824,11.878610653153656,-0.1427046615813894,8.00008804058213,-0.1034538757546391,4.789531429215603,-0.2280666019053413,3.4805340228066144,-0.2273855525489361,3.1795032856039636,-0.3753758249740813,6.7525252179967925,-0.3708086863533449,6.133588170245283,-0.3587432024511638,1.446805074572051,-0.1432705366671723
2026-05-05 00:00:00+00:00,8.670106035612339,-0.3509829330585742,3.7831232430050936,-0.180051839662525,7.9472817471997566,-0.3055471270672137,12.03397216953475,-0.1314920115794469,8.084721758359352,-0.0939692261771922,4.789531429215603,-0.2280666019053413,3.4805340228066144,-0.2273855525489361,3.1795032856039636,-0.3753758249740813,6.84084215908544,-0.362579431313657,6.213809972845864,-0.3503561417615013,1.4657259188893426,-0.1320665085070196
2026-05-06 00:00:00+00:00,8.72813391451632,-0.3466391472256902,3.7957832160505345,-0.1773079370873909,8.000471858248929,-0.3008992453631673,12.114513961863397,-0.1256792018892077,8.13883173731918,-0.0879052814214166,4.789531429215603,-0.2280666019053413,3.4805340228066144,-0.2273855525489361,3.1795032856039636,-0.3753758249740813,6.88662701555411,-0.3583132593177541,6.255398185395467,-0.3460081608969378,1.4755347794587566,-0.1262581656975875
2026-05-07 00:00:00+00:00,8.573710464813784,-0.3581988045103014,3.7622045642856574,-0.1845857210697475,7.858922647879448,-0.3132681607897645,11.900176618304872,-0.1411482168141954,7.994834579881551,-0.1040426155042627,4.789531429215603,-0.2280666019053413,3.4805340228066144,-0.2273855525489361,3.1795032856039636,-0.3753758249740813,6.764784625076135,-0.3696663711163396,6.144723879007343,-0.3575789819751567,1.4494313678350637,-0.1417153701438306
2026-05-08 00:00:00+00:00,8.593768227827796,-0.3566973429979173,3.766605308156725,-0.1836319107893476,7.877308200863019,-0.3116615863035388,11.928016481035767,-0.1391389764039902,8.013538091972098,-0.1019465684120939,4.789531429215603,-0.2280666019053413,3.4805340228066144,-0.2273855525489361,3.1795032856039636,-0.3753758249740813,6.780610497364157,-0.3681917373973916,6.159099150467406,-0.3560760704192269,1.4528214599503035,-0.1397079181037571
2026-05-09 00:00:00+00:00,8.645767097023125,-0.3528048700072984,3.7780007293233706,-0.1811620851924316,7.924971939038037,-0.3074966125473208,12.000190101770462,-0.1339301089346098,8.062026125159557,-0.0965126584343565,4.789531429215603,-0.2280666019053413,3.4805340228066144,-0.2273855525489361,3.1795032856039636,-0.3753758249740813,6.821638375818593,-0.3643688142823351,6.196366410020572,-0.3521798382544371,1.4616112490393909,-0.1345030211750331
2026-05-10 00:00:00+00:00,8.80990597545276,-0.3405179460628977,3.813863180593368,-0.1733893141101263,8.075426605589016,-0.2943495166274754,12.2280123091169,-0.117487873217886,8.215082749424829,-0.0793600567905973,4.789531429215603,-0.2280666019053413,3.4805340228066144,-0.2273855525489361,3.1795032856039636,-0.3753758249740813,6.951146383551644,-0.352301430469218,6.314003702520626,-0.3398810481552179,1.4893590854084306,-0.1180720662531157
2026-05-11 00:00:00+00:00,8.7601371754369,-0.3442434830377413,3.8030905688054744,-0.1757241529853455,8.029807016356605,-0.2983358676607233,12.158933989677443,-0.1224733486215702,8.16867421661993,-0.0845609233319507,4.789531429215603,-0.2280666019053413,3.4805340228066144,-0.2273855525489361,3.1795032856039636,-0.3753758249740813,6.911878062730982,-0.3559604003455542,6.278334719395752,-0.343610183084987,1.480945528842529,-0.1230541760950773
2026-05-12 00:00:00+00:00,8.62712817667784,-0.3542001213875888,3.7742185740743177,-0.1819818235512877,7.907886940211129,-0.3089895414375769,11.974319570570032,-0.1357972200343961,8.044645658963537,-0.0984604356996283,4.789531429215603,-0.2280666019053413,3.4805340228066144,-0.2273855525489361,3.1795032856039636,-0.3753758249740813,6.80693199142443,-0.3657391356091322,6.183008014096821,-0.3535764371053363,1.4584600493925746,-0.1363690124061393
2026-05-13 00:00:00+00:00,8.499511637366687,-0.363753097060174,3.7463035655591255,-0.1880320784353066,7.790909755694297,-0.3192112932817124,11.797189801206803,-0.1485809141888925,7.925645475129854,-0.111796433136078,4.789531429215603,-0.2280666019053413,3.4805340228066144,-0.2273855525489361,3.1795032856039636,-0.3753758249740813,6.70624065054227,-0.3751214207539012,6.091546050262175,-0.3631386386092868,1.436886190061465,-0.1491440304452672
2026-05-14 00:00:00+00:00,8.689874457598744,-0.3495031307121002,3.788256382533336,-0.1789392911034156,7.965402081435368,-0.3039637280424018,12.061410431424845,-0.1295117552431184,8.103155465018238,-0.0919034153790279,4.789531429215603,-0.2280666019053413,3.4805340228066144,-0.2273855525489361,3.1795032856039636,-0.3753758249740813,6.856439737014445,-0.3611260697592712,6.227977875427676,-0.3488749102889238,1.4690672172763315,-0.1300879498025813
2026-05-15 00:00:00+00:00,8.478036103317384,-0.3653606884855187,3.7420820677266367,-0.1889470392122303,7.771224630845723,-0.3209314275288654,11.767382094355964,-0.150732176561095,7.905619916424155,-0.1140406380688696,4.789531429215603,-0.2280666019053413,3.4805340228066144,-0.2273855525489361,3.1795032856039636,-0.3753758249740813,6.689296135895054,-0.3767002880792053,6.076154671298685,-0.3647477825736417,1.4332558753642777,-0.1512937309245596
2026-05-16 00:00:00+00:00,8.374606330647588,-0.3731031183262662,3.719255867598447,-0.1938943537987192,7.676417769075014,-0.3292158824688967,11.623823180462969,-0.1610930168363195,7.8091734681187965,-0.1248491052990762,4.789531429215603,-0.2280666019053413,3.4805340228066144,-0.2273855525489361,3.1795032856039636,-0.3753758249740813,6.607688512357588,-0.3843043778381403,6.002027209620026,-0.3724976897025678,1.4157725104171075,-0.1616465518620115
2026-05-17 00:00:00+00:00,8.300622901521045,-0.3786412868304056,3.702827435501468,-0.1974550262404784,7.608602317513343,-0.3351417621173477,11.52113533287972,-0.1685041371782415,7.740185218521783,-0.1325804136897991,4.789531429215603,-0.2280666019053413,3.4805340228066144,-0.2273855525489361,3.1795032856039636,-0.3753758249740813,6.549314490290992,-0.3897435915309721,5.949003755484222,-0.3780412067190916,1.4032659131275025,-0.1690523666274958
2026-05-18 00:00:00+00:00,8.251777849526668,-0.382297674912602,3.69193278333144,-0.1998163159554904,7.5638294636910866,-0.3390541233441559,11.453339161309795,-0.1733970782423628,7.694638064539457,-0.1376847480628855,4.789531429215603,-0.2280666019053413,3.4805340228066144,-0.2273855525489361,3.1795032856039636,-0.3753758249740813,6.5107750203498655,-0.3933346480522978,5.913996816703986,-0.3817011259753439,1.395008739742302,-0.1739418737541148
2026-05-19 00:00:00+00:00,8.233826917847034,-0.3836414256095055,3.6879170648785258,-0.2006866764344911,7.547375096109328,-0.3404919461372727,11.428423547664169,-0.1751952716553749,7.677899135703171,-0.1395606301401906,4.789531429215603,-0.2280666019053413,3.4805340228066144,-0.2273855525489361,3.1795032856039636,-0.3753758249740813,6.496611469209371,-0.3946543888989129,5.901131497890741,-0.3830461744058282,1.391974113669055,-0.1757388356343581
2026-05-20 00:00:00+00:00,8.310756267288024,-0.3778827347087458,3.705145327229928,-0.1969526500458549,7.617890867441893,-0.3343301059576131,11.535200286771014,-0.1674890505020166,7.74963440430627,-0.1315214714819906,4.789531429215603,-0.2280666019053413,3.4805340228066144,-0.2273855525489361,3.1795032856039636,-0.3753758249740813,6.5573098660646485,-0.3889985930565173,5.9562662744202886,-0.3772819220221384,1.40497898229375,-0.1680379681758691
2026-05-21 00:00:00+00:00,8.3175386353019,-0.3773750278159808,3.706657202824998,-0.1966249685157518,7.6241077913524045,-0.3337868559750665,11.544614107961584,-0.1668096423406556,7.755958843480342,-0.1308127103532659,4.789531429215603,-0.2280666019053413,3.4805340228066144,-0.2273855525489361,3.1795032856039636,-0.3753758249740813,6.562661254946997,-0.3884999577620136,5.961127154533061,-0.3767737248090443,1.4061255378154254,-0.1673590322818567
2026-05-22 00:00:00+00:00,8.095065390805704,-0.3940286802653037,3.657085322831095,-0.2073690995404613,7.420182078337747,-0.3516063824210484,11.235824708877349,-0.1890953893962439,7.548506446353556,-0.1540612848271909,4.789531429215603,-0.2280666019053413,3.4805340228066144,-0.2273855525489361,3.1795032856039636,-0.3753758249740813,6.387126567831649,-0.4048560463083108,5.801681992079035,-0.3934434606018591,1.368515754412782,-0.1896297653038164
2026-05-23 00:00:00+00:00,8.225002016504918,-0.3843020301697707,3.686435878002799,-0.2010077065400035,7.401631623141903,-0.3532273664649958,11.416174722019624,-0.1760792859086228,7.66967007003743,-0.1404828371073334,4.789531429215603,-0.2280666019053413,3.4805340228066144,-0.2273855525489361,3.1795032856039636,-0.3753758249740813,6.4896484912592785,-0.3953031899180687,5.894806747104098,-0.3837074169480668,1.3904796901927805,-0.1766237624605926
2026-05-24 00:00:00+00:00,8.258538784871837,-0.3817915724024968,3.6939514473541486,-0.1993787939015051,7.401631623141903,-0.3532273664649958,11.462723234289935,-0.1727198170494371,7.700942518125999,-0.1369782266596425,4.789531429215603,-0.2280666019053413,3.4805340228066144,-0.2273855525489361,3.1795032856039636,-0.3753758249740813,6.516109498538953,-0.3928375884736876,5.918842336159112,-0.3811945346943498,1.3961487728147752,-0.1732668001457018
2026-05-25 00:00:00+00:00,8.286085122333782,-0.3797295395886999,3.700112030708389,-0.1980435587892854,7.401631623141903,-0.3532273664649958,11.500957121745069,-0.1699604258679269,7.726628994499753,-0.1340996194841229,4.789531429215603,-0.2280666019053413,3.4805340228066144,-0.2273855525489361,3.1795032856039636,-0.3753758249740813,6.537843967052263,-0.3908123996215447,5.9385846214014535,-0.3791305104626262,1.4008053845072688,-0.1705093751778363
2026-05-26 00:00:00+00:00,8.13691374809909,-0.3908960429024721,3.6668061457039376,-0.2052622237345274,7.401631623141903,-0.3532273664649958,11.293909577152409,-0.1849033261778366,7.587529305286504,-0.1496881088376472,4.789531429215603,-0.2280666019053413,3.4805340228066144,-0.2273855525489361,3.1795032856039636,-0.3753758249740813,6.42014554195782,-0.4017793822404241,5.831674444170018,-0.3903077978797022,1.375587873904185,-0.1854419909843992
2026-05-27 00:00:00+00:00,7.978235913657244,-0.4027741701450983,3.631052979544699,-0.2130113085344243,7.401631623141903,-0.3532273664649958,11.07366721382353,-0.2007985143372378,7.439565008724042,-0.1662700284286364,4.789531429215603,-0.2280666019053413,3.4805340228066144,-0.2273855525489361,3.1795032856039636,-0.3753758249740813,6.294946378867596,-0.4134452736438727,5.717951047238726,-0.4021973964798018,1.3487640473950904,-0.2013257910163192
2026-05-28 00:00:00+00:00,7.889098516117967,-0.4094467174090082,3.6107688831337494,-0.2174076515737421,7.401631623141903,-0.3532273664649958,10.949945894055766,-0.2097276487113611,7.356445949463491,-0.1755849347212859,4.789531429215603,-0.2280666019053413,3.4805340228066144,-0.2273855525489361,3.1795032856039636,-0.3753758249740813,6.2246156511310256,-0.4199985972592158,5.654066840112767,-0.4088763877877396,1.3336958970124992,-0.2102484362417059
2026-05-29 00:00:00+00:00,7.872302805281901,-0.4107039918805365,3.60692526082804,-0.2182407122054371,7.401631623141903,-0.3532273664649958,10.926633708952313,-0.2114101205257089,7.340784243795106,-0.1773400955951204,4.789531429215603,-0.2280666019053413,3.4805340228066144,-0.2273855525489361,3.1795032856039636,-0.3753758249740813,6.211363586357281,-0.4212334070191705,5.64202946074676,-0.4101348764780257,1.33085656121272,-0.2119297564684035
2026-05-30 00:00:00+00:00,7.917697197613666,-0.407305909406604,3.6173246436040385,-0.2159867663971447,7.401631623141903,-0.3532273664649958,10.989640418643011,-0.206862841379676,7.383113718185001,-0.1725963570246081,4.789531429215603,-0.2280666019053413,3.4805340228066144,-0.2273855525489361,3.1795032856039636,-0.3753758249740813,6.247180434683436,-0.4178960407567011,5.674563333645637,-0.4067335122898982,1.338530424127346,-0.2073856581844781
2026-05-31 00:00:00+00:00,7.895193967099628,-0.4089904309804969,3.612184165996252,-0.2171009054000318,7.401631623141903,-0.3532273664649958,10.958406285102056,-0.2091170508883525,7.362129850557207,-0.1749479567942535,4.789531429215603,-0.2280666019053413,3.4805340228066144,-0.2273855525489361,3.1795032856039636,-0.3753758249740813,6.229425052294369,-0.4195504636590994,5.658435411147916,-0.4084196606984555,1.3347261415609115,-0.2096383741990882
2026-06-01 00:00:00+00:00,7.652416483899231,-0.4271639953427942,3.5566467729739086,-0.2291379923024498,7.401631623141903,-0.3532273664649958,10.62143491886698,-0.2334367284911525,7.13574410708327,-0.2003183352033885,4.789531429215603,-0.2280666019053413,3.4805340228066144,-0.2273855525489361,3.1795032856039636,-0.3753758249740813,6.0378700199185005,-0.4373993066571201,5.484438329670873,-0.4266107762663516,1.293684057557679,-0.2339415531277018
2026-06-02 00:00:00+00:00,7.212950328296465,-0.4600610595952716,3.454520478133289,-0.2512726842481797,7.401631623141903,-0.3532273664649958,10.011462738105456,-0.2774592427734146,6.725949627561281,-0.2462427863455348,4.789531429215603,-0.2280666019053413,3.4805340228066144,-0.2273855525489361,3.1795032856039636,-0.3753758249740813,5.691124709954564,-0.4697085731957422,5.169475724923464,-0.4595396110139714,1.2194003135847753,-0.2779288691986542
